in_product_family,in_bounding_box_x1,in_bounding_box_y1,in_bounding_box_x2,in_bounding_box_y2,in_bounding_box_x3,in_bounding_box_y3,in_bounding_box_x4,in_bounding_box_y4,out_bounding_box_x1,out_bounding_box_y1,out_bounding_box_x2,out_bounding_box_y2,out_bounding_box_x3,out_bounding_box_y3,out_bounding_box_x4,out_bounding_box_y4
ROOM,447.63465,302.00874,1261.15926,302.00874,1261.15926,790.22665,447.63465,790.22665,447.63465,302.00874,1261.15926,302.00874,1261.15926,790.22665,447.63465,790.22665
SOFA,-105,-45,105,-45,105,45,-105,45,1050.74755859375,302.0468444824219,1260.74755859375,302.0468444824219,1260.74755859375,392.0468444824219,1050.74755859375,392.0468444824219
TABLE,-60.15,-24.85,60.15,-24.85,60.15,24.85,-60.15,24.85,1104.8098388671874,428.9184936523437,1225.1098388671876,428.9184936523437,1225.1098388671876,478.6184936523438,1104.8098388671874,478.6184936523438
STORAGE_FURNITURE,-80,-20,80,-20,80,20,-80,20,1218.9130859375,639.49609375,1058.9130859375,639.49609375,1058.9130859375,599.49609375,1218.9130859375,599.49609375
TABLE,-70,-35,70,-35,70,35,-70,35,1000.205322265625,384.47174072265625,1000.205322265625,524.4717407226562,930.205322265625,524.4717407226562,930.205322265625,384.47174072265625
SEATING,-20.55,-25.4,20.55,-25.4,20.55,25.4,-20.55,25.4,879.3953491210938,504.4409606933594,879.3953491210938,463.34096069335936,930.1953491210937,463.34096069335936,930.1953491210937,504.4409606933594
SEATING,-20.55,-25.4,20.55,-25.4,20.55,25.4,-20.55,25.4,879.3952880859375,437.82139282226564,879.3952880859375,396.7213928222656,930.1952880859375,396.7213928222656,930.1952880859375,437.82139282226564
SEATING,-20.55,-25.4,20.55,-25.4,20.55,25.4,-20.55,25.4,1051.015234375,398.41310424804686,1051.015234375,439.5131042480469,1000.215234375,439.5131042480469,1000.215234375,398.41310424804686
SEATING,-20.55,-25.4,20.55,-25.4,20.55,25.4,-20.55,25.4,1051.015234375,465.479541015625,1051.015234375,506.579541015625,1000.215234375,506.579541015625,1000.215234375,465.479541015625
