in_product_family,in_bounding_box_x1,in_bounding_box_y1,in_bounding_box_x2,in_bounding_box_y2,in_bounding_box_x3,in_bounding_box_y3,in_bounding_box_x4,in_bounding_box_y4,out_bounding_box_x1,out_bounding_box_y1,out_bounding_box_x2,out_bounding_box_y2,out_bounding_box_x3,out_bounding_box_y3,out_bounding_box_x4,out_bounding_box_y4
ROOM,22.0279,-216,358,-216,358,216,22.0279,216,22.0279,-216,358,-216,358,216,22.0279,216
SOFA,-110,-49.5,110,-49.5,110,49.5,-110,49.5,224.423583984375,215.989990234375,4.423583984375,215.989990234375,4.423583984375,116.98999023437499,224.423583984375,116.98999023437501
STORAGE_FURNITURE,-38.5,-19.5,38.5,-19.5,38.5,19.5,-38.5,19.5,91.53047180175781,-212.48516845703125,168.5304718017578,-212.48516845703125,168.5304718017578,-173.48516845703125,91.53047180175781,-173.48516845703125
STORAGE_FURNITURE,-38.5,-19.5,38.5,-19.5,38.5,19.5,-38.5,19.5,168.53851318359375,-212.48617553710938,245.53851318359375,-212.48617553710938,245.53851318359375,-173.48617553710938,168.53851318359375,-173.48617553710938
TABLE,-55,-27.5,55,-27.5,55,27.5,-55,27.5,72.82295989990234,-16.530012130737305,182.82295989990234,-16.530012130737305,182.82295989990234,38.469987869262695,72.82295989990234,38.469987869262695
VEGETATION,-36.5,-29.15,36.5,-29.15,36.5,29.15,-36.5,29.15,284.994384765625,-215.99173583984376,357.994384765625,-215.99173583984376,357.994384765625,-157.69173583984374,284.994384765625,-157.69173583984374
