in_product_family,in_bounding_box_x1,in_bounding_box_y1,in_bounding_box_x2,in_bounding_box_y2,in_bounding_box_x3,in_bounding_box_y3,in_bounding_box_x4,in_bounding_box_y4,out_bounding_box_x1,out_bounding_box_y1,out_bounding_box_x2,out_bounding_box_y2,out_bounding_box_x3,out_bounding_box_y3,out_bounding_box_x4,out_bounding_box_y4
ROOM,-452.78916,-278.66484,-42.78916,-278.66484,-42.78916,274.02793,-452.78916,274.02793,-452.78916,-278.66484,-42.78916,-278.66484,-42.78916,274.02793,-452.78916,274.02793
SOFA,-80.75,-51.15,80.75,-51.15,80.75,51.15,-80.75,51.15,-323.36927795410156,69.22183380126953,-161.86927795410156,69.22183380126953,-161.86927795410156,171.52183380126954,-323.36927795410156,171.52183380126954
TABLE,-45,-27.5,45,-27.5,45,27.5,-45,27.5,-291.02259826660156,177.28738403320312,-201.02259826660156,177.28738403320312,-201.02259826660156,232.28738403320312,-291.02259826660156,232.28738403320312
