in_product_family,in_bounding_box_x1,in_bounding_box_y1,in_bounding_box_x2,in_bounding_box_y2,in_bounding_box_x3,in_bounding_box_y3,in_bounding_box_x4,in_bounding_box_y4,out_bounding_box_x1,out_bounding_box_y1,out_bounding_box_x2,out_bounding_box_y2,out_bounding_box_x3,out_bounding_box_y3,out_bounding_box_x4,out_bounding_box_y4
ROOM,-291.62186,-318.02169,315.5,-318.02169,315.5,-49.5,-291.62186,-49.5,-291.62186,-318.02169,315.5,-318.02169,315.5,-49.5,-291.62186,-49.5
STORAGE_FURNITURE,-70,-17.5,70,-17.5,70,17.5,-70,17.5,315.4900207519531,-211,315.4900207519531,-71,280.4900207519531,-71,280.4900207519531,-211
STORAGE_FURNITURE,-37.5,-3,37.5,-3,37.5,3,-37.5,3,-78.65893173217773,-316.7830505371094,-3.6589317321777344,-316.7830505371094,-3.6589317321777344,-310.7830505371094,-78.65893173217773,-310.7830505371094
STORAGE_FURNITURE,-80,-22.5,80,-22.5,80,22.5,-80,22.5,-261.08587646484375,-305.05621337890625,-101.08587646484375,-305.05621337890625,-101.08587646484375,-260.05621337890625,-261.08587646484375,-260.05621337890625
DECORATION,-30.15,-28.95,30.15,-28.95,30.15,28.95,-30.15,28.95,-291.62119140625,-214.60997314453124,-231.32119140625,-214.60997314453124,-231.32119140625,-156.70997314453126,-291.62119140625,-156.70997314453126
DECORATION,-75,-75,75,-75,75,75,-75,75,105.41632080078125,-200.06600189208984,255.41632080078125,-200.06600189208984,255.41632080078125,-50.066001892089844,105.41632080078125,-50.066001892089844
SEATING,-36.5,-40.5,36.5,-40.5,36.5,40.5,-36.5,40.5,-24.06666183471679,-126.49972534179688,-24.066661834716804,-199.49972534179688,56.933338165283196,-199.49972534179688,56.93333816528321,-126.49972534179688
SEATING,-36.5,-40.5,36.5,-40.5,36.5,40.5,-36.5,40.5,-24.066661834716804,-52.9678192138672,-24.06666183471679,-125.9678192138672,56.93333816528321,-125.96781921386717,56.933338165283196,-52.96781921386717
