in_product_family,in_bounding_box_x1,in_bounding_box_y1,in_bounding_box_x2,in_bounding_box_y2,in_bounding_box_x3,in_bounding_box_y3,in_bounding_box_x4,in_bounding_box_y4,out_bounding_box_x1,out_bounding_box_y1,out_bounding_box_x2,out_bounding_box_y2,out_bounding_box_x3,out_bounding_box_y3,out_bounding_box_x4,out_bounding_box_y4
ROOM,-1158.7569,-1557.76525,-46.36837,-1557.76525,-46.36837,-767.87629,-1158.7569,-767.87629,-1158.7569,-1557.76525,-46.36837,-1557.76525,-46.36837,-767.87629,-1158.7569,-767.87629
SOFA,-109.85,-92.25,109.85,-92.25,109.85,92.25,-109.85,92.25,-768.7083129882812,-1513.5017333984374,-768.7083129882812,-1293.8017333984376,-953.2083129882812,-1293.8017333984376,-953.2083129882812,-1513.5017333984374
TABLE,-70,-70,70,-70,70,70,-70,70,-1024.1920776367188,-1030.786376953125,-884.1920776367188,-1030.786376953125,-884.1920776367188,-890.786376953125,-1024.1920776367188,-890.786376953125
STORAGE_FURNITURE,-60,-17.5,60,-17.5,60,17.5,-60,17.5,-527.287841796875,-1270.6060791015625,-407.287841796875,-1270.6060791015625,-407.287841796875,-1235.6060791015625,-527.287841796875,-1235.6060791015625
STORAGE_FURNITURE,-105,-25,105,-25,105,25,-105,25,-1157.156494140625,-861.20751953125,-1157.156494140625,-1071.20751953125,-1107.156494140625,-1071.20751953125,-1107.156494140625,-861.20751953125
STORAGE_FURNITURE,-90,-23.05,90,-23.05,90,23.05,-90,23.05,-1158.7468994140625,-1353.8077392578125,-1158.7468994140625,-1533.8077392578125,-1112.6468994140625,-1533.8077392578125,-1112.6468994140625,-1353.8077392578125
