in_product_family,in_bounding_box_x1,in_bounding_box_y1,in_bounding_box_x2,in_bounding_box_y2,in_bounding_box_x3,in_bounding_box_y3,in_bounding_box_x4,in_bounding_box_y4,out_bounding_box_x1,out_bounding_box_y1,out_bounding_box_x2,out_bounding_box_y2,out_bounding_box_x3,out_bounding_box_y3,out_bounding_box_x4,out_bounding_box_y4
ROOM,158.48766,-109.3,472.19,-109.3,472.19,115.865,158.48766,115.865,158.48766,-109.3,472.19,-109.3,472.19,115.865,158.48766,115.865
TABLE,-20.5,-21.6,20.5,-21.6,20.5,21.6,-20.5,21.6,335.9439697265625,-109.29000244140624,376.9439697265625,-109.29000244140624,376.9439697265625,-66.09000244140626,335.9439697265625,-66.09000244140626
TABLE,-20.5,-21.6,20.5,-21.6,20.5,21.6,-20.5,21.6,249.33935546875,-108.19066009521484,290.33935546875,-108.19066009521484,290.33935546875,-64.99066009521485,249.33935546875,-64.99066009521485
