in_product_family,in_bounding_box_x1,in_bounding_box_y1,in_bounding_box_x2,in_bounding_box_y2,in_bounding_box_x3,in_bounding_box_y3,in_bounding_box_x4,in_bounding_box_y4,out_bounding_box_x1,out_bounding_box_y1,out_bounding_box_x2,out_bounding_box_y2,out_bounding_box_x3,out_bounding_box_y3,out_bounding_box_x4,out_bounding_box_y4
ROOM,-302.98217,-141.45368,267.01783,-141.45368,267.01783,249.27294,-302.98217,249.27294,-302.98217,-141.45368,267.01783,-141.45368,267.01783,249.27294,-302.98217,249.27294
TABLE,-59.7,-26.55,59.7,-26.55,59.7,26.55,-59.7,26.55,-79.99722785949707,6.339465332031249,39.40277214050293,6.339465332031249,39.40277214050293,59.43946533203125,-79.99722785949707,59.43946533203125
STORAGE_FURNITURE,-58.5,-25,58.5,-25,58.5,25,-58.5,25,-280.09733581542963,61.49805331230165,-280.09733581542974,-55.50194668769835,-230.09733581542972,-55.50194668769838,-230.09733581542966,61.49805331230162
DECORATION,-58.3,-11.85,58.3,-11.85,58.3,11.85,-58.3,11.85,-302.97219238281247,26.457659530639653,-302.9721923828125,-90.14234046936033,-279.27219238281253,-90.14234046936036,-279.2721923828125,26.45765953063964
DECORATION,-12.25,-12.15,12.25,-12.15,12.25,12.15,-12.25,12.15,-4.8875572739871025,33.19538083077036,-29.387557273987063,33.19538226127062,-29.387558692809773,8.895382261270658,-4.887558692809812,8.895380830770396
LIGHTING,-25,-100,25,-100,25,100,-25,100,-284.89804314349027,94.97886927561703,-303.5177089435814,48.57511893695457,-117.9027075889316,-25.903544263409998,-99.28304178884045,20.50020607525246
STORAGE_FURNITURE,-29.95,-8,29.95,-8,29.95,8,-29.95,8,193.95499884771124,-138.74366785866533,253.85499884771124,-138.7436673464128,253.8549987108825,-122.74366734641278,193.9549987108825,-122.74366785866535
SEATING,-31.75,-34.7,31.75,-34.7,31.75,34.7,-31.75,34.7,-58.751777055601195,-136.24185095936167,0.3369925389123978,-112.9874469075162,-25.078056928773805,-48.408539665638344,-84.1668265232874,-71.6629437174838
SOFA,-109.85,-92.25,109.85,-92.25,109.85,92.25,-109.85,92.25,170.65145874023443,-28.782014465331997,170.65145874023432,190.917985534668,-13.848541259765668,190.91798553466793,-13.848541259765582,-28.782014465332054
