in_product_family,in_bounding_box_x1,in_bounding_box_y1,in_bounding_box_x2,in_bounding_box_y2,in_bounding_box_x3,in_bounding_box_y3,in_bounding_box_x4,in_bounding_box_y4,out_bounding_box_x1,out_bounding_box_y1,out_bounding_box_x2,out_bounding_box_y2,out_bounding_box_x3,out_bounding_box_y3,out_bounding_box_x4,out_bounding_box_y4
ROOM,-529.58885,-169.01169,251.90575,-169.01169,251.90575,273.92451,-529.58885,273.92451,-529.58885,-169.01169,251.90575,-169.01169,251.90575,273.92451,-529.58885,273.92451
SOFA,-95,-49.5,95,-49.5,95,49.5,-95,49.5,251.8957366943359,77.93229675292967,251.89573669433597,267.9322967529297,152.89573669433597,267.9322967529297,152.8957366943359,77.9322967529297
STORAGE_FURNITURE,-80,-20,80,-20,80,20,-80,20,-89.5495300292969,273.92225646972656,-89.54953002929685,113.92225646972656,-49.549530029296854,113.92225646972656,-49.549530029296896,273.92225646972656
