in_product_family,in_bounding_box_x1,in_bounding_box_y1,in_bounding_box_x2,in_bounding_box_y2,in_bounding_box_x3,in_bounding_box_y3,in_bounding_box_x4,in_bounding_box_y4,out_bounding_box_x1,out_bounding_box_y1,out_bounding_box_x2,out_bounding_box_y2,out_bounding_box_x3,out_bounding_box_y3,out_bounding_box_x4,out_bounding_box_y4
ROOM,-16.99,-233.99997,468.76617,-233.99997,468.76617,52.00012,-16.99,52.00012,-16.99,-233.99997,468.76617,-233.99997,468.76617,52.00012,-16.99,52.00012
SEATING,-29,-28.5,29,-28.5,29,28.5,-29,28.5,71.94051361083984,-117.28334045410156,129.94051361083984,-117.28334045410156,129.94051361083984,-60.28334045410156,71.94051361083984,-60.28334045410156
STORAGE_FURNITURE,-20,-15,20,-15,20,15,-20,15,225.33975219726562,-233.98992919921875,265.3397521972656,-233.98992919921875,265.3397521972656,-203.98992919921875,225.33975219726562,-203.98992919921875
STORAGE_FURNITURE,-20,-15,20,-15,20,15,-20,15,424.8836669921875,-233.99227905273438,464.8836669921875,-233.99227905273438,464.8836669921875,-203.99227905273438,424.8836669921875,-203.99227905273438
TABLE,-75.35,-40.75,75.35,-40.75,75.35,40.75,-75.35,40.75,28.972326660156256,-91.73949432373047,179.67232666015624,-91.73949432373047,179.67232666015624,-10.239494323730469,28.972326660156256,-10.239494323730469
