in_product_family,in_bounding_box_x1,in_bounding_box_y1,in_bounding_box_x2,in_bounding_box_y2,in_bounding_box_x3,in_bounding_box_y3,in_bounding_box_x4,in_bounding_box_y4,out_bounding_box_x1,out_bounding_box_y1,out_bounding_box_x2,out_bounding_box_y2,out_bounding_box_x3,out_bounding_box_y3,out_bounding_box_x4,out_bounding_box_y4
ROOM,-442.71927,-186.995,-64.4954,-186.995,-64.4954,112.93116,-442.71927,112.93116,-442.71927,-186.995,-64.4954,-186.995,-64.4954,112.93116,-442.71927,112.93116
SOFA,-91,-45,91,-45,91,45,-91,45,-101.8863525390625,112.92115783691408,-283.8863525390625,112.92115783691405,-283.8863525390625,22.92115783691405,-101.8863525390625,22.921157836914077
SOFA,-98,-50,98,-50,98,50,-98,50,-430.97851562499994,53.92444992065431,-430.97851562500006,-142.0755500793457,-330.97851562500006,-142.0755500793457,-330.97851562499994,53.92444992065428
TABLE,-55,-30,55,-30,55,30,-55,30,-279.257568359375,-77.56818008422852,-169.257568359375,-77.56818008422852,-169.257568359375,-17.568180084228516,-279.257568359375,-17.568180084228516
STORAGE_FURNITURE,-44.95,-18.25,44.95,-18.25,44.95,18.25,-44.95,18.25,-154.39850158691405,-186.98548889160156,-64.49850158691406,-186.98548889160156,-64.49850158691406,-150.48548889160156,-154.39850158691405,-150.48548889160156
DECORATION,-20.35,-4.95,20.35,-4.95,20.35,4.95,-20.35,4.95,-442.70909423828124,-120.11319580078124,-442.70909423828124,-160.81319580078124,-432.80909423828126,-160.81319580078124,-432.80909423828126,-120.11319580078126
DECORATION,-20.35,-4.95,20.35,-4.95,20.35,4.95,-20.35,4.95,-442.70927734375,19.886796569824224,-442.70927734375,-20.81320343017578,-432.80927734375,-20.813203430175786,-432.80927734375,19.886796569824217
