in_product_family,in_bounding_box_x1,in_bounding_box_y1,in_bounding_box_x2,in_bounding_box_y2,in_bounding_box_x3,in_bounding_box_y3,in_bounding_box_x4,in_bounding_box_y4,out_bounding_box_x1,out_bounding_box_y1,out_bounding_box_x2,out_bounding_box_y2,out_bounding_box_x3,out_bounding_box_y3,out_bounding_box_x4,out_bounding_box_y4
ROOM,-300,-183.34143,294.00684,-183.34143,294.00684,171.54075,-300,171.54075,-300,-183.34143,294.00684,-183.34143,294.00684,171.54075,-300,171.54075
TABLE,-20,-20,20,-20,20,20,-20,20,-243.5622100830078,76.26776885986328,-203.5622100830078,76.26776885986328,-203.5622100830078,116.26776885986328,-243.5622100830078,116.26776885986328
SEATING,-60,-20,60,-20,60,20,-60,20,-161.33241271972656,171.5407409667969,-281.33241271972656,171.54074096679685,-281.33241271972656,131.54074096679685,-161.33241271972656,131.5407409667969
SEATING,-25.5,-24.4,25.5,-24.4,25.5,24.4,-25.5,24.4,-223.26210021972656,-142.38047637939454,-172.26210021972656,-142.38047637939454,-172.26210021972656,-93.58047637939453,-223.26210021972656,-93.58047637939453
STORAGE_FURNITURE,-60,-24,60,-24,60,24,-60,24,43.01257133483888,51.530754089355476,43.01257133483885,171.53075408935547,-4.9874286651611435,171.53075408935547,-4.987428665161122,51.53075408935546
VEGETATION,-34.4,-37.05,34.4,-37.05,34.4,37.05,-34.4,37.05,-310.6337646484375,76.2677719116211,-241.8337646484375,76.2677719116211,-241.8337646484375,150.3677719116211,-310.6337646484375,150.3677719116211
SEATING,-25.5,-24.4,25.5,-24.4,25.5,24.4,-25.5,24.4,294.0068115234375,120.53074645996094,294.0068115234375,171.53074645996094,245.20681152343752,171.53074645996094,245.2068115234375,120.53074645996094
DECORATION,-80,-115,80,-115,80,115,-80,115,-112.90609359741214,-183.3414306640625,47.09390640258786,-183.3414306640625,47.09390640258792,46.658569335937486,-112.90609359741208,46.658569335937514
SEATING,-28.55,-31.7,28.55,-31.7,28.55,31.7,-28.55,31.7,-174.6969482421875,29.839530658721927,-231.7969482421875,29.83953065872192,-231.7969482421875,-33.56046934127808,-174.6969482421875,-33.56046934127807
