in_product_family,in_bounding_box_x1,in_bounding_box_y1,in_bounding_box_x2,in_bounding_box_y2,in_bounding_box_x3,in_bounding_box_y3,in_bounding_box_x4,in_bounding_box_y4,out_bounding_box_x1,out_bounding_box_y1,out_bounding_box_x2,out_bounding_box_y2,out_bounding_box_x3,out_bounding_box_y3,out_bounding_box_x4,out_bounding_box_y4
ROOM,-446.08619,-820.01885,-31.08621,-820.01885,-31.08621,14.98115,-446.08619,14.98115,-446.08619,-820.01885,-31.08621,-820.01885,-31.08621,14.98115,-446.08619,14.98115
TABLE,-90,-40,90,-40,90,40,-90,40,-295.28489685058594,-684.1227416992188,-115.28489685058594,-684.1227416992188,-115.28489685058594,-604.1227416992188,-295.28489685058594,-604.1227416992188
SEATING,-28,-29,28,-29,28,29,-28,29,-281.8349304199219,-742.1327514648438,-225.83493041992188,-742.1327514648438,-225.83493041992188,-684.1327514648438,-281.8349304199219,-684.1327514648438
SEATING,-28,-29,28,-29,28,29,-28,29,-193.346923828125,-742.1327514648438,-137.346923828125,-742.1327514648438,-137.346923828125,-684.1327514648438,-193.346923828125,-684.1327514648438
SEATING,-28,-29,28,-29,28,29,-28,29,-137.89285278320312,-544.837158203125,-193.89285278320312,-544.837158203125,-193.89285278320312,-602.837158203125,-137.89285278320312,-602.837158203125
SEATING,-28,-29,28,-29,28,29,-28,29,-229.63009643554688,-544.837158203125,-285.6300964355469,-544.837158203125,-285.6300964355469,-602.837158203125,-229.63009643554688,-602.837158203125
STORAGE_FURNITURE,-53.25,-16.5,53.25,-16.5,53.25,16.5,-53.25,16.5,-52.591758728027344,14.971151947975166,-159.09175872802734,14.971151947975152,-159.09175872802734,-18.02884805202485,-52.591758728027344,-18.028848052024834
SOFA,-108.65,-44.4,108.65,-44.4,108.65,44.4,-108.65,44.4,-435.90582885742185,-365.0035461425781,-218.60582885742187,-365.0035461425781,-218.60582885742187,-276.20354614257815,-435.90582885742185,-276.20354614257815
STORAGE_FURNITURE,-47.15,-22.5,47.15,-22.5,47.15,22.5,-47.15,22.5,-300.648828125,-173.59275817871094,-394.948828125,-173.59275817871094,-394.948828125,-218.59275817871094,-300.648828125,-218.59275817871094
