in_product_family,in_bounding_box_x1,in_bounding_box_y1,in_bounding_box_x2,in_bounding_box_y2,in_bounding_box_x3,in_bounding_box_y3,in_bounding_box_x4,in_bounding_box_y4,out_bounding_box_x1,out_bounding_box_y1,out_bounding_box_x2,out_bounding_box_y2,out_bounding_box_x3,out_bounding_box_y3,out_bounding_box_x4,out_bounding_box_y4
ROOM,-1669.49925,-62.44314,-550.52361,-62.44314,-550.52361,2661.32941,-1669.49925,2661.32941,-1669.49925,-62.44314,-550.52361,-62.44314,-550.52361,2661.32941,-1669.49925,2661.32941
STORAGE_FURNITURE,-40,-29.65,40,-29.65,40,29.65,-40,29.65,-1550.4906005859375,1318.33798828125,-1630.4906005859375,1318.33798828125,-1630.4906005859375,1259.03798828125,-1550.4906005859375,1259.03798828125
STORAGE_FURNITURE,-40,-29.65,40,-29.65,40,29.65,-40,29.65,-1392.48388671875,1318.335546875,-1472.48388671875,1318.335546875,-1472.48388671875,1259.035546875,-1392.48388671875,1259.035546875
