in_product_family,in_bounding_box_x1,in_bounding_box_y1,in_bounding_box_x2,in_bounding_box_y2,in_bounding_box_x3,in_bounding_box_y3,in_bounding_box_x4,in_bounding_box_y4,out_bounding_box_x1,out_bounding_box_y1,out_bounding_box_x2,out_bounding_box_y2,out_bounding_box_x3,out_bounding_box_y3,out_bounding_box_x4,out_bounding_box_y4
ROOM,1055.62226,-557.50366,1698.92338,-557.50366,1698.92338,626.15885,1055.62226,626.15885,1055.62226,-557.50366,1698.92338,-557.50366,1698.92338,626.15885,1055.62226,626.15885
SOFA,-123.3,-47.05,123.3,-47.05,123.3,47.05,-123.3,47.05,1229.3986083984375,44.20749206542969,1475.9986083984375,44.20749206542969,1475.9986083984375,138.3074920654297,1229.3986083984375,138.3074920654297
SOFA,-123.3,-47.05,123.3,-47.05,123.3,47.05,-123.3,47.05,1078.410205078125,404.11567382812495,1078.410205078125,157.515673828125,1172.510205078125,157.51567382812502,1172.510205078125,404.115673828125
SOFA,-123.3,-47.05,123.3,-47.05,123.3,47.05,-123.3,47.05,1625.4065673828125,157.92146606445314,1625.4065673828125,404.52146606445314,1531.3065673828125,404.5214660644531,1531.3065673828125,157.9214660644531
TABLE,-55,-37.5,55,-37.5,55,37.5,-55,37.5,1314.4544677734375,339.574951171875,1314.4544677734375,229.574951171875,1389.4544677734375,229.574951171875,1389.4544677734375,339.574951171875
STORAGE_FURNITURE,-90,-24.5,90,-24.5,90,24.5,-90,24.5,1467.3992919921875,626.1488037109375,1287.3992919921875,626.1488037109375,1287.3992919921875,577.1488037109375,1467.3992919921875,577.1488037109375
DECORATION,-85,-60,85,-60,85,60,-85,60,1266.963134765625,228.903076171875,1436.963134765625,228.903076171875,1436.963134765625,348.903076171875,1266.963134765625,348.903076171875
STORAGE_FURNITURE,-80,-22.9,80,-22.9,80,22.9,-80,22.9,1007.42578125,-557.4936279296875,1167.42578125,-557.4936279296875,1167.42578125,-511.6936279296875,1007.42578125,-511.6936279296875
