in_product_family,in_bounding_box_x1,in_bounding_box_y1,in_bounding_box_x2,in_bounding_box_y2,in_bounding_box_x3,in_bounding_box_y3,in_bounding_box_x4,in_bounding_box_y4,out_bounding_box_x1,out_bounding_box_y1,out_bounding_box_x2,out_bounding_box_y2,out_bounding_box_x3,out_bounding_box_y3,out_bounding_box_x4,out_bounding_box_y4
ROOM,-139.95841,280.6786,400.01,280.6786,400.01,618.80869,-139.95841,618.80869,-139.95841,280.6786,400.01,280.6786,400.01,618.80869,-139.95841,618.80869
SOFA,-99,-48.5,99,-48.5,99,48.5,-99,48.5,393.7479248046875,618.8069458007812,195.7479248046875,618.8069458007812,195.7479248046875,521.8069458007812,393.7479248046875,521.8069458007812
STORAGE_FURNITURE,-80,-20,80,-20,80,20,-80,20,231.7183837890625,280.6885986328125,391.7183837890625,280.6885986328125,391.7183837890625,320.6885986328125,231.7183837890625,320.6885986328125
STORAGE_FURNITURE,-40,-16.5,40,-16.5,40,16.5,-40,16.5,41.959922790527344,280.6885986328125,121.95992279052734,280.6885986328125,121.95992279052734,313.6885986328125,41.959922790527344,313.6885986328125
STORAGE_FURNITURE,-44.5,-16.1,44.5,-16.1,44.5,16.1,-44.5,16.1,195.73899841308594,618.8045288085938,106.73899841308594,618.8045288085938,106.73899841308594,586.6045288085937,195.73899841308594,586.6045288085937
TABLE,-49.85,-49.85,49.85,-49.85,49.85,49.85,-49.85,49.85,257.55036010742185,374.9081176757812,357.2503601074219,374.9081176757812,357.2503601074219,474.6081176757813,257.55036010742185,474.6081176757813
