in_product_family,in_bounding_box_x1,in_bounding_box_y1,in_bounding_box_x2,in_bounding_box_y2,in_bounding_box_x3,in_bounding_box_y3,in_bounding_box_x4,in_bounding_box_y4,out_bounding_box_x1,out_bounding_box_y1,out_bounding_box_x2,out_bounding_box_y2,out_bounding_box_x3,out_bounding_box_y3,out_bounding_box_x4,out_bounding_box_y4
ROOM,-287.31603,-178.47588,476.50695,-178.47588,476.50695,289.49023,-287.31603,289.49023,-287.31603,-178.47588,476.50695,-178.47588,476.50695,289.49023,-287.31603,289.49023
SOFA,-101,-46.8,101,-46.8,101,46.8,-101,46.8,174.81288452148436,164.35537338256836,174.81288452148442,-37.644626617431655,268.4128845214844,-37.644626617431626,268.41288452148433,164.35537338256836
SEATING,-46.8,-41.65,46.8,-41.65,46.8,41.65,-46.8,41.65,306.44154663085936,-111.02940979003907,400.0415466308594,-111.02940979003907,400.0415466308594,-27.729409790039064,306.44154663085936,-27.729409790039064
SEATING,-46.8,-41.65,46.8,-41.65,46.8,41.65,-46.8,41.65,400.0415466308594,253.56664123535157,306.44154663085936,253.56664123535154,306.44154663085936,170.26664123535156,400.0415466308594,170.26664123535159
STORAGE_FURNITURE,-80,-20.9,80,-20.9,80,20.9,-80,20.9,472.10202636718753,-3.966682434082017,472.1020263671875,156.03331756591797,430.30202636718747,156.03331756591797,430.3020263671875,-3.9666824340820455
