in_product_family,in_bounding_box_x1,in_bounding_box_y1,in_bounding_box_x2,in_bounding_box_y2,in_bounding_box_x3,in_bounding_box_y3,in_bounding_box_x4,in_bounding_box_y4,out_bounding_box_x1,out_bounding_box_y1,out_bounding_box_x2,out_bounding_box_y2,out_bounding_box_x3,out_bounding_box_y3,out_bounding_box_x4,out_bounding_box_y4
ROOM,-671.94156,-336.04877,-184.26571,-336.04877,-184.26571,180.51125,-671.94156,180.51125,-671.94156,-336.04877,-184.26571,-336.04877,-184.26571,180.51125,-671.94156,180.51125
STORAGE_FURNITURE,-40,-29.65,40,-29.65,40,29.65,-40,29.65,-183.63330993652343,-133.3839340209961,-183.63330993652346,-53.38393402099608,-242.93330993652344,-53.38393402099611,-242.93330993652341,-133.3839340209961
TABLE,-45,-27.5,45,-27.5,45,27.5,-45,27.5,-427.4123229289515,-191.4402161775183,-517.4123229289515,-191.44021595138796,-517.4123230671422,-246.44021595138796,-427.41232306714227,-246.4402161775183
SOFA,-109.85,-92.25,109.85,-92.25,109.85,92.25,-109.85,92.25,-634.0536743164063,-334.0286407470703,-414.3536743164062,-334.0286407470703,-414.3536743164062,-149.5286407470703,-634.0536743164063,-149.5286407470703
TABLE,-62.5,-37.5,62.5,-37.5,62.5,37.5,-62.5,37.5,-251.48529052734375,-319.6209716796875,-251.48529052734375,-194.6209716796875,-326.48529052734375,-194.6209716796875,-326.48529052734375,-319.6209716796875
SEATING,-20.55,-25,20.55,-25,20.55,25,-20.55,25,-349.09271240234375,-266.5922119140625,-349.09271240234375,-307.6922119140625,-299.09271240234375,-307.6922119140625,-299.09271240234375,-266.5922119140625
SEATING,-20.55,-25,20.55,-25,20.55,25,-20.55,25,-349.09271240234375,-210.41083068847658,-349.09271240234375,-251.51083068847657,-299.09271240234375,-251.51083068847655,-299.09271240234375,-210.41083068847655
