in_product_family,in_bounding_box_x1,in_bounding_box_y1,in_bounding_box_x2,in_bounding_box_y2,in_bounding_box_x3,in_bounding_box_y3,in_bounding_box_x4,in_bounding_box_y4,out_bounding_box_x1,out_bounding_box_y1,out_bounding_box_x2,out_bounding_box_y2,out_bounding_box_x3,out_bounding_box_y3,out_bounding_box_x4,out_bounding_box_y4
ROOM,-403.14283,-69.89135,579.31541,-69.89135,579.31541,350.10865,-403.14283,350.10865,-403.14283,-69.89135,579.31541,-69.89135,579.31541,350.10865,-403.14283,350.10865
SOFA,-121.25,-79.45,121.25,-79.45,121.25,79.45,-121.25,79.45,579.3120727539062,350.0993835449219,336.81207275390625,350.09938354492186,336.81207275390625,191.19938354492186,579.3120727539062,191.1993835449219
TABLE,-87,-49,87,-49,87,49,-87,49,88.90847778320312,42.68357849121094,262.9084777832031,42.68357849121094,262.9084777832031,140.68357849121094,88.90847778320312,140.68357849121094
VEGETATION,-42.45,-43,42.45,-43,42.45,43,-42.45,43,294.47950439453126,-69.89125061035156,379.37950439453124,-69.89125061035156,379.37950439453124,16.108749389648438,294.47950439453126,16.108749389648438
STORAGE_FURNITURE,-90,-22.5,90,-22.5,90,22.5,-90,22.5,399.30963134765625,54.374794006347656,579.3096313476562,54.374794006347656,579.3096313476562,99.37479400634766,399.30963134765625,99.37479400634766
SOFA,-29.5,-29.5,29.5,-29.5,29.5,29.5,-29.5,29.5,358.86541748046875,132.1893768310547,417.86541748046875,132.1893768310547,417.86541748046875,191.1893768310547,358.86541748046875,191.1893768310547
TABLE,-22.5,-22.5,22.5,-22.5,22.5,22.5,-22.5,22.5,404.08587646484375,143.99325561523438,449.08587646484375,143.99325561523438,449.08587646484375,188.99325561523438,404.08587646484375,188.99325561523438
