in_product_family,in_bounding_box_x1,in_bounding_box_y1,in_bounding_box_x2,in_bounding_box_y2,in_bounding_box_x3,in_bounding_box_y3,in_bounding_box_x4,in_bounding_box_y4,out_bounding_box_x1,out_bounding_box_y1,out_bounding_box_x2,out_bounding_box_y2,out_bounding_box_x3,out_bounding_box_y3,out_bounding_box_x4,out_bounding_box_y4
ROOM,-294.66072,-54.3,341.11737,-54.3,341.11737,341.66389,-294.66072,341.66389,-294.66072,-54.3,341.11737,-54.3,341.11737,341.66389,-294.66072,341.66389
SOFA,-110.5,-45.5,110.5,-45.5,110.5,45.5,-110.5,45.5,322.69879150390625,341.6539001464844,101.69879150390625,341.6539001464844,101.69879150390625,250.65390014648438,322.69879150390625,250.65390014648438
STORAGE_FURNITURE,-90,-22.5,90,-22.5,90,22.5,-90,22.5,130.09307861328125,-54.28999900817871,310.09307861328125,-54.28999900817871,310.09307861328125,-9.289999008178711,130.09307861328125,-9.289999008178711
TABLE,-52.45,-52.45,52.45,-52.45,52.45,52.45,-52.45,52.45,-152.79778594970702,-10.096934509277347,-47.89778594970703,-10.096934509277347,-47.89778594970703,94.80306549072266,-152.79778594970702,94.80306549072266
SEATING,-28.55,-31.7,28.55,-31.7,28.55,31.7,-28.55,31.7,13.91358299255372,2.4480506896972756,13.9135829925537,59.54805068969728,-49.4864170074463,59.548050689697256,-49.48641700744628,2.4480506896972543
SEATING,-28.55,-31.7,28.55,-31.7,28.55,31.7,-28.55,31.7,-99.03879407281931,169.09153994831954,-154.77863585814518,156.702833892123,-141.023049799251,94.81306210246171,-85.28320801392513,107.20176815865823
SEATING,-28.55,-31.7,28.55,-31.7,28.55,31.7,-28.55,31.7,-176.19592030919696,6.177935722748739,-145.85902286923883,-42.19646508715755,-92.14734140955304,-8.512414339463216,-122.48423884951117,39.86198647044307
