in_product_family,in_bounding_box_x1,in_bounding_box_y1,in_bounding_box_x2,in_bounding_box_y2,in_bounding_box_x3,in_bounding_box_y3,in_bounding_box_x4,in_bounding_box_y4,out_bounding_box_x1,out_bounding_box_y1,out_bounding_box_x2,out_bounding_box_y2,out_bounding_box_x3,out_bounding_box_y3,out_bounding_box_x4,out_bounding_box_y4
ROOM,-461.20557,-420.06708,287.68811,-420.06708,287.68811,480.37557,-461.20557,480.37557,-461.20557,-420.06708,287.68811,-420.06708,287.68811,480.37557,-461.20557,480.37557
SOFA,-146,-76.8,146,-76.8,146,76.8,-146,76.8,-180.50387954711914,-70.24732666015625,111.49612045288086,-70.24732666015625,111.49612045288086,83.35267333984375,-180.50387954711914,83.35267333984375
SEATING,-28,-29,28,-29,28,29,-28,29,-163.8525390625,-394.2373046875,-107.8525390625,-394.2373046875,-107.8525390625,-336.2373046875,-163.8525390625,-336.2373046875
SEATING,-28,-29,28,-29,28,29,-28,29,-19.992527008056648,-315.7042236328125,-19.992527008056634,-259.7042236328125,-77.99252700805664,-259.7042236328125,-77.99252700805664,-315.7042236328125
SEATING,-28,-29,28,-29,28,29,-28,29,-251.7125244140625,-265.7633972167969,-251.7125244140625,-321.7633972167969,-193.7125244140625,-321.7633972167969,-193.7125244140625,-265.7633972167969
SEATING,-28,-29,28,-29,28,29,-28,29,-105.15802001953125,-197.0172882080078,-161.15802001953125,-197.0172882080078,-161.15802001953125,-255.0172882080078,-105.15802001953125,-255.0172882080078
TABLE,-57.85,-40.6,57.85,-40.6,57.85,40.6,-57.85,40.6,-78.00252380371094,-255.02728881835935,-193.70252380371096,-255.02728881835938,-193.70252380371093,-336.2272888183594,-78.00252380371093,-336.2272888183594
