in_product_family,in_bounding_box_x1,in_bounding_box_y1,in_bounding_box_x2,in_bounding_box_y2,in_bounding_box_x3,in_bounding_box_y3,in_bounding_box_x4,in_bounding_box_y4,out_bounding_box_x1,out_bounding_box_y1,out_bounding_box_x2,out_bounding_box_y2,out_bounding_box_x3,out_bounding_box_y3,out_bounding_box_x4,out_bounding_box_y4
ROOM,-137.94239,-49.40244,211.51819,-49.40244,211.51819,459.58455,-137.94239,459.58455,-137.94239,-49.40244,211.51819,-49.40244,211.51819,459.58455,-137.94239,459.58455
TABLE,-60.05,-35,60.05,-35,60.05,35,-60.05,35,-146.03051757812497,401.1019714355469,-146.03051757812503,281.0019714355469,-76.03051757812503,281.00197143554686,-76.03051757812497,401.10197143554683
TABLE,-30,-35,30,-35,30,35,-30,35,56.58520889282228,78.59638977050783,56.58520889282225,138.5963897705078,-13.414791107177749,138.5963897705078,-13.41479110717772,78.5963897705078
SEATING,-20.55,-24.9,20.55,-24.9,20.55,24.9,-20.55,24.9,41.813366699218754,188.4063934326172,0.7133666992187528,188.4063934326172,0.7133666992187457,138.60639343261718,41.81336669921875,138.60639343261718
SEATING,-20.55,-24.9,20.55,-24.9,20.55,24.9,-20.55,24.9,-58.2247947692871,129.27057342529298,-58.224794769287115,88.17057342529299,-8.424794769287118,88.17057342529296,-8.424794769287104,129.27057342529295
STORAGE_FURNITURE,-32.95,-1.4,32.95,-1.4,32.95,1.4,-32.95,1.4,-134.93239440917966,211.52826232910155,-134.9323944091797,145.62826232910157,-132.1323944091797,145.62826232910157,-132.13239440917968,211.52826232910155
DECORATION,-80.5,-115.5,80.5,-115.5,80.5,115.5,-80.5,115.5,-43.8914794921875,190.79388427734375,117.1085205078125,190.79388427734375,117.1085205078125,421.79388427734375,-43.8914794921875,421.79388427734375
DECORATION,-60,-85,60,-85,60,85,-60,85,-145.3717803955078,247.63812255859375,-25.371780395507812,247.63812255859375,-25.371780395507812,417.63812255859375,-145.3717803955078,417.63812255859375
SEATING,-27.5,-26.5,27.5,-26.5,27.5,26.5,-27.5,26.5,-43.98511505126952,313.3609313964844,-43.985115051269545,368.3609313964844,-96.98511505126955,368.3609313964844,-96.98511505126952,313.3609313964844
