in_product_family,in_bounding_box_x1,in_bounding_box_y1,in_bounding_box_x2,in_bounding_box_y2,in_bounding_box_x3,in_bounding_box_y3,in_bounding_box_x4,in_bounding_box_y4,out_bounding_box_x1,out_bounding_box_y1,out_bounding_box_x2,out_bounding_box_y2,out_bounding_box_x3,out_bounding_box_y3,out_bounding_box_x4,out_bounding_box_y4
ROOM,-88,46.18228,597.61075,46.18228,597.61075,795.62245,-88,795.62245,-88,46.18228,597.61075,46.18228,597.61075,795.62245,-88,795.62245
SEATING,-27.7,-28.6,27.7,-28.6,27.7,28.6,-27.7,28.6,53.919555694003385,491.9380997509011,53.91955258236389,436.53809975090115,111.11955258236381,436.5380965381614,111.1195556940033,491.93809653816135
SEATING,-27.7,-28.6,27.7,-28.6,27.7,28.6,-27.7,28.6,231.11956142273436,436.53794520059256,231.1195621124219,491.93794520059254,173.9195621124219,491.9379459126887,173.91956142273435,436.5379459126887
