in_product_family,in_bounding_box_x1,in_bounding_box_y1,in_bounding_box_x2,in_bounding_box_y2,in_bounding_box_x3,in_bounding_box_y3,in_bounding_box_x4,in_bounding_box_y4,out_bounding_box_x1,out_bounding_box_y1,out_bounding_box_x2,out_bounding_box_y2,out_bounding_box_x3,out_bounding_box_y3,out_bounding_box_x4,out_bounding_box_y4
ROOM,754.11894,-687.98251,1278.7518,-687.98251,1278.7518,-117.19237,754.11894,-117.19237,754.11894,-687.98251,1278.7518,-687.98251,1278.7518,-117.19237,754.11894,-117.19237
STORAGE_FURNITURE,-100,-22.5,100,-22.5,100,22.5,-100,22.5,1095.4182760962606,-664.1348484003837,1278.4200694138126,-583.448147869503,1260.2655617943644,-542.2727443730538,1077.2637684768124,-622.9594449039345
SOFA,-95,-49.5,95,-49.5,95,49.5,-95,49.5,1151.2851307075548,-302.11323221312864,976.348220669468,-376.25551101764285,1014.9802501518202,-467.4068483532776,1189.917160189907,-393.2645695487634
TABLE,-55,-37.5,55,-37.5,55,37.5,-55,37.5,1104.2168520737425,-554.733542390904,1205.9161713032204,-512.8139948234418,1177.3346615981325,-443.47354989425224,1075.6353423686546,-485.39309746171443
STORAGE_FURNITURE,-65,-21,65,-21,65,21,-65,21,1131.7339882996628,-250.4732561765527,1079.2108288570203,-131.55598357848663,1040.7914023253372,-148.52500432149418,1093.3145617679797,-267.44227691956024
