in_product_family,in_bounding_box_x1,in_bounding_box_y1,in_bounding_box_x2,in_bounding_box_y2,in_bounding_box_x3,in_bounding_box_y3,in_bounding_box_x4,in_bounding_box_y4,out_bounding_box_x1,out_bounding_box_y1,out_bounding_box_x2,out_bounding_box_y2,out_bounding_box_x3,out_bounding_box_y3,out_bounding_box_x4,out_bounding_box_y4
ROOM,-287.5,-196.24909,481.13352,-196.24909,481.13352,351.40905,-287.5,351.40905,-287.5,-196.24909,481.13352,-196.24909,481.13352,351.40905,-287.5,351.40905
SEATING,-25.05,-25.15,25.05,-25.15,25.05,25.15,-25.05,25.15,436.0567565917969,280.32981567382814,436.05675659179684,230.22981567382814,486.35675659179685,230.2298156738281,486.3567565917969,280.32981567382814
SEATING,-25.05,-25.15,25.05,-25.15,25.05,25.15,-25.05,25.15,435.9567504882813,218.54346923828126,435.9567504882812,168.44346923828127,486.2567504882812,168.44346923828124,486.2567504882813,218.54346923828123
