in_product_family,in_bounding_box_x1,in_bounding_box_y1,in_bounding_box_x2,in_bounding_box_y2,in_bounding_box_x3,in_bounding_box_y3,in_bounding_box_x4,in_bounding_box_y4,out_bounding_box_x1,out_bounding_box_y1,out_bounding_box_x2,out_bounding_box_y2,out_bounding_box_x3,out_bounding_box_y3,out_bounding_box_x4,out_bounding_box_y4
ROOM,-250,-151.5,250.93461,-151.5,250.93461,153.43685,-250,153.43685,-250,-151.5,250.93461,-151.5,250.93461,153.43685,-250,153.43685
SEATING,-21.25,-21.75,21.25,-21.75,21.25,21.75,-21.25,21.75,176.88653564453125,87.44628143310547,219.38653564453125,87.44628143310547,219.38653564453125,130.94628143310547,176.88653564453125,130.94628143310547
SEATING,-21.25,-21.75,21.25,-21.75,21.25,21.75,-21.25,21.75,125.46650695800781,87.44628143310547,167.9665069580078,87.44628143310547,167.9665069580078,130.94628143310547,125.46650695800781,130.94628143310547
SEATING,-21.25,-21.75,21.25,-21.75,21.25,21.75,-21.25,21.75,65.97023010253906,87.44628143310547,108.47023010253906,87.44628143310547,108.47023010253906,130.94628143310547,65.97023010253906,130.94628143310547
SEATING,-21.25,-21.75,21.25,-21.75,21.25,21.75,-21.25,21.75,5.554155349731445,87.44628143310547,48.054155349731445,87.44628143310547,48.054155349731445,130.94628143310547,5.554155349731445,130.94628143310547
SOFA,-88.8,-39,88.8,-39,88.8,39,-88.8,39,165.2283676147461,19.07669067382814,-12.371632385253903,19.07669067382811,-12.371632385253903,-58.92330932617189,165.2283676147461,-58.92330932617186
