in_product_family,in_bounding_box_x1,in_bounding_box_y1,in_bounding_box_x2,in_bounding_box_y2,in_bounding_box_x3,in_bounding_box_y3,in_bounding_box_x4,in_bounding_box_y4,out_bounding_box_x1,out_bounding_box_y1,out_bounding_box_x2,out_bounding_box_y2,out_bounding_box_x3,out_bounding_box_y3,out_bounding_box_x4,out_bounding_box_y4
ROOM,57.43362,-581.63144,844.66631,-581.63144,844.66631,-52.63143,57.43362,-52.63143,57.43362,-581.63144,844.66631,-581.63144,844.66631,-52.63143,57.43362,-52.63143
STORAGE_FURNITURE,-55,-22.5,55,-22.5,55,22.5,-55,22.5,57.443618774414084,-336.2550964355469,57.44361877441404,-446.2550964355469,102.44361877441403,-446.2550964355469,102.44361877441409,-336.2550964355469
SOFA,-130.3,-83.7,130.3,-83.7,130.3,83.7,-130.3,83.7,235.10492248535166,-319.92797546386714,235.1049224853515,-59.32797546386712,67.70492248535147,-59.32797546386723,67.70492248535164,-319.92797546386726
TABLE,-40,-40,40,-40,40,40,-40,40,258.2703552246094,-175.30145263671875,178.27035522460938,-175.30145263671875,178.27035522460938,-255.30145263671875,258.2703552246094,-255.30145263671875
SEATING,-32.25,-21,32.25,-21,32.25,21,-32.25,21,285.5854187011719,-135.75155639648438,285.5854187011719,-200.25155639648438,327.5854187011719,-200.25155639648438,327.5854187011719,-135.75155639648438
SEATING,-40.9,-48.9,40.9,-48.9,40.9,48.9,-40.9,48.9,424.8879760742188,-214.85587158203123,424.8879760742187,-133.05587158203122,327.0879760742187,-133.05587158203127,327.0879760742188,-214.85587158203128
DECORATION,-145,-100,145,-100,145,100,-145,100,122.24362182617188,-290.89056396484375,412.2436218261719,-290.89056396484375,412.2436218261719,-90.89056396484375,122.24362182617188,-90.89056396484375
TABLE,-100,-45,100,-45,100,45,-100,45,205.82025146484375,-439.1580810546875,405.82025146484375,-439.1580810546875,405.82025146484375,-349.1580810546875,205.82025146484375,-349.1580810546875
