in_product_family,in_bounding_box_x1,in_bounding_box_y1,in_bounding_box_x2,in_bounding_box_y2,in_bounding_box_x3,in_bounding_box_y3,in_bounding_box_x4,in_bounding_box_y4,out_bounding_box_x1,out_bounding_box_y1,out_bounding_box_x2,out_bounding_box_y2,out_bounding_box_x3,out_bounding_box_y3,out_bounding_box_x4,out_bounding_box_y4
ROOM,-3129.64201,-164,-2738.95709,-164,-2738.95709,122,-3129.64201,122,-3129.64201,-164,-2738.95709,-164,-2738.95709,122,-3129.64201,122
SOFA,-92.35,-42.1,92.35,-42.1,92.35,42.1,-92.35,42.1,-3118.3060546875,-163.40623626708984,-2933.6060546875,-163.40623626708984,-2933.6060546875,-79.20623626708985,-3118.3060546875,-79.20623626708985
TABLE,-45,-27.5,45,-27.5,45,27.5,-45,27.5,-3063.2761708520943,-54.01508216380769,-2975.6004570207015,-33.693438427246356,-2988.0192393041557,19.886164469715894,-3075.6949531355485,-0.4354792668454408
DECORATION,-75,-100,75,-100,75,100,-75,100,-3123.823974609375,73.54021489620206,-3123.823974609375,-76.45978510379794,-2923.823974609375,-76.45978510379788,-2923.823974609375,73.54021489620212
STORAGE_FURNITURE,-50,-22.5,50,-22.5,50,22.5,-50,22.5,-2817.6513671875,119.53726196289062,-2917.6513671875,119.53726196289062,-2917.6513671875,74.53726196289062,-2817.6513671875,74.53726196289062
SEATING,-31.75,-34.7,31.75,-34.7,31.75,34.7,-31.75,34.7,-3067.488898633093,117.43755263612165,-3129.236725189627,102.62350809912265,-3113.046257616907,35.138481909776786,-3051.298431060373,49.95252644677579
