in_product_family,in_bounding_box_x1,in_bounding_box_y1,in_bounding_box_x2,in_bounding_box_y2,in_bounding_box_x3,in_bounding_box_y3,in_bounding_box_x4,in_bounding_box_y4,out_bounding_box_x1,out_bounding_box_y1,out_bounding_box_x2,out_bounding_box_y2,out_bounding_box_x3,out_bounding_box_y3,out_bounding_box_x4,out_bounding_box_y4
ROOM,12.83132,-794.00391,575.20732,-794.00391,575.20732,-221.25697,12.83132,-221.25697,12.83132,-794.00391,575.20732,-794.00391,575.20732,-221.25697,12.83132,-221.25697
STORAGE_FURNITURE,-63.95,-24.15,63.95,-24.15,63.95,24.15,-63.95,24.15,575.1615621152037,-665.9834010483987,574.991911019518,-538.083513564063,526.6919535097963,-538.1475803969138,526.861604605482,-666.0474678812495
STORAGE_FURNITURE,-70,-25.65,70,-25.65,70,25.65,-70,25.65,406.656982421875,-395.10146484375,266.656982421875,-395.10146484375,266.656982421875,-446.40146484375,406.656982421875,-446.40146484375
STORAGE_FURNITURE,-55,-21.75,55,-21.75,55,21.75,-55,21.75,237.27725219726562,-793.9939575195312,347.2772521972656,-793.9939575195312,347.2772521972656,-750.4939575195312,237.27725219726562,-750.4939575195312
STORAGE_FURNITURE,-31.75,-9,31.75,-9,31.75,9,-31.75,9,12.841323852539068,-617.0291748046875,12.841323852539057,-680.5291748046875,30.841323852539055,-680.5291748046875,30.84132385253907,-617.0291748046875
DECORATION,-55.85,-4.95,55.85,-4.95,55.85,4.95,-55.85,4.95,15.381325531005867,-491.1691650390625,15.38132553100585,-602.8691650390625,25.28132553100585,-602.8691650390625,25.28132553100587,-491.1691650390625
DECORATION,-55.85,-4.95,55.85,-4.95,55.85,4.95,-55.85,4.95,15.391321945190438,-309.7222961425781,15.39132194519042,-421.42229614257815,25.291321945190422,-421.42229614257815,25.29132194519044,-309.7222961425781
