in_product_family,in_bounding_box_x1,in_bounding_box_y1,in_bounding_box_x2,in_bounding_box_y2,in_bounding_box_x3,in_bounding_box_y3,in_bounding_box_x4,in_bounding_box_y4,out_bounding_box_x1,out_bounding_box_y1,out_bounding_box_x2,out_bounding_box_y2,out_bounding_box_x3,out_bounding_box_y3,out_bounding_box_x4,out_bounding_box_y4
ROOM,-957.14292,132.19316,-368.04908,132.19316,-368.04908,704.43452,-957.14292,704.43452,-957.14292,132.19316,-368.04908,132.19316,-368.04908,704.43452,-957.14292,704.43452
SOFA,-94.5,-54.5,94.5,-54.5,94.5,54.5,-94.5,54.5,-630.6853637695312,566.3196105957031,-819.6853637695312,566.3196105957031,-819.6853637695312,457.3196105957031,-630.6853637695312,457.3196105957031
SOFA,-94.5,-54.5,94.5,-54.5,94.5,54.5,-94.5,54.5,-936.8277587890625,459.84820556640625,-936.8277587890625,270.84820556640625,-827.8277587890625,270.84820556640625,-827.8277587890625,459.84820556640625
SOFA,-94.5,-54.5,94.5,-54.5,94.5,54.5,-94.5,54.5,-521.6753540039062,271.2349548339844,-521.6753540039062,460.2349548339844,-630.6753540039062,460.2349548339844,-630.6753540039062,271.2349548339844
STORAGE_FURNITURE,-27.85,-27.85,27.85,-27.85,27.85,27.85,-27.85,27.85,-440.6120239257813,415.0295166015625,-384.9120239257812,415.0295166015625,-384.9120239257812,470.7295166015625,-440.6120239257813,470.7295166015625
