in_product_family,in_bounding_box_x1,in_bounding_box_y1,in_bounding_box_x2,in_bounding_box_y2,in_bounding_box_x3,in_bounding_box_y3,in_bounding_box_x4,in_bounding_box_y4,out_bounding_box_x1,out_bounding_box_y1,out_bounding_box_x2,out_bounding_box_y2,out_bounding_box_x3,out_bounding_box_y3,out_bounding_box_x4,out_bounding_box_y4
ROOM,-403.14283,-69.89135,579.31541,-69.89135,579.31541,350.10865,-403.14283,350.10865,-403.14283,-69.89135,579.31541,-69.89135,579.31541,350.10865,-403.14283,350.10865
SOFA,-121.25,-79.45,121.25,-79.45,121.25,79.45,-121.25,79.45,91.96755981445312,-69.88134880065918,334.4675598144531,-69.88134880065918,334.4675598144531,89.01865119934082,91.96755981445312,89.01865119934082
TABLE,-87,-49,87,-49,87,49,-87,49,489.76049804687506,85.76071166992189,489.76049804687494,259.7607116699219,391.76049804687494,259.7607116699219,391.76049804687506,85.76071166992186
VEGETATION,-42.45,-43,42.45,-43,42.45,43,-42.45,43,117.15115661621093,350.1086120605469,32.25115661621093,350.1086120605469,32.25115661621094,264.1086120605469,117.15115661621095,264.1086120605469
STORAGE_FURNITURE,-90,-22.5,90,-22.5,90,22.5,-90,22.5,297.1611633300781,345.7745056152344,117.16116333007812,345.7745056152344,117.16116333007812,300.7745056152344,297.1611633300781,300.7745056152344
SOFA,-29.5,-29.5,29.5,-29.5,29.5,29.5,-29.5,29.5,212.9265594482422,89.02865600585938,271.9265594482422,89.02865600585938,271.9265594482422,148.02865600585938,212.9265594482422,148.02865600585938
TABLE,-22.5,-22.5,22.5,-22.5,22.5,22.5,-22.5,22.5,258.1470031738281,100.83252716064453,303.1470031738281,100.83252716064453,303.1470031738281,145.83252716064453,258.1470031738281,145.83252716064453
