in_product_family,in_bounding_box_x1,in_bounding_box_y1,in_bounding_box_x2,in_bounding_box_y2,in_bounding_box_x3,in_bounding_box_y3,in_bounding_box_x4,in_bounding_box_y4,out_bounding_box_x1,out_bounding_box_y1,out_bounding_box_x2,out_bounding_box_y2,out_bounding_box_x3,out_bounding_box_y3,out_bounding_box_x4,out_bounding_box_y4
ROOM,289.0564,-71.92029,997.19841,-71.92029,997.19841,899.15798,289.0564,899.15798,289.0564,-71.92029,997.19841,-71.92029,997.19841,899.15798,289.0564,899.15798
SEATING,-22.55,-25.9,22.55,-25.9,22.55,25.9,-22.55,25.9,549.4245849609375,209.3926818847656,549.4245849609375,164.2926818847656,601.2245849609375,164.29268188476564,601.2245849609375,209.39268188476564
SEATING,-22.55,-25.9,22.55,-25.9,22.55,25.9,-22.55,25.9,549.4245850185104,328.4393738454227,549.4245849033646,283.33937384542276,601.2245849033646,283.339373713171,601.2245850185104,328.439373713171
SEATING,-22.55,-25.9,22.55,-25.9,22.55,25.9,-22.55,25.9,753.04453125,166.0810729980469,753.04453125,211.1810729980469,701.24453125,211.18107299804686,701.24453125,166.08107299804686
SEATING,-22.55,-25.9,22.55,-25.9,22.55,25.9,-22.55,25.9,753.0445926405423,269.54841959763485,753.0445919297703,314.64841959763487,701.2445919297702,314.6484187812714,701.2445926405422,269.5484187812714
STORAGE_FURNITURE,-50,-23,50,-23,50,23,-50,23,289.0683898925781,361.84967041015625,289.0683898925781,261.84967041015625,335.0683898925781,261.84967041015625,335.0683898925781,361.84967041015625
TABLE,-70,-45,70,-45,70,45,-70,45,824.6697387695312,899.14794921875,684.6697387695312,899.14794921875,684.6697387695312,809.14794921875,824.6697387695312,809.14794921875
STORAGE_FURNITURE,-44.95,-18.25,44.95,-18.25,44.95,18.25,-44.95,18.25,289.0668029785156,864.90458984375,289.0668029785156,775.00458984375,325.5668029785156,775.00458984375,325.5668029785156,864.90458984375
TABLE,-100,-50,100,-50,100,50,-100,50,601.2345581054688,346.1571807861328,601.2345581054688,146.1571807861328,701.2345581054688,146.1571807861328,701.2345581054688,346.1571807861328
