in_product_family,in_bounding_box_x1,in_bounding_box_y1,in_bounding_box_x2,in_bounding_box_y2,in_bounding_box_x3,in_bounding_box_y3,in_bounding_box_x4,in_bounding_box_y4,out_bounding_box_x1,out_bounding_box_y1,out_bounding_box_x2,out_bounding_box_y2,out_bounding_box_x3,out_bounding_box_y3,out_bounding_box_x4,out_bounding_box_y4
ROOM,-417.08865,-197.995,271.91135,-197.995,271.91135,532.005,-417.08865,532.005,-417.08865,-197.995,271.91135,-197.995,271.91135,532.005,-417.08865,532.005
SOFA,-89.95,-47.05,89.95,-47.05,89.95,47.05,-89.95,47.05,-32.69581909179684,281.655712890625,-32.69581909179691,461.55571289062505,-126.79581909179691,461.555712890625,-126.79581909179683,281.65571289062495
STORAGE_FURNITURE,-90,-20.6,90,-20.6,90,20.6,-90,20.6,-417.0786682128906,462.8203125,-417.07866821289065,282.8203125,-375.87866821289066,282.8203125,-375.8786682128906,462.8203125
STORAGE_FURNITURE,-84.75,-20.1,84.75,-20.1,84.75,20.1,-84.75,20.1,-417.0786682128906,36.0450897216797,-417.07866821289065,-133.4549102783203,-376.87866821289066,-133.4549102783203,-376.8786682128906,36.04508972167967
TABLE,-90.2,-45,90.2,-45,90.2,45,-90.2,45,-175.99468994140628,-107.85502357482912,-175.99468994140622,72.54497642517089,-265.99468994140625,72.54497642517092,-265.99468994140625,-107.85502357482909
