in_product_family,in_bounding_box_x1,in_bounding_box_y1,in_bounding_box_x2,in_bounding_box_y2,in_bounding_box_x3,in_bounding_box_y3,in_bounding_box_x4,in_bounding_box_y4,out_bounding_box_x1,out_bounding_box_y1,out_bounding_box_x2,out_bounding_box_y2,out_bounding_box_x3,out_bounding_box_y3,out_bounding_box_x4,out_bounding_box_y4
ROOM,-358.1118,-250.04551,166.44206,-250.04551,166.44206,516.8913,-358.1118,516.8913,-358.1118,-250.04551,166.44206,-250.04551,166.44206,516.8913,-358.1118,516.8913
TABLE,-87.5,-45,87.5,-45,87.5,45,-87.5,45,-137.79050445556643,34.85412216186522,-137.79050445556638,-140.14587783813477,-47.790504455566385,-140.14587783813477,-47.79050445556643,34.85412216186525
TABLE,-40,-40,40,-40,40,40,-40,40,-190.69610595703125,386.9620056152344,-110.69610595703125,386.9620056152344,-110.69610595703125,466.9620056152344,-190.69610595703125,466.9620056152344
SOFA,-130.3,-83.7,130.3,-83.7,130.3,83.7,-130.3,83.7,-358.1060974121094,516.8830688476562,-358.1060974121093,256.2830688476562,-190.70609741210933,256.2830688476563,-190.70609741210941,516.8830688476563
STORAGE_FURNITURE,-85,-16,85,-16,85,16,-85,16,62.84897232055661,346.88128662109375,62.84897232055667,516.8812866210938,30.848972320556665,516.8812866210938,30.848972320556616,346.88128662109375
