in_product_family,in_bounding_box_x1,in_bounding_box_y1,in_bounding_box_x2,in_bounding_box_y2,in_bounding_box_x3,in_bounding_box_y3,in_bounding_box_x4,in_bounding_box_y4,out_bounding_box_x1,out_bounding_box_y1,out_bounding_box_x2,out_bounding_box_y2,out_bounding_box_x3,out_bounding_box_y3,out_bounding_box_x4,out_bounding_box_y4
ROOM,-15.92255,874.57161,486.82834,874.57161,486.82834,1222.73338,-15.92255,1222.73338,-15.92255,874.57161,486.82834,874.57161,486.82834,1222.73338,-15.92255,1222.73338
SOFA,-146,-76.8,146,-76.8,146,76.8,-146,76.8,257.59546661376953,1221.1126220703125,-34.40453338623047,1221.1126220703125,-34.40453338623047,1067.5126220703125,257.59546661376953,1067.5126220703125
TABLE,-60,-30,60,-30,60,30,-60,30,110.26075744628906,1021.4720458984375,230.26075744628906,1021.4720458984375,230.26075744628906,1081.4720458984375,110.26075744628906,1081.4720458984375
STORAGE_FURNITURE,-70,-22,70,-22,70,22,-70,22,485.766357421875,900.1251831054688,485.766357421875,1040.1251831054688,441.766357421875,1040.1251831054688,441.766357421875,900.1251831054688
STORAGE_FURNITURE,-67.6,-21.5,67.6,-21.5,67.6,21.5,-67.6,21.5,35.17191925048829,877.4010009765625,170.37191925048828,877.4010009765625,170.37191925048828,920.4010009765625,35.17191925048829,920.4010009765625
