in_product_family,in_bounding_box_x1,in_bounding_box_y1,in_bounding_box_x2,in_bounding_box_y2,in_bounding_box_x3,in_bounding_box_y3,in_bounding_box_x4,in_bounding_box_y4,out_bounding_box_x1,out_bounding_box_y1,out_bounding_box_x2,out_bounding_box_y2,out_bounding_box_x3,out_bounding_box_y3,out_bounding_box_x4,out_bounding_box_y4
ROOM,-173.91749,-184,199.08251,-184,199.08251,184,-173.91749,184,-173.91749,-184,199.08251,-184,199.08251,184,-173.91749,184
SEATING,-56.4,-17.5,56.4,-17.5,56.4,17.5,-56.4,17.5,199.072509765625,-31.689043426513678,199.072509765625,81.11095657348632,164.072509765625,81.11095657348633,164.072509765625,-31.689043426513663
TABLE,-70.3,-35,70.3,-35,70.3,35,-70.3,35,-20.27032470703127,43.39000244140624,-20.27032470703123,183.99000244140623,-90.27032470703122,183.99000244140626,-90.27032470703128,43.39000244140627
SOFA,-70.9,-35.25,70.9,-35.25,70.9,35.25,-70.9,35.25,-173.9074859619141,182.54345550537107,-173.90748596191403,40.743455505371074,-103.40748596191403,40.7434555053711,-103.40748596191409,182.54345550537113
SEATING,-20.55,-25,20.55,-25,20.55,25,-20.55,25,46.757654190063484,133.7912780761719,46.75765419006347,174.8912780761719,-3.2423458099365305,174.89127807617186,-3.2423458099365163,133.79127807617186
SEATING,-20.55,-25,20.55,-25,20.55,25,-20.55,25,46.757654190063484,76.57889099121095,46.75765419006347,117.67889099121095,-3.2423458099365305,117.67889099121092,-3.2423458099365163,76.57889099121093
