in_product_family,in_bounding_box_x1,in_bounding_box_y1,in_bounding_box_x2,in_bounding_box_y2,in_bounding_box_x3,in_bounding_box_y3,in_bounding_box_x4,in_bounding_box_y4,out_bounding_box_x1,out_bounding_box_y1,out_bounding_box_x2,out_bounding_box_y2,out_bounding_box_x3,out_bounding_box_y3,out_bounding_box_x4,out_bounding_box_y4
ROOM,-500,-400,749.68317,-400,749.68317,165.91452,-500,165.91452,-500,-400,749.68317,-400,749.68317,165.91452,-500,165.91452
STORAGE_FURNITURE,-29.95,-8,29.95,-8,29.95,8,-29.95,8,440.251513671875,165.9045104980469,380.351513671875,165.90451049804685,380.351513671875,149.90451049804685,440.251513671875,149.9045104980469
STORAGE_FURNITURE,-29.95,-8,29.95,-8,29.95,8,-29.95,8,380.351513671875,165.90451049804685,320.45151367187503,165.9045104980468,320.45151367187503,149.9045104980468,380.351513671875,149.90451049804685
STORAGE_FURNITURE,-29.95,-8,29.95,-8,29.95,8,-29.95,8,320.45151367187503,165.9045104980468,260.55151367187506,165.90451049804673,260.55151367187506,149.90451049804673,320.45151367187503,149.9045104980468
STORAGE_FURNITURE,-29.95,-8,29.95,-8,29.95,8,-29.95,8,744.5040771484375,165.9045104980469,684.6040771484375,165.90451049804685,684.6040771484375,149.90451049804685,744.5040771484375,149.9045104980469
STORAGE_FURNITURE,-29.95,-8,29.95,-8,29.95,8,-29.95,8,684.6040771484376,165.90451049804685,624.7040771484375,165.9045104980468,624.7040771484375,149.9045104980468,684.6040771484376,149.90451049804685
STORAGE_FURNITURE,-29.95,-8,29.95,-8,29.95,8,-29.95,8,500.15151367187497,165.90451049804696,440.251513671875,165.9045104980469,440.251513671875,149.9045104980469,500.15151367187497,149.90451049804696
STORAGE_FURNITURE,-29.95,-8,29.95,-8,29.95,8,-29.95,8,560.051513671875,165.90451049804702,500.15151367187497,165.90451049804696,500.15151367187497,149.90451049804696,560.051513671875,149.90451049804702
STORAGE_FURNITURE,-29.95,-8,29.95,-8,29.95,8,-29.95,8,619.951513671875,165.90451049804685,560.0515136718749,165.9045104980468,560.0515136718749,149.9045104980468,619.951513671875,149.90451049804685
