in_product_family,in_bounding_box_x1,in_bounding_box_y1,in_bounding_box_x2,in_bounding_box_y2,in_bounding_box_x3,in_bounding_box_y3,in_bounding_box_x4,in_bounding_box_y4,out_bounding_box_x1,out_bounding_box_y1,out_bounding_box_x2,out_bounding_box_y2,out_bounding_box_x3,out_bounding_box_y3,out_bounding_box_x4,out_bounding_box_y4
ROOM,-1598.7397,-505.97976,-1058.7397,-505.97976,-1058.7397,-322.97976,-1598.7397,-322.97976,-1598.7397,-505.97976,-1058.7397,-505.97976,-1058.7397,-322.97976,-1598.7397,-322.97976
TABLE,-37,-37,37,-37,37,37,-37,37,-1468.413330078125,-406.1632995605469,-1394.413330078125,-406.1632995605469,-1394.413330078125,-332.1632995605469,-1468.413330078125,-332.1632995605469
SEATING,-22.75,-26.05,22.75,-26.05,22.75,26.05,-22.75,26.05,-1342.303271484375,-386.66021728515625,-1342.303271484375,-341.16021728515625,-1394.403271484375,-341.16021728515625,-1394.403271484375,-386.66021728515625
SEATING,-22.75,-26.05,22.75,-26.05,22.75,26.05,-22.75,26.05,-1520.523388671875,-340.6776123046875,-1520.523388671875,-386.1776123046875,-1468.423388671875,-386.1776123046875,-1468.423388671875,-340.6776123046875
STORAGE_FURNITURE,-53.25,-16.5,53.25,-16.5,53.25,16.5,-53.25,16.5,-1598.729736328125,-391.1697082519531,-1598.729736328125,-497.6697082519531,-1565.729736328125,-497.6697082519531,-1565.729736328125,-391.1697082519531
