in_product_family,in_bounding_box_x1,in_bounding_box_y1,in_bounding_box_x2,in_bounding_box_y2,in_bounding_box_x3,in_bounding_box_y3,in_bounding_box_x4,in_bounding_box_y4,out_bounding_box_x1,out_bounding_box_y1,out_bounding_box_x2,out_bounding_box_y2,out_bounding_box_x3,out_bounding_box_y3,out_bounding_box_x4,out_bounding_box_y4
ROOM,-602.05531,-691.34677,-217.78445,-691.34677,-217.78445,73.687,-602.05531,73.687,-602.05531,-691.34677,-217.78445,-691.34677,-217.78445,73.687,-602.05531,73.687
SOFA,-110,-49.5,110,-49.5,110,49.5,-110,49.5,-602.0552978515625,73.67699813842775,-602.0552978515625,-146.32300186157227,-503.05529785156256,-146.32300186157227,-503.05529785156244,73.67699813842772
STORAGE_FURNITURE,-80,-20,80,-20,80,20,-80,20,-336.7606811523437,-109.98304557800292,-336.7606811523438,50.016954421997085,-376.7606811523438,50.016954421997056,-376.7606811523437,-109.98304557800294
TABLE,-60,-60,60,-60,60,60,-60,60,-531.4695129394531,-501.769287109375,-411.4695129394531,-501.769287109375,-411.4695129394531,-381.769287109375,-531.4695129394531,-381.769287109375
