in_product_family,in_bounding_box_x1,in_bounding_box_y1,in_bounding_box_x2,in_bounding_box_y2,in_bounding_box_x3,in_bounding_box_y3,in_bounding_box_x4,in_bounding_box_y4,out_bounding_box_x1,out_bounding_box_y1,out_bounding_box_x2,out_bounding_box_y2,out_bounding_box_x3,out_bounding_box_y3,out_bounding_box_x4,out_bounding_box_y4
ROOM,3455.70921,3140.36861,4110.49028,3140.36861,4110.49028,3640.36861,3455.70921,3640.36861,3455.70921,3140.36861,4110.49028,3140.36861,4110.49028,3640.36861,3455.70921,3640.36861
SOFA,-91,-45,91,-45,91,45,-91,45,4110.48046875,3338.53564453125,4110.48046875,3520.53564453125,4020.48046875,3520.53564453125,4020.48046875,3338.53564453125
SOFA,-91,-45,91,-45,91,45,-91,45,3730.48046875,3520.36865234375,3730.48046875,3338.36865234375,3820.48046875,3338.36865234375,3820.48046875,3520.36865234375
SOFA,-91,-45,91,-45,91,45,-91,45,3831.21044921875,3265.36865234375,4013.21044921875,3265.36865234375,4013.21044921875,3355.36865234375,3831.21044921875,3355.36865234375
TABLE,-44.95,-44.95,44.95,-44.95,44.95,44.95,-44.95,44.95,3875.580517578125,3400.363720703125,3965.480517578125,3400.363720703125,3965.480517578125,3490.263720703125,3875.580517578125,3490.263720703125
