in_product_family,in_bounding_box_x1,in_bounding_box_y1,in_bounding_box_x2,in_bounding_box_y2,in_bounding_box_x3,in_bounding_box_y3,in_bounding_box_x4,in_bounding_box_y4,out_bounding_box_x1,out_bounding_box_y1,out_bounding_box_x2,out_bounding_box_y2,out_bounding_box_x3,out_bounding_box_y3,out_bounding_box_x4,out_bounding_box_y4
ROOM,502.06937,147.10436,1275.21762,147.10436,1275.21762,810.43617,502.06937,810.43617,502.06937,147.10436,1275.21762,147.10436,1275.21762,810.43617,502.06937,810.43617
SOFA,-125.5,-81.75,125.5,-81.75,125.5,81.75,-125.5,81.75,645.5406494140625,148.2269287109375,896.5406494140625,148.2269287109375,896.5406494140625,311.7269287109375,645.5406494140625,311.7269287109375
STORAGE_FURNITURE,-59.9,-32.45,59.9,-32.45,59.9,32.45,-59.9,32.45,853.0563110351562,490.2343322753906,733.2563110351563,490.2343322753906,733.2563110351563,425.33433227539064,853.0563110351562,425.33433227539064
TABLE,-60,-60,60,-60,60,60,-60,60,955.7523193359375,314.1571044921875,1075.7523193359375,314.1571044921875,1075.7523193359375,434.1571044921875,955.7523193359375,434.1571044921875
