in_product_family,in_bounding_box_x1,in_bounding_box_y1,in_bounding_box_x2,in_bounding_box_y2,in_bounding_box_x3,in_bounding_box_y3,in_bounding_box_x4,in_bounding_box_y4,out_bounding_box_x1,out_bounding_box_y1,out_bounding_box_x2,out_bounding_box_y2,out_bounding_box_x3,out_bounding_box_y3,out_bounding_box_x4,out_bounding_box_y4
ROOM,941.8211,-444.22132,1253.80619,-444.22132,1253.80619,39.93599,941.8211,39.93599,941.8211,-444.22132,1253.80619,-444.22132,1253.80619,39.93599,941.8211,39.93599
STORAGE_FURNITURE,-67.6,-21.5,67.6,-21.5,67.6,21.5,-67.6,21.5,1253.796142578125,-395.7913452148437,1253.796142578125,-260.5913452148437,1210.796142578125,-260.5913452148438,1210.796142578125,-395.7913452148438
SOFA,-91.05,-47.55,91.05,-47.55,91.05,47.55,-91.05,47.55,956.8386108398438,-215.68117065429686,956.8386108398437,-397.78117065429683,1051.9386108398437,-397.7811706542969,1051.9386108398437,-215.6811706542969
RADIATOR,-61.05,-7.5,61.05,-7.5,61.05,7.5,-61.05,7.5,1065.493701171875,-444.2113342285156,1187.593701171875,-444.2113342285156,1187.593701171875,-429.2113342285156,1065.493701171875,-429.2113342285156
TABLE,-40,-40,40,-40,40,40,-40,40,1089.759765625,-346.7585754394531,1169.759765625,-346.7585754394531,1169.759765625,-266.7585754394531,1089.759765625,-266.7585754394531
