in_product_family,in_bounding_box_x1,in_bounding_box_y1,in_bounding_box_x2,in_bounding_box_y2,in_bounding_box_x3,in_bounding_box_y3,in_bounding_box_x4,in_bounding_box_y4,out_bounding_box_x1,out_bounding_box_y1,out_bounding_box_x2,out_bounding_box_y2,out_bounding_box_x3,out_bounding_box_y3,out_bounding_box_x4,out_bounding_box_y4
ROOM,-176.7782,320.68182,174.98809,320.68182,174.98809,719.76084,-176.7782,719.76084,-176.7782,320.68182,174.98809,320.68182,174.98809,719.76084,-176.7782,719.76084
SOFA,-88.5,-48.5,88.5,-48.5,88.5,48.5,-88.5,48.5,-176.76820373535153,640.43798828125,-176.7682037353516,463.43798828125,-79.76820373535159,463.43798828125,-79.76820373535153,640.43798828125
