in_product_family,in_bounding_box_x1,in_bounding_box_y1,in_bounding_box_x2,in_bounding_box_y2,in_bounding_box_x3,in_bounding_box_y3,in_bounding_box_x4,in_bounding_box_y4,out_bounding_box_x1,out_bounding_box_y1,out_bounding_box_x2,out_bounding_box_y2,out_bounding_box_x3,out_bounding_box_y3,out_bounding_box_x4,out_bounding_box_y4
ROOM,-1656.86782,256.64032,-374.8698,256.64032,-374.8698,977.35051,-1656.86782,977.35051,-1656.86782,256.64032,-374.8698,256.64032,-374.8698,977.35051,-1656.86782,977.35051
SOFA,-121.25,-79.45,121.25,-79.45,121.25,79.45,-121.25,79.45,-1582.810595703125,670.5596313476562,-1582.810595703125,428.05963134765625,-1423.910595703125,428.05963134765625,-1423.910595703125,670.5596313476562
STORAGE_FURNITURE,-90.3,-22.55,90.3,-22.55,90.3,22.55,-90.3,22.55,-983.0897705078125,473.20146484375,-983.0897705078124,653.80146484375,-1028.1897705078125,653.80146484375,-1028.1897705078125,473.20146484375
