in_product_family,in_bounding_box_x1,in_bounding_box_y1,in_bounding_box_x2,in_bounding_box_y2,in_bounding_box_x3,in_bounding_box_y3,in_bounding_box_x4,in_bounding_box_y4,out_bounding_box_x1,out_bounding_box_y1,out_bounding_box_x2,out_bounding_box_y2,out_bounding_box_x3,out_bounding_box_y3,out_bounding_box_x4,out_bounding_box_y4
ROOM,1829.3565,-78.31082,2730.08125,-78.31082,2730.08125,512.38804,1829.3565,512.38804,1829.3565,-78.31082,2730.08125,-78.31082,2730.08125,512.38804,1829.3565,512.38804
TABLE,-100.95,-45.9,100.95,-45.9,100.95,45.9,-100.95,45.9,1988.4050873023803,27.534599897514667,2190.3050871793757,27.527552258022467,2190.3082916038697,119.32755220209471,1988.4082917268743,119.33459984158691
SOFA,-125.5,-81.75,125.5,-81.75,125.5,81.75,-125.5,81.75,2396.3212890625,241.73384094238278,2396.3212890625,-9.266159057617216,2559.8212890625,-9.266159057617159,2559.8212890625,241.73384094238284
