in_product_family,in_bounding_box_x1,in_bounding_box_y1,in_bounding_box_x2,in_bounding_box_y2,in_bounding_box_x3,in_bounding_box_y3,in_bounding_box_x4,in_bounding_box_y4,out_bounding_box_x1,out_bounding_box_y1,out_bounding_box_x2,out_bounding_box_y2,out_bounding_box_x3,out_bounding_box_y3,out_bounding_box_x4,out_bounding_box_y4
ROOM,-186.20562,13.4656,1403.78204,13.4656,1403.78204,372.46562,-186.20562,372.46562,-186.20562,13.4656,1403.78204,13.4656,1403.78204,372.46562,-186.20562,372.46562
RADIATOR,-61.05,-7.5,61.05,-7.5,61.05,7.5,-61.05,7.5,1363.9298211317982,136.48883353009177,1327.740414961912,253.10245572351738,1313.4144171494518,248.65658272967386,1349.603823319338,132.04296053624824
RADIATOR,-61.05,-7.5,61.05,-7.5,61.05,7.5,-61.05,7.5,-169.43423461914065,126.94760437011719,-169.4342346191406,249.0476043701172,-184.4342346191406,249.0476043701172,-184.43423461914065,126.94760437011719
