in_product_family,in_bounding_box_x1,in_bounding_box_y1,in_bounding_box_x2,in_bounding_box_y2,in_bounding_box_x3,in_bounding_box_y3,in_bounding_box_x4,in_bounding_box_y4,out_bounding_box_x1,out_bounding_box_y1,out_bounding_box_x2,out_bounding_box_y2,out_bounding_box_x3,out_bounding_box_y3,out_bounding_box_x4,out_bounding_box_y4
ROOM,53.37993,-432.77019,450.31027,-432.77019,450.31027,-40.7701,53.37993,-40.7701,53.37993,-432.77019,450.31027,-432.77019,450.31027,-40.7701,53.37993,-40.7701
TABLE,-55,-55,55,-55,55,55,-55,55,133.83815002441406,-405.3138122558594,243.83815002441406,-405.3138122558594,243.83815002441406,-295.3138122558594,133.83815002441406,-295.3138122558594
SOFA,-121.65,-78.15,121.65,-78.15,121.65,78.15,-121.65,78.15,352.5525573730469,-277.4301055908203,352.55255737304685,-34.13010559082028,196.25255737304684,-34.130105590820335,196.2525573730469,-277.43010559082035
STORAGE_FURNITURE,-69.6,-23.9,69.6,-23.9,69.6,23.9,-69.6,23.9,53.393823242187516,-62.83975113153399,53.39382324218746,-202.039751131534,101.19382324218745,-202.039751131534,101.1938232421875,-62.839751131534015
STORAGE_FURNITURE,-69.6,-23.9,69.6,-23.9,69.6,23.9,-69.6,23.9,53.45330516269024,-218.96995759664333,53.56415384082432,-358.1699134607547,101.36413868496601,-358.1318490439817,101.25329000683193,-218.93189317987031
