in_product_family,in_bounding_box_x1,in_bounding_box_y1,in_bounding_box_x2,in_bounding_box_y2,in_bounding_box_x3,in_bounding_box_y3,in_bounding_box_x4,in_bounding_box_y4,out_bounding_box_x1,out_bounding_box_y1,out_bounding_box_x2,out_bounding_box_y2,out_bounding_box_x3,out_bounding_box_y3,out_bounding_box_x4,out_bounding_box_y4
ROOM,1428.42624,-1480.95502,1834.38827,-1480.95502,1834.38827,-886.74234,1428.42624,-886.74234,1428.42624,-1480.95502,1834.38827,-1480.95502,1834.38827,-886.74234,1428.42624,-886.74234
STORAGE_FURNITURE,-90,-22.5,90,-22.5,90,22.5,-90,22.5,1808.9925608344847,-1066.3936203618034,1797.3328529174064,-886.7716528542394,1752.4273610405153,-889.686579833509,1764.0870689575936,-1069.308547341073
TABLE,-90.2,-45,90.2,-45,90.2,45,-90.2,45,1734.9595994005517,-1290.0062541023462,1554.923329646989,-1301.456213631637,1560.6356154431983,-1391.2747517570288,1740.671885196761,-1379.824792227738
SEATING,-47,-27.2,47,-27.2,47,27.2,-47,27.2,1581.0423822803061,-1408.2166507793975,1674.8449653761206,-1402.1276931877546,1671.3211431103189,-1347.8419429706025,1577.5185600145044,-1353.9309005622454
SEATING,-47,-27.2,47,-27.2,47,27.2,-47,27.2,1629.9458246631186,-1404.67478066221,1723.7484077589331,-1398.5858230705671,1720.2245854931314,-1344.300072853415,1626.4220023973169,-1350.3890304450579
SEATING,-47,-27.2,47,-27.2,47,27.2,-47,27.2,1717.4016363119715,-1277.406795091259,1623.5911629365278,-1283.3729567614762,1627.0439203286535,-1337.663273268116,1720.8543937040972,-1331.6971115978988
SEATING,-47,-27.2,47,-27.2,47,27.2,-47,27.2,1668.4936773275965,-1280.8844562240715,1574.6832039521528,-1286.8506178942887,1578.1359613442785,-1341.1409344009285,1671.9464347197222,-1335.1747727307113
SOFA,-109.85,-92.25,109.85,-92.25,109.85,92.25,-109.85,92.25,1428.4881173080819,-911.1619061422397,1442.7194341123668,-1130.400496773579,1626.8319510512931,-1118.4492999124477,1612.6006342470082,-899.2107092811083
