in_product_family,in_bounding_box_x1,in_bounding_box_y1,in_bounding_box_x2,in_bounding_box_y2,in_bounding_box_x3,in_bounding_box_y3,in_bounding_box_x4,in_bounding_box_y4,out_bounding_box_x1,out_bounding_box_y1,out_bounding_box_x2,out_bounding_box_y2,out_bounding_box_x3,out_bounding_box_y3,out_bounding_box_x4,out_bounding_box_y4
ROOM,-543.98638,-1331.50547,749.41656,-1331.50547,749.41656,260.7841,-543.98638,260.7841,-543.98638,-1331.50547,749.41656,-1331.50547,749.41656,260.7841,-543.98638,260.7841
STORAGE_FURNITURE,-29.95,-8,29.95,-8,29.95,8,-29.95,8,367.97890821196467,-90.57762079295853,333.9831401383433,-139.89595159484745,347.1566508700666,-148.97662420215866,381.15241894368796,-99.65829340026974
STORAGE_FURNITURE,-29.95,-8,29.95,-8,29.95,8,-29.95,8,401.97467587121156,-41.25928970543589,367.9789077975902,-90.57762050732481,381.1524185293135,-99.65829311463602,415.14818660293486,-50.339962312747105
STORAGE_FURNITURE,-29.95,-8,29.95,-8,29.95,8,-29.95,8,435.97044338916754,8.059041479480431,401.97467531554616,-41.25928932240849,415.14818604726946,-50.339961929719706,449.14395412089084,-1.0216311278307906
SOFA,-123.3,-125,123.3,-125,123.3,125,-123.3,125,-327.85134887695307,-664.8219482421874,-327.8513488769532,-911.4219482421875,-77.8513488769532,-911.4219482421876,-77.85134887695305,-664.8219482421875
STORAGE_FURNITURE,-75.25,-20.35,75.25,-20.35,75.25,20.35,-75.25,20.35,-459.0049682617187,-711.1153564453125,-459.0049682617188,-861.6153564453125,-418.3049682617188,-861.6153564453125,-418.3049682617187,-711.1153564453125
