in_product_family,in_bounding_box_x1,in_bounding_box_y1,in_bounding_box_x2,in_bounding_box_y2,in_bounding_box_x3,in_bounding_box_y3,in_bounding_box_x4,in_bounding_box_y4,out_bounding_box_x1,out_bounding_box_y1,out_bounding_box_x2,out_bounding_box_y2,out_bounding_box_x3,out_bounding_box_y3,out_bounding_box_x4,out_bounding_box_y4
ROOM,1829.35776,-94.72132,3131.5078,-94.72132,3131.5078,512.38804,1829.35776,512.38804,1829.35776,-94.72132,3131.5078,-94.72132,3131.5078,512.38804,1829.35776,512.38804
TABLE,-100.95,-45.9,100.95,-45.9,100.95,45.9,-100.95,45.9,1962.7202728492553,7.383720991264667,2164.6202727262507,7.376673351772467,2164.6234771507447,99.17667329584471,1962.7234772737493,99.18372093533691
SOFA,-164,-107.3,164,-107.3,164,107.3,-164,107.3,3131.464111328125,512.3880432128906,2803.464111328125,512.3880432128906,2803.464111328125,297.78804321289067,3131.464111328125,297.7880432128906
SEATING,-62.85,-62.95,62.85,-62.95,62.85,62.95,-62.85,62.95,2373.612313526076,397.75170127697413,2414.755139763495,278.9756184606196,2533.720206005174,320.1839066331821,2492.577379767755,438.95998944953664
TABLE,-44.95,-44.95,44.95,-44.95,44.95,44.95,-44.95,44.95,2452.2261132819235,415.60109021045014,2542.1261131586903,415.5963830573141,2542.1308203118265,505.4963829340811,2452.2308204350597,505.50109008721716
VEGETATION,-42.45,-43,42.45,-43,42.45,43,-42.45,43,2363.0578125,426.3780517578125,2447.9578125,426.3780517578125,2447.9578125,512.3780517578125,2363.0578125,512.3780517578125
