in_product_family,in_bounding_box_x1,in_bounding_box_y1,in_bounding_box_x2,in_bounding_box_y2,in_bounding_box_x3,in_bounding_box_y3,in_bounding_box_x4,in_bounding_box_y4,out_bounding_box_x1,out_bounding_box_y1,out_bounding_box_x2,out_bounding_box_y2,out_bounding_box_x3,out_bounding_box_y3,out_bounding_box_x4,out_bounding_box_y4
ROOM,-511.5,-400,150.61335,-400,150.61335,184.38884,-511.5,184.38884,-511.5,-400,150.61335,-400,150.61335,184.38884,-511.5,184.38884
SOFA,-92.35,-42.1,92.35,-42.1,92.35,42.1,-92.35,42.1,-168.5442825317383,97.7421604156494,-168.54428253173825,-86.9578395843506,-84.34428253173826,-86.95783958435057,-84.34428253173832,97.74216041564942
SOFA,-92.35,-42.1,92.35,-42.1,92.35,42.1,-92.35,42.1,72.00402793884277,181.95215759277346,-112.69597206115722,181.95215759277343,-112.69597206115722,97.75215759277341,72.00402793884277,97.75215759277344
TABLE,-90,-45,90,-45,90,45,-90,45,-418.11383056640625,62.95726966857909,-418.11383056640625,-117.04273033142091,-328.11383056640625,-117.04273033142088,-328.11383056640625,62.957269668579116
