in_product_family,in_bounding_box_x1,in_bounding_box_y1,in_bounding_box_x2,in_bounding_box_y2,in_bounding_box_x3,in_bounding_box_y3,in_bounding_box_x4,in_bounding_box_y4,out_bounding_box_x1,out_bounding_box_y1,out_bounding_box_x2,out_bounding_box_y2,out_bounding_box_x3,out_bounding_box_y3,out_bounding_box_x4,out_bounding_box_y4
ROOM,-76.73082,-857.65524,1450.35518,-857.65524,1450.35518,412.31839,-76.73082,412.31839,-76.73082,-857.65524,1450.35518,-857.65524,1450.35518,412.31839,-76.73082,412.31839
STORAGE_FURNITURE,-75,-22.5,75,-22.5,75,22.5,-75,22.5,964.997802734375,-857.645263671875,1114.997802734375,-857.645263671875,1114.997802734375,-812.645263671875,964.997802734375,-812.645263671875
SOFA,-164,-107.3,164,-107.3,164,107.3,-164,107.3,1197.3836669921875,-462.4301025390625,869.3836669921875,-462.43010253906255,869.3836669921875,-677.0301025390625,1197.3836669921875,-677.0301025390625
TABLE,-45,-30,45,-30,45,30,-45,30,991.27734375,-739.7400512695312,1081.27734375,-739.7400512695312,1081.27734375,-679.7400512695312,991.27734375,-679.7400512695312
TABLE,-100,-50,100,-50,100,50,-100,50,927.5619506835938,-142.1420555114746,927.5619506835938,57.857944488525376,827.5619506835938,57.857944488525405,827.5619506835938,-142.1420555114746
DECORATION,-28,-19.95,28,-19.95,28,19.95,-28,19.95,600.885205078125,-200.2377166748047,600.885205078125,-256.2377166748047,640.785205078125,-256.2377166748047,640.785205078125,-200.2377166748047
