in_product_family,in_bounding_box_x1,in_bounding_box_y1,in_bounding_box_x2,in_bounding_box_y2,in_bounding_box_x3,in_bounding_box_y3,in_bounding_box_x4,in_bounding_box_y4,out_bounding_box_x1,out_bounding_box_y1,out_bounding_box_x2,out_bounding_box_y2,out_bounding_box_x3,out_bounding_box_y3,out_bounding_box_x4,out_bounding_box_y4
ROOM,-256.5,-198,213.16705,-198,213.16705,89,-256.5,89,-256.5,-198,213.16705,-198,213.16705,89,-256.5,89
SOFA,-91,-45,91,-45,91,45,-91,45,-258.9989318847656,-197.99005126953125,-76.99893188476562,-197.99005126953125,-76.99893188476562,-107.99005126953125,-258.9989318847656,-107.99005126953125
STORAGE_FURNITURE,-60,-17.5,60,-17.5,60,17.5,-60,17.5,86.13294410705566,88.99016571044922,-33.867055892944336,88.99016571044922,-33.867055892944336,53.99016571044921,86.13294410705566,53.990165710449226
TABLE,-45,-27.5,45,-27.5,45,27.5,-45,27.5,-102.35790332187395,-25.35095098833162,-188.13511325212428,1.8936862194155921,-204.7846137679698,-50.525719849070725,-119.00740383771947,-77.77035705681794
DECORATION,-75,-100,75,-100,75,100,-75,100,-258.99810791015625,42.01977157592775,-258.99810791015625,-107.98022842407225,-58.998107910156264,-107.98022842407228,-58.998107910156236,42.01977157592772
STORAGE_FURNITURE,-40,-19,40,-19,40,19,-40,19,20.365070343017578,-197.99005126953125,100.36507034301758,-197.99005126953125,100.36507034301758,-159.99005126953125,20.365070343017578,-159.99005126953125
SEATING,-21.95,-24.9,21.95,-24.9,21.95,24.9,-21.95,24.9,-23.48593850135803,4.1800056457519545,20.414061498641967,4.1800056457519545,20.414061498641967,53.98000564575195,-23.48593850135803,53.98000564575195
SEATING,-21.95,-24.9,21.95,-24.9,21.95,24.9,-21.95,24.9,20.41406149864196,4.1800056457519545,64.31406149864196,4.1800056457519545,64.31406149864196,53.98000564575195,20.41406149864196,53.98000564575195
