in_product_family,in_bounding_box_x1,in_bounding_box_y1,in_bounding_box_x2,in_bounding_box_y2,in_bounding_box_x3,in_bounding_box_y3,in_bounding_box_x4,in_bounding_box_y4,out_bounding_box_x1,out_bounding_box_y1,out_bounding_box_x2,out_bounding_box_y2,out_bounding_box_x3,out_bounding_box_y3,out_bounding_box_x4,out_bounding_box_y4
ROOM,1169.81132,-1232.40213,1746.55351,-1232.40213,1746.55351,-477.26554,1169.81132,-477.26554,1169.81132,-1232.40213,1746.55351,-1232.40213,1746.55351,-477.26554,1169.81132,-477.26554
SOFA,-92.35,-42.1,92.35,-42.1,92.35,42.1,-92.35,42.1,1227.831396484375,-1100.552880859375,1412.531396484375,-1100.552880859375,1412.531396484375,-1016.352880859375,1227.831396484375,-1016.352880859375
TABLE,-55,-55,55,-55,55,55,-55,55,1551.16259765625,-1070.0145874023438,1661.16259765625,-1070.0145874023438,1661.16259765625,-960.0145874023438,1551.16259765625,-960.0145874023438
SEATING,-29,-28.5,29,-28.5,29,28.5,-29,28.5,1577.1624755859375,-1135.54541015625,1635.1624755859375,-1135.54541015625,1635.1624755859375,-1078.54541015625,1577.1624755859375,-1078.54541015625
SEATING,-29,-28.5,29,-28.5,29,28.5,-29,28.5,1482.870869017083,-1004.2705409419843,1495.5259144620961,-1060.8731011736968,1551.152568482917,-1048.4362461673907,1538.4975230379039,-991.8336859356781
SEATING,-29,-28.5,29,-28.5,29,28.5,-29,28.5,1627.8364590355338,-892.1900192003598,1571.1042341735179,-904.2504778237152,1582.9567538550912,-960.0045608777652,1639.6889787171071,-947.9441022544098
SEATING,-29,-28.5,29,-28.5,29,28.5,-29,28.5,1718.172607421875,-1044.8429565429688,1718.172607421875,-986.8429565429688,1661.172607421875,-986.8429565429688,1661.172607421875,-1044.8429565429688
STORAGE_FURNITURE,-60,-20,60,-20,60,20,-60,20,1268.068115234375,-1232.39208984375,1388.068115234375,-1232.39208984375,1388.068115234375,-1192.39208984375,1268.068115234375,-1192.39208984375
STORAGE_FURNITURE,-80,-22.5,80,-22.5,80,22.5,-80,22.5,1408.0682373046875,-866.5836181640625,1248.0682373046875,-866.5836181640625,1248.0682373046875,-911.5836181640625,1408.0682373046875,-911.5836181640625
