in_product_family,in_bounding_box_x1,in_bounding_box_y1,in_bounding_box_x2,in_bounding_box_y2,in_bounding_box_x3,in_bounding_box_y3,in_bounding_box_x4,in_bounding_box_y4,out_bounding_box_x1,out_bounding_box_y1,out_bounding_box_x2,out_bounding_box_y2,out_bounding_box_x3,out_bounding_box_y3,out_bounding_box_x4,out_bounding_box_y4
ROOM,1633.97845,-1849.80748,2114.5538,-1849.80748,2114.5538,-1156.87076,1633.97845,-1156.87076,1633.97845,-1849.80748,2114.5538,-1849.80748,2114.5538,-1156.87076,1633.97845,-1156.87076
STORAGE_FURNITURE,-49.75,-21.45,49.75,-21.45,49.75,21.45,-49.75,21.45,1946.6505126953125,-1216.78291015625,1847.1505126953125,-1216.78291015625,1847.1505126953125,-1259.68291015625,1946.6505126953125,-1259.68291015625
STORAGE_FURNITURE,-37.5,-3,37.5,-3,37.5,3,-37.5,3,1990.276123046875,-1366.5457763671875,2065.276123046875,-1366.5457763671875,2065.276123046875,-1360.5457763671875,1990.276123046875,-1360.5457763671875
SEATING,-27.7,-28.6,27.7,-28.6,27.7,28.6,-27.7,28.6,1703.332861721523,-1618.0136474609376,1647.9328617215228,-1618.0136474609376,1647.9328617215228,-1675.2136474609374,1703.332861721523,-1675.2136474609374
SEATING,-27.7,-28.6,27.7,-28.6,27.7,28.6,-27.7,28.6,1647.9328617215228,-1772.2136474609374,1703.332861721523,-1772.2136474609374,1703.332861721523,-1715.0136474609376,1647.9328617215228,-1715.0136474609376
SOFA,-130.3,-83.7,130.3,-83.7,130.3,83.7,-130.3,83.7,1777.412548828125,-1373.5626708984375,1777.412548828125,-1634.1626708984375,1944.812548828125,-1634.1626708984375,1944.812548828125,-1373.5626708984375
TABLE,-60,-25,60,-25,60,25,-60,25,1944.822509765625,-1516.066162109375,1944.822509765625,-1636.066162109375,1994.822509765625,-1636.066162109375,1994.822509765625,-1516.066162109375
SEATING,-46.5,-42.3,46.5,-42.3,46.5,42.3,-46.5,42.3,2114.5466721103317,-1441.6556576097194,2051.2036001224365,-1373.5626680209493,1989.2609450771683,-1431.1844302809056,2052.6040170650635,-1499.2774198696757
STORAGE_FURNITURE,-102,-21,102,-21,102,21,-102,21,2114.54931640625,-1705.9365234375,2114.54931640625,-1501.9365234375,2072.54931640625,-1501.9365234375,2072.54931640625,-1705.9365234375
