in_product_family,in_bounding_box_x1,in_bounding_box_y1,in_bounding_box_x2,in_bounding_box_y2,in_bounding_box_x3,in_bounding_box_y3,in_bounding_box_x4,in_bounding_box_y4,out_bounding_box_x1,out_bounding_box_y1,out_bounding_box_x2,out_bounding_box_y2,out_bounding_box_x3,out_bounding_box_y3,out_bounding_box_x4,out_bounding_box_y4
ROOM,-573.73288,-485.34327,545.81646,-485.34327,545.81646,241.45161,-573.73288,241.45161,-573.73288,-485.34327,545.81646,-485.34327,545.81646,241.45161,-573.73288,241.45161
SOFA,-130.3,-83.7,130.3,-83.7,130.3,83.7,-130.3,83.7,103.85567016601561,-167.61332244873046,364.45567016601564,-167.61332244873046,364.45567016601564,-0.2133224487304659,103.85567016601561,-0.2133224487304659
STORAGE_FURNITURE,-90,-20.6,90,-20.6,90,20.6,-90,20.6,332.5594940185547,241.44161376953127,152.5594940185547,241.44161376953124,152.5594940185547,200.24161376953123,332.5594940185547,200.24161376953126
STORAGE_FURNITURE,-86,-22.35,86,-22.35,86,22.35,-86,22.35,106.03522491455078,241.44161376953127,-65.96477508544922,241.44161376953124,-65.96477508544922,196.74161376953123,106.03522491455078,196.74161376953126
VEGETATION,-41.95,-38.75,41.95,-38.75,41.95,38.75,-41.95,38.75,545.8064575195312,-465.3627197265625,545.8064575195312,-381.46271972656245,468.30645751953125,-381.4627197265625,468.30645751953125,-465.36271972656255
TABLE,-55,-30,55,-30,55,30,-55,30,220.00668334960938,-0.2033214569091797,330.0066833496094,-0.2033214569091797,330.0066833496094,59.79667854309082,220.00668334960938,59.79667854309082
