in_product_family,in_bounding_box_x1,in_bounding_box_y1,in_bounding_box_x2,in_bounding_box_y2,in_bounding_box_x3,in_bounding_box_y3,in_bounding_box_x4,in_bounding_box_y4,out_bounding_box_x1,out_bounding_box_y1,out_bounding_box_x2,out_bounding_box_y2,out_bounding_box_x3,out_bounding_box_y3,out_bounding_box_x4,out_bounding_box_y4
ROOM,-391.8942,-150.73792,870.76211,-150.73792,870.76211,509.58671,-391.8942,509.58671,-391.8942,-150.73792,870.76211,-150.73792,870.76211,509.58671,-391.8942,509.58671
STORAGE_FURNITURE,-60,-17.5,60,-17.5,60,17.5,-60,17.5,151.56272888183594,-150.72792053222656,271.56272888183594,-150.72792053222656,271.56272888183594,-115.72792053222656,151.56272888183594,-115.72792053222656
SEATING,-46.6,-33.7,46.6,-33.7,46.6,33.7,-46.6,33.7,217.39045554668286,450.56951314636626,173.62461312405452,532.8543297107706,114.11821144550463,501.20392435363374,157.88405386813298,418.91910778922943
SOFA,-109.85,-92.25,109.85,-92.25,109.85,92.25,-109.85,92.25,-391.8842163085937,403.6091552734375,-391.8842163085938,183.90915527343753,-207.3842163085938,183.90915527343748,-207.3842163085937,403.60915527343747
STORAGE_FURNITURE,-80,-22.05,80,-22.05,80,22.05,-80,22.05,212.35433654785155,200.82546997070312,212.35433654785157,360.8254699707031,168.25433654785158,360.8254699707031,168.25433654785155,200.82546997070312
TABLE,-45.05,-25.1,45.05,-25.1,45.05,25.1,-45.05,25.1,-215.99771728515623,204.64946289062502,-215.99771728515626,294.749462890625,-266.1977172851563,294.749462890625,-266.1977172851562,204.649462890625
DECORATION,-30.15,-28.95,30.15,-28.95,30.15,28.95,-30.15,28.95,-383.58844604492185,434.20713500976564,-323.2884460449219,434.20713500976564,-323.2884460449219,492.1071350097656,-383.58844604492185,492.1071350097656
