in_product_family,in_bounding_box_x1,in_bounding_box_y1,in_bounding_box_x2,in_bounding_box_y2,in_bounding_box_x3,in_bounding_box_y3,in_bounding_box_x4,in_bounding_box_y4,out_bounding_box_x1,out_bounding_box_y1,out_bounding_box_x2,out_bounding_box_y2,out_bounding_box_x3,out_bounding_box_y3,out_bounding_box_x4,out_bounding_box_y4
ROOM,-196.98974,-254.54158,464.21678,-254.54158,464.21678,127.26156,-196.98974,127.26156,-196.98974,-254.54158,464.21678,-254.54158,464.21678,127.26156,-196.98974,127.26156
SOFA,-91.95,-40.25,91.95,-40.25,91.95,40.25,-91.95,40.25,-196.98896331787108,-254.5364227294922,-13.088963317871091,-254.5364227294922,-13.088963317871091,-174.0364227294922,-196.98896331787108,-174.0364227294922
TABLE,-62.5,-37.5,62.5,-37.5,62.5,37.5,-62.5,37.5,180.61744689941406,54.45339012145997,55.617446899414055,54.453390121459954,55.61744689941407,-20.546609878540046,180.61744689941406,-20.546609878540032
SEATING,-20.55,-25,20.55,-25,20.55,25,-20.55,25,100.44034118652344,-69.49667739868164,141.54034118652345,-69.49667739868164,141.54034118652345,-19.49667739868164,100.44034118652344,-19.49667739868164
SEATING,-20.55,-25,20.55,-25,20.55,25,-20.55,25,136.77997283935548,106.08573913574219,95.67997283935547,106.08573913574219,95.67997283935546,56.08573913574219,136.77997283935548,56.08573913574219
TABLE,-30,-30,30,-30,30,30,-30,30,-135.91622924804688,-134.28313446044922,-75.91622924804688,-134.28313446044922,-75.91622924804688,-74.28313446044922,-135.91622924804688,-74.28313446044922
