in_product_family,in_bounding_box_x1,in_bounding_box_y1,in_bounding_box_x2,in_bounding_box_y2,in_bounding_box_x3,in_bounding_box_y3,in_bounding_box_x4,in_bounding_box_y4,out_bounding_box_x1,out_bounding_box_y1,out_bounding_box_x2,out_bounding_box_y2,out_bounding_box_x3,out_bounding_box_y3,out_bounding_box_x4,out_bounding_box_y4
ROOM,125.31195,-223.25997,457.03684,-223.25997,457.03684,62.18157,125.31195,62.18157,125.31195,-223.25997,457.03684,-223.25997,457.03684,62.18157,125.31195,62.18157
STORAGE_FURNITURE,-75,-22.5,75,-22.5,75,22.5,-75,22.5,362.95733642578125,62.17157363891603,212.95733642578125,62.171573638916,212.95733642578125,17.171573638916005,362.95733642578125,17.171573638916026
SOFA,-80.75,-51.15,80.75,-51.15,80.75,51.15,-80.75,51.15,209.973388671875,-113.0239471435547,371.473388671875,-113.0239471435547,371.473388671875,-10.723947143554689,209.973388671875,-10.723947143554689
STORAGE_FURNITURE,-81.5,-20,81.5,-20,81.5,20,-81.5,20,457.0268249511719,-162.42086029052734,457.0268249511719,0.5791397094726562,417.0268249511719,0.5791397094726562,417.0268249511719,-162.42086029052734
LIGHTING,-18.9,-18.9,18.9,-18.9,18.9,18.9,-18.9,18.9,305.86241697549013,-70.40671512225217,340.6639783058459,-85.16108155966609,355.41834474325987,-50.35952022931034,320.6167834129041,-35.605153791896406
