in_product_family,in_bounding_box_x1,in_bounding_box_y1,in_bounding_box_x2,in_bounding_box_y2,in_bounding_box_x3,in_bounding_box_y3,in_bounding_box_x4,in_bounding_box_y4,out_bounding_box_x1,out_bounding_box_y1,out_bounding_box_x2,out_bounding_box_y2,out_bounding_box_x3,out_bounding_box_y3,out_bounding_box_x4,out_bounding_box_y4
ROOM,-246.5004,196,304.30394,196,304.30394,556,-246.5004,556,-246.5004,196,304.30394,196,304.30394,556,-246.5004,556
DECORATION,-60,-60,60,-60,60,60,-60,60,65.41278076171875,300.4662780761719,185.41278076171875,300.4662780761719,185.41278076171875,420.4662780761719,65.41278076171875,420.4662780761719
LIGHTING,-15.1,-14.85,15.1,-14.85,15.1,14.85,-15.1,14.85,-179.74162902832032,227.43616638183593,-209.9416290283203,227.43616638183593,-209.9416290283203,197.73616638183594,-179.74162902832032,197.73616638183594
STORAGE_FURNITURE,-65,-20,65,-20,65,20,-65,20,-215.0675506591797,196.260009765625,-85.06755065917969,196.260009765625,-85.06755065917969,236.260009765625,-215.0675506591797,236.260009765625
LIGHTING,-27.1,-28.4,27.1,-28.4,27.1,28.4,-27.1,28.4,282.19880065917965,543.4357055664062,227.99880065917966,543.4357055664062,227.9988006591797,486.6357055664063,282.1988006591797,486.6357055664063
DECORATION,-50,-0.25,50,-0.25,50,0.25,-50,0.25,-199.68601989746094,196.260009765625,-99.68601989746094,196.260009765625,-99.68601989746094,196.760009765625,-199.68601989746094,196.760009765625
SOFA,-64.75,-39.8,64.75,-39.8,64.75,39.8,-64.75,39.8,182.08538818359375,555.9900024414062,52.585388183593764,555.9900024414063,52.585388183593736,476.3900024414063,182.08538818359375,476.39000244140624
