in_product_family,in_bounding_box_x1,in_bounding_box_y1,in_bounding_box_x2,in_bounding_box_y2,in_bounding_box_x3,in_bounding_box_y3,in_bounding_box_x4,in_bounding_box_y4,out_bounding_box_x1,out_bounding_box_y1,out_bounding_box_x2,out_bounding_box_y2,out_bounding_box_x3,out_bounding_box_y3,out_bounding_box_x4,out_bounding_box_y4
ROOM,-398.99748,-174.83,354.41695,-174.83,354.41695,425.65221,-398.99748,425.65221,-398.99748,-174.83,354.41695,-174.83,354.41695,425.65221,-398.99748,425.65221
TABLE,-90,-42,90,-42,90,42,-90,42,-31.21498870849608,129.5113067626953,-31.214988708496108,309.5113067626953,-115.21498870849611,309.5113067626953,-115.21498870849608,129.5113067626953
SEATING,-46.9,-24.65,46.9,-24.65,46.9,24.65,-46.9,24.65,-164.37459343334805,277.5022647632003,-164.3745947990738,183.7022647632003,-115.07459479907382,183.70226404539346,-115.07459343334806,277.5022640453935
SEATING,-46.9,-24.65,46.9,-24.65,46.9,24.65,-46.9,24.65,-164.37499016186368,226.80650975831747,-164.37499152758943,133.0065097583175,-115.07499152758945,133.00650904051065,-115.07499016186368,226.80650904051063
SEATING,-46.9,-24.65,46.9,-24.65,46.9,24.65,-46.9,24.65,17.944606284389717,139.72216190496263,17.94460613321282,233.52216190496262,-31.35539386678718,233.52216182550612,-31.35539371561028,139.72216182550613
SEATING,-46.9,-24.65,46.9,-24.65,46.9,24.65,-46.9,24.65,17.945026377926094,190.41791690984545,17.945026226749196,284.2179169098454,-31.3549737732508,284.21791683038896,-31.354973622073903,190.41791683038895
SOFA,-110.5,-45.5,110.5,-45.5,110.5,45.5,-110.5,45.5,354.4169616699219,-174.8199920654297,354.4169616699219,46.18000793457033,263.4169616699219,46.1800079345703,263.4169616699219,-174.8199920654297
STORAGE_FURNITURE,-90,-22.5,90,-22.5,90,22.5,-90,22.5,72.3428192138672,-4.8219757080078125,72.34281921386717,-184.8219757080078,117.34281921386717,-184.8219757080078,117.3428192138672,-4.8219757080078125
DECORATION,-60,-60,60,-60,60,60,-60,60,139.8545379638672,153.5186004638672,259.8545379638672,153.5186004638672,259.8545379638672,273.5186004638672,139.8545379638672,273.5186004638672
