in_product_family,in_bounding_box_x1,in_bounding_box_y1,in_bounding_box_x2,in_bounding_box_y2,in_bounding_box_x3,in_bounding_box_y3,in_bounding_box_x4,in_bounding_box_y4,out_bounding_box_x1,out_bounding_box_y1,out_bounding_box_x2,out_bounding_box_y2,out_bounding_box_x3,out_bounding_box_y3,out_bounding_box_x4,out_bounding_box_y4
ROOM,-676.94733,453.09696,155.05325,453.09696,155.05325,1094.09762,-676.94733,1094.09762,-676.94733,453.09696,155.05325,453.09696,155.05325,1094.09762,-676.94733,1094.09762
TABLE,-60,-60,60,-60,60,60,-60,60,-297.87193298339844,823.3792724609375,-177.87193298339844,823.3792724609375,-177.87193298339844,943.3792724609375,-297.87193298339844,943.3792724609375
SOFA,-110,-49.5,110,-49.5,110,49.5,-110,49.5,-600.2706604003906,453.107421875,-380.2706604003906,453.107421875,-380.2706604003906,552.107421875,-600.2706604003906,552.107421875
SOFA,-110,-49.5,110,-49.5,110,49.5,-110,49.5,-271.9348449707031,569.2581787109375,-271.9348449707031,789.2581787109375,-370.9348449707031,789.2581787109375,-370.9348449707031,569.2581787109375
STORAGE_FURNITURE,-60,-19.5,60,-19.5,60,19.5,-60,19.5,-229.73892211914065,613.6488037109375,-229.7389221191406,733.6488037109375,-268.7389221191406,733.6488037109375,-268.7389221191406,613.6488037109375
STORAGE_FURNITURE,-42.5,-39.55,42.5,-39.55,42.5,39.55,-42.5,39.55,8.04325180053712,657.0686645507812,8.043251800537092,742.0686645507812,-71.0567481994629,742.0686645507812,-71.05674819946287,657.0686645507812
LIGHTING,-27.1,-28.4,27.1,-28.4,27.1,28.4,-27.1,28.4,-302.63530883789065,453.1074157714844,-248.43530883789063,453.1074157714844,-248.43530883789063,509.90741577148435,-302.63530883789065,509.90741577148435
VEGETATION,-43,-42.85,43,-42.85,43,42.85,-43,42.85,-643.5947875976562,909.3869995117187,-557.5947875976562,909.3869995117187,-557.5947875976562,995.0869995117188,-643.5947875976562,995.0869995117188
VEGETATION,-17.5,-17.5,17.5,-17.5,17.5,17.5,-17.5,17.5,-660.6454467773438,476.1809997558594,-625.6454467773438,476.1809997558594,-625.6454467773438,511.1809997558594,-660.6454467773438,511.1809997558594
