in_product_family,in_bounding_box_x1,in_bounding_box_y1,in_bounding_box_x2,in_bounding_box_y2,in_bounding_box_x3,in_bounding_box_y3,in_bounding_box_x4,in_bounding_box_y4,out_bounding_box_x1,out_bounding_box_y1,out_bounding_box_x2,out_bounding_box_y2,out_bounding_box_x3,out_bounding_box_y3,out_bounding_box_x4,out_bounding_box_y4
ROOM,1885.05586,-584.02395,2436.05586,-584.02395,2436.05586,-236.98394,1885.05586,-236.98394,1885.05586,-584.02395,2436.05586,-584.02395,2436.05586,-236.98394,1885.05586,-236.98394
RADIATOR,-54.95,-5.5,54.95,-5.5,54.95,5.5,-54.95,5.5,1885.0657958984375,-398.1321228027344,1885.0657958984375,-508.03212280273436,1896.0657958984375,-508.03212280273436,1896.0657958984375,-398.1321228027344
SOFA,-110.5,-45.5,110.5,-45.5,110.5,45.5,-110.5,45.5,1919.908447265625,-584.0139770507812,2140.908447265625,-584.0139770507812,2140.908447265625,-493.01397705078125,1919.908447265625,-493.01397705078125
SEATING,-44.4,-21.4,44.4,-21.4,44.4,21.4,-44.4,21.4,2215.439550137921,-537.4356143237449,2215.439551424579,-448.63561432374485,2172.639551424579,-448.6356137035989,2172.639550137921,-537.4356137035988
SEATING,-44.4,-21.4,44.4,-21.4,44.4,21.4,-44.4,21.4,2216.189550137921,-584.1847903491355,2216.189551424579,-495.38479034913547,2173.389551424579,-495.3847897289895,2173.389550137921,-584.1847897289895
STORAGE_FURNITURE,-70,-17.5,70,-17.5,70,17.5,-70,17.5,2083.42529296875,-236.9939422607422,1943.42529296875,-236.9939422607422,1943.42529296875,-271.9939422607422,2083.42529296875,-271.9939422607422
SEATING,-37.5,-39.8,37.5,-39.8,37.5,39.8,-37.5,39.8,2216.102668595291,-318.9806171203194,2170.0194514019586,-259.80851986906316,2107.218132185959,-308.71817438358687,2153.3013493792914,-367.8902716348431
