in_product_family,in_bounding_box_x1,in_bounding_box_y1,in_bounding_box_x2,in_bounding_box_y2,in_bounding_box_x3,in_bounding_box_y3,in_bounding_box_x4,in_bounding_box_y4,out_bounding_box_x1,out_bounding_box_y1,out_bounding_box_x2,out_bounding_box_y2,out_bounding_box_x3,out_bounding_box_y3,out_bounding_box_x4,out_bounding_box_y4
ROOM,-417.08865,-197.995,587.91135,-197.995,587.91135,532.005,-417.08865,532.005,-417.08865,-197.995,587.91135,-197.995,587.91135,532.005,-417.08865,532.005
STORAGE_FURNITURE,-90,-20.6,90,-20.6,90,20.6,-90,20.6,-356.18359375,-197.985009765625,-176.18359375,-197.985009765625,-176.18359375,-156.785009765625,-356.18359375,-156.785009765625
TABLE,-58.25,-102.25,58.25,-102.25,58.25,102.25,-58.25,102.25,-92.15625000000001,325.2265625,-92.15624999999999,441.7265625,-296.65625,441.7265625,-296.65625,325.2265625
SOFA,-116.6,-89.35,116.6,-89.35,116.6,89.35,-116.6,89.35,-103.42281188964843,228.97155151367184,-336.6228118896484,228.9715515136719,-336.62281188964846,50.271551513671895,-103.42281188964846,50.27155151367187
