in_product_family,in_bounding_box_x1,in_bounding_box_y1,in_bounding_box_x2,in_bounding_box_y2,in_bounding_box_x3,in_bounding_box_y3,in_bounding_box_x4,in_bounding_box_y4,out_bounding_box_x1,out_bounding_box_y1,out_bounding_box_x2,out_bounding_box_y2,out_bounding_box_x3,out_bounding_box_y3,out_bounding_box_x4,out_bounding_box_y4
ROOM,-299.64834,-83.28174,108.80435,-83.28174,108.80435,555.01227,-299.64834,555.01227,-299.64834,-83.28174,108.80435,-83.28174,108.80435,555.01227,-299.64834,555.01227
SOFA,-105,-45,105,-45,105,45,-105,45,29.910147666931216,-41.44842529296872,29.91014766693109,168.55157470703128,-60.08985233306891,168.55157470703122,-60.089852333068784,-41.44842529296878
STORAGE_FURNITURE,-90,-25.7,90,-25.7,90,25.7,-90,25.7,-299.6383544921875,89.70858970284463,-299.63835449218755,-90.29141029715537,-248.23835449218754,-90.2914102971554,-248.23835449218745,89.7085897028446
TABLE,-45,-27.5,45,-27.5,45,27.5,-45,27.5,-150.9270477294922,93.52365112304688,-150.9270477294922,3.523651123046868,-95.92704772949217,3.523651123046882,-95.9270477294922,93.52365112304688
STORAGE_FURNITURE,-60,-17.5,60,-17.5,60,17.5,-60,17.5,29.910147666931174,225.90414428710938,29.91014766693113,345.9041442871094,-5.089852333068869,345.9041442871094,-5.089852333068826,225.90414428710938
