in_product_family,in_bounding_box_x1,in_bounding_box_y1,in_bounding_box_x2,in_bounding_box_y2,in_bounding_box_x3,in_bounding_box_y3,in_bounding_box_x4,in_bounding_box_y4,out_bounding_box_x1,out_bounding_box_y1,out_bounding_box_x2,out_bounding_box_y2,out_bounding_box_x3,out_bounding_box_y3,out_bounding_box_x4,out_bounding_box_y4
ROOM,-417.08865,-197.995,271.91135,-197.995,271.91135,532.005,-417.08865,532.005,-417.08865,-197.995,271.91135,-197.995,271.91135,532.005,-417.08865,532.005
STORAGE_FURNITURE,-90,-20.6,90,-20.6,90,20.6,-90,20.6,-417.0786682128906,462.8203125,-417.07866821289065,282.8203125,-375.87866821289066,282.8203125,-375.8786682128906,462.8203125
STORAGE_FURNITURE,-84.75,-20.1,84.75,-20.1,84.75,20.1,-84.75,20.1,-417.0786682128906,42.75319671630861,-417.07866821289065,-126.74680328369139,-376.87866821289066,-126.74680328369142,-376.8786682128906,42.75319671630858
TABLE,-90.2,-45,90.2,-45,90.2,45,-90.2,45,-166.38981628417966,-102.43315143585204,-166.38981628417972,77.96684856414797,-256.38981628417974,77.96684856414794,-256.38981628417963,-102.43315143585207
SOFA,-163.65,-78.8,163.65,-78.8,163.65,78.8,-163.65,78.8,-9.478671264648383,204.69500122070315,-9.478671264648497,531.9950012207032,-167.0786712646485,531.9950012207031,-167.0786712646484,204.6950012207031
