in_product_family,in_bounding_box_x1,in_bounding_box_y1,in_bounding_box_x2,in_bounding_box_y2,in_bounding_box_x3,in_bounding_box_y3,in_bounding_box_x4,in_bounding_box_y4,out_bounding_box_x1,out_bounding_box_y1,out_bounding_box_x2,out_bounding_box_y2,out_bounding_box_x3,out_bounding_box_y3,out_bounding_box_x4,out_bounding_box_y4
ROOM,850.06005,-97.62194,1191.52044,-97.62194,1191.52044,212.54099,850.06005,212.54099,850.06005,-97.62194,1191.52044,-97.62194,1191.52044,212.54099,850.06005,212.54099
SOFA,-74.6,-42.7,74.6,-42.7,74.6,42.7,-74.6,42.7,854.4960449218751,200.29504547119143,854.496044921875,51.095045471191426,939.8960449218749,51.0950454711914,939.896044921875,200.29504547119137
TABLE,-63,-31.05,63,-31.05,63,31.05,-63,31.05,1191.5144775390625,-105.18324279785156,1191.5144775390625,20.81675720214843,1129.4144775390625,20.816757202148445,1129.4144775390625,-105.18324279785156
SEATING,-24.15,-28.45,24.15,-28.45,24.15,28.45,-24.15,28.45,1076.0649658203124,-63.7828971862793,1124.3649658203126,-63.7828971862793,1124.3649658203126,-6.882897186279298,1076.0649658203124,-6.882897186279298
STORAGE_FURNITURE,-60.25,-22.8,60.25,-22.8,60.25,22.8,-60.25,22.8,1191.5144775390625,94.373046875,1191.5144775390625,214.873046875,1145.9144775390625,214.873046875,1145.9144775390625,94.373046875
