in_product_family,in_bounding_box_x1,in_bounding_box_y1,in_bounding_box_x2,in_bounding_box_y2,in_bounding_box_x3,in_bounding_box_y3,in_bounding_box_x4,in_bounding_box_y4,out_bounding_box_x1,out_bounding_box_y1,out_bounding_box_x2,out_bounding_box_y2,out_bounding_box_x3,out_bounding_box_y3,out_bounding_box_x4,out_bounding_box_y4
ROOM,-487.27163,66.09606,-25.02991,66.09606,-25.02991,508.20153,-487.27163,508.20153,-487.27163,66.09606,-25.02991,66.09606,-25.02991,508.20153,-487.27163,508.20153
SOFA,-105.05,-43.5,105.05,-43.5,105.05,43.5,-105.05,43.5,-318.4376495361328,66.10606384277344,-108.33764953613282,66.10606384277344,-108.33764953613282,153.10606384277344,-318.4376495361328,153.10606384277344
SOFA,-105.05,-43.5,105.05,-43.5,105.05,43.5,-105.05,43.5,-25.02991485595699,153.11604614257814,-25.029914855957074,363.21604614257814,-112.02991485595707,363.2160461425781,-112.02991485595699,153.1160461425781
SOFA,-105.05,-43.5,105.05,-43.5,105.05,43.5,-105.05,43.5,-210.48109741210936,508.1915283203125,-420.5810974121094,508.1915283203125,-420.5810974121094,421.1915283203125,-210.48109741210936,421.1915283203125
SOFA,-105.05,-43.5,105.05,-43.5,105.05,43.5,-105.05,43.5,-482.8438415527343,421.18150024414064,-482.84384155273443,211.08150024414067,-395.84384155273443,211.0815002441406,-395.8438415527343,421.1815002441406
