in_product_family,in_bounding_box_x1,in_bounding_box_y1,in_bounding_box_x2,in_bounding_box_y2,in_bounding_box_x3,in_bounding_box_y3,in_bounding_box_x4,in_bounding_box_y4,out_bounding_box_x1,out_bounding_box_y1,out_bounding_box_x2,out_bounding_box_y2,out_bounding_box_x3,out_bounding_box_y3,out_bounding_box_x4,out_bounding_box_y4
ROOM,-1056.52889,-23.32321,-163.32838,-23.32321,-163.32838,618.69801,-1056.52889,618.69801,-1056.52889,-23.32321,-163.32838,-23.32321,-163.32838,618.69801,-1056.52889,618.69801
SOFA,-110.5,-45.5,110.5,-45.5,110.5,45.5,-110.5,45.5,-577.2303435778757,48.7574723227451,-362.06236212236826,-1.6780286300795382,-341.2948029064993,86.92055196924709,-556.4627843620068,137.35605292207174
SOFA,-110.5,-45.5,110.5,-45.5,110.5,45.5,-110.5,45.5,-575.3271327446946,456.5707973496311,-626.7882189012145,241.64579505443226,-538.2896885443679,220.4559360488064,-486.82860238784804,435.38093834400524
