in_product_family,in_bounding_box_x1,in_bounding_box_y1,in_bounding_box_x2,in_bounding_box_y2,in_bounding_box_x3,in_bounding_box_y3,in_bounding_box_x4,in_bounding_box_y4,out_bounding_box_x1,out_bounding_box_y1,out_bounding_box_x2,out_bounding_box_y2,out_bounding_box_x3,out_bounding_box_y3,out_bounding_box_x4,out_bounding_box_y4
ROOM,-266.93351,-94.38279,592.09141,-94.38279,592.09141,246.44162,-266.93351,246.44162,-266.93351,-94.38279,592.09141,-94.38279,592.09141,246.44162,-266.93351,246.44162
TABLE,-75.35,-40.75,75.35,-40.75,75.35,40.75,-75.35,40.75,-28.276208496093744,14.659042358398438,122.42379150390624,14.659042358398438,122.42379150390624,96.15904235839844,-28.276208496093744,96.15904235839844
SEATING,-47,-27.2,47,-27.2,47,27.2,-47,27.2,-21.55910873413086,-16.688204956054687,72.44089126586914,-16.688204956054687,72.44089126586914,37.711795043945315,-21.55910873413086,37.711795043945315
SEATING,-47,-27.2,47,-27.2,47,27.2,-47,27.2,27.467086791992188,-16.322177124023437,121.46708679199219,-16.322177124023437,121.46708679199219,38.077822875976565,27.467086791992188,38.077822875976565
SEATING,-47,-27.2,47,-27.2,47,27.2,-47,27.2,121.79105258131966,126.32793174487821,27.791052581319768,126.32792763012174,27.791054962625644,71.92792763012179,121.79105496262554,71.92793174487826
SEATING,-47,-27.2,47,-27.2,47,27.2,-47,27.2,72.76485896254525,125.9619115422415,-21.235141037454646,125.96190742748502,-21.23513865614877,71.56190742748507,72.76486134385112,71.56191154224155
SOFA,-110.5,-45.5,110.5,-45.5,110.5,45.5,-110.5,45.5,480.73828125,-69.70930862426759,480.73828125,151.29069137573242,389.73828125,151.29069137573242,389.73828125,-69.70930862426756
TABLE,-45.05,-25.1,45.05,-25.1,45.05,25.1,-45.05,25.1,289.56751098632816,81.37509994506837,289.5675109863281,-8.72490005493163,339.7675109863281,-8.724900054931645,339.76751098632815,81.37509994506834
