in_product_family,in_bounding_box_x1,in_bounding_box_y1,in_bounding_box_x2,in_bounding_box_y2,in_bounding_box_x3,in_bounding_box_y3,in_bounding_box_x4,in_bounding_box_y4,out_bounding_box_x1,out_bounding_box_y1,out_bounding_box_x2,out_bounding_box_y2,out_bounding_box_x3,out_bounding_box_y3,out_bounding_box_x4,out_bounding_box_y4
ROOM,-287.48387,-95.78947,19.60843,-95.78947,19.60843,444.30326,-287.48387,444.30326,-287.48387,-95.78947,19.60843,-95.78947,19.60843,444.30326,-287.48387,444.30326
SOFA,-109.85,-92.25,109.85,-92.25,109.85,92.25,-109.85,92.25,-102.97465515136712,-95.78560218811029,-102.97465515136726,123.9143978118897,-287.47465515136724,123.91439781188959,-287.47465515136713,-95.7856021881104
TABLE,-70,-35,70,-35,70,35,-70,35,-68.70346832275388,268.7298583984375,-68.70346832275393,408.7298583984375,-138.70346832275393,408.7298583984375,-138.70346832275388,268.7298583984375
SEATING,-47.6,-22,47.6,-22,47.6,22,-47.6,22,-138.71347045898435,319.0967468261719,-138.7134704589844,414.2967468261719,-182.7134704589844,414.29674682617184,-182.71347045898435,319.09674682617185
SEATING,-47.6,-22,47.6,-22,47.6,22,-47.6,22,-138.71347045898435,319.0967468261719,-138.7134704589844,414.2967468261719,-182.7134704589844,414.29674682617184,-182.71347045898435,319.09674682617185
SEATING,-47.6,-22,47.6,-22,47.6,22,-47.6,22,-144.74765252114912,264.65017774421,-120.9141243783634,356.8185179498741,-163.51293707846025,367.83401415032125,-187.34646522124598,275.66567394465716
SEATING,-47.6,-22,47.6,-22,47.6,22,-47.6,22,-144.74765252114912,264.65017774421,-120.9141243783634,356.8185179498741,-163.51293707846025,367.83401415032125,-187.34646522124598,275.66567394465716
