in_product_family,in_bounding_box_x1,in_bounding_box_y1,in_bounding_box_x2,in_bounding_box_y2,in_bounding_box_x3,in_bounding_box_y3,in_bounding_box_x4,in_bounding_box_y4,out_bounding_box_x1,out_bounding_box_y1,out_bounding_box_x2,out_bounding_box_y2,out_bounding_box_x3,out_bounding_box_y3,out_bounding_box_x4,out_bounding_box_y4
ROOM,95.88627,-171.62248,1081.69767,-171.62248,1081.69767,585.39269,95.88627,585.39269,95.88627,-171.62248,1081.69767,-171.62248,1081.69767,585.39269,95.88627,585.39269
SOFA,-99.1,-52.65,99.1,-52.65,99.1,52.65,-99.1,52.65,900.9514315368867,28.178566452671845,818.49360289388,208.41160031572522,722.7391202209258,164.6032786401016,805.1969488639324,-15.629755222951786
TABLE,-105,-37.5,105,-37.5,105,37.5,-105,37.5,925.4160766601562,269.10194396972656,925.4160766601562,59.10194396972655,1000.4160766601562,59.10194396972658,1000.4160766601562,269.10194396972656
STORAGE_FURNITURE,-90,-22.5,90,-22.5,90,22.5,-90,22.5,521.9510545776742,61.67179988489363,524.0056122633201,-118.31647415737933,569.0026807738883,-117.80283473596785,566.9481230882424,62.18543930630511
SEATING,-39,-35,39,-35,39,35,-39,35,790.4194869699842,-166.67668698742222,844.7049218920359,-110.66694180568018,794.4397659597033,-61.9492437987106,740.1543310376516,-117.95898898045263
