in_product_family,in_bounding_box_x1,in_bounding_box_y1,in_bounding_box_x2,in_bounding_box_y2,in_bounding_box_x3,in_bounding_box_y3,in_bounding_box_x4,in_bounding_box_y4,out_bounding_box_x1,out_bounding_box_y1,out_bounding_box_x2,out_bounding_box_y2,out_bounding_box_x3,out_bounding_box_y3,out_bounding_box_x4,out_bounding_box_y4
ROOM,-132.87036,-62.21636,157.14421,-62.21636,157.14421,234.20604,-132.87036,234.20604,-132.87036,-62.21636,157.14421,-62.21636,157.14421,234.20604,-132.87036,234.20604
TABLE,-40.5,-35.5,40.5,-35.5,40.5,35.5,-40.5,35.5,-129.45668029785156,227.6970977783203,-129.45668029785156,146.6970977783203,-58.45668029785155,146.6970977783203,-58.45668029785158,227.6970977783203
SEATING,-23.9,-25.95,23.9,-25.95,23.9,25.95,-23.9,25.95,-33.77588348388673,163.9991241455078,-33.775883483886716,211.7991241455078,-85.67588348388671,211.79912414550782,-85.67588348388672,163.99912414550784
