in_product_family,in_bounding_box_x1,in_bounding_box_y1,in_bounding_box_x2,in_bounding_box_y2,in_bounding_box_x3,in_bounding_box_y3,in_bounding_box_x4,in_bounding_box_y4,out_bounding_box_x1,out_bounding_box_y1,out_bounding_box_x2,out_bounding_box_y2,out_bounding_box_x3,out_bounding_box_y3,out_bounding_box_x4,out_bounding_box_y4
ROOM,110.03895,151.2121,749.68218,151.2121,749.68218,419.37236,110.03895,419.37236,110.03895,151.2121,749.68218,151.2121,749.68218,419.37236,110.03895,419.37236
SOFA,-99,-48.5,99,-48.5,99,48.5,-99,48.5,544.5859069824219,404.82525634765625,346.5859069824219,404.82525634765625,346.5859069824219,307.82525634765625,544.5859069824219,307.82525634765625
SOFA,-77.95,-47.5,77.95,-47.5,77.95,47.5,-77.95,47.5,686.12158203125,177.5574768066406,686.12158203125,333.4574768066406,591.12158203125,333.45747680664067,591.12158203125,177.55747680664064
STORAGE_FURNITURE,-65,-30.9,65,-30.9,65,30.9,-65,30.9,110.04895935058596,395.27764892578125,110.04895935058592,265.27764892578125,171.84895935058591,265.27764892578125,171.84895935058597,395.27764892578125
SEATING,-40.5,-32.65,40.5,-32.65,40.5,32.65,-40.5,32.65,237.60469665527341,312.20867919921875,237.60469665527344,393.20867919921875,172.30469665527346,393.20867919921875,172.30469665527343,312.20867919921875
