in_product_family,in_bounding_box_x1,in_bounding_box_y1,in_bounding_box_x2,in_bounding_box_y2,in_bounding_box_x3,in_bounding_box_y3,in_bounding_box_x4,in_bounding_box_y4,out_bounding_box_x1,out_bounding_box_y1,out_bounding_box_x2,out_bounding_box_y2,out_bounding_box_x3,out_bounding_box_y3,out_bounding_box_x4,out_bounding_box_y4
ROOM,253.10715,-477.01043,998.67123,-477.01043,998.67123,292.98957,253.10715,292.98957,253.10715,-477.01043,998.67123,-477.01043,998.67123,292.98957,253.10715,292.98957
SOFA,-110.5,-45.5,110.5,-45.5,110.5,45.5,-110.5,45.5,630.3226318359375,-474.5473327636719,630.3226318359375,-253.54733276367188,539.3226318359375,-253.54733276367188,539.3226318359375,-474.5473327636719
TABLE,-45,-27.5,45,-27.5,45,27.5,-45,27.5,512.6232604980469,-414.9705505371094,512.6232604980469,-324.9705505371094,457.6232604980469,-324.9705505371094,457.6232604980469,-414.9705505371094
TABLE,-75.35,-40.75,75.35,-40.75,75.35,40.75,-75.35,40.75,628.0772338867188,-46.83746337890626,477.3772338867187,-46.83746337890624,477.3772338867187,-128.33746337890625,628.0772338867188,-128.33746337890625
SEATING,-20.55,-25,20.55,-25,20.55,25,-20.55,25,531.5776489257812,9.752676010131832,490.47764892578124,9.75267601013184,490.47764892578124,-40.247323989868164,531.5776489257812,-40.247323989868164
SEATING,-20.55,-25,20.55,-25,20.55,25,-20.55,25,579.179248046875,-178.34747314453125,620.279248046875,-178.34747314453125,620.279248046875,-128.34747314453125,579.179248046875,-128.34747314453125
SEATING,-20.55,-25,20.55,-25,20.55,25,-20.55,25,614.822705078125,9.554841041564938,573.722705078125,9.554841041564945,573.722705078125,-40.44515895843506,614.822705078125,-40.44515895843506
SEATING,-20.55,-25,20.55,-25,20.55,25,-20.55,25,493.8922607421875,-178.34747314453125,534.9922607421875,-178.34747314453125,534.9922607421875,-128.34747314453125,493.8922607421875,-128.34747314453125
STORAGE_FURNITURE,-75,-22.5,75,-22.5,75,22.5,-75,22.5,253.11715698242185,-327.00701904296875,253.1171569824219,-477.00701904296875,298.1171569824219,-477.00701904296875,298.1171569824219,-327.00701904296875
