in_product_family,in_bounding_box_x1,in_bounding_box_y1,in_bounding_box_x2,in_bounding_box_y2,in_bounding_box_x3,in_bounding_box_y3,in_bounding_box_x4,in_bounding_box_y4,out_bounding_box_x1,out_bounding_box_y1,out_bounding_box_x2,out_bounding_box_y2,out_bounding_box_x3,out_bounding_box_y3,out_bounding_box_x4,out_bounding_box_y4
ROOM,-510,-410,-41.05631,-410,-41.05631,173.56513,-510,173.56513,-510,-410,-41.05631,-410,-41.05631,173.56513,-510,173.56513
STORAGE_FURNITURE,-90,-20,90,-20,90,20,-90,20,-510.48999023437494,-133.50396728515625,-510.48999023437506,-313.50396728515625,-470.48999023437506,-313.50396728515625,-470.48999023437494,-133.50396728515625
SOFA,-83.5,-46.95,83.5,-46.95,83.5,46.95,-83.5,46.95,-97.7033050537109,-307.88238525390625,-97.70330505371096,-140.88238525390625,-191.60330505371098,-140.88238525390625,-191.60330505371093,-307.88238525390625
TABLE,-60,-60,60,-60,60,60,-60,60,-239.29275512695312,-22.954021453857422,-119.29275512695312,-22.954021453857422,-119.29275512695312,97.04597854614258,-239.29275512695312,97.04597854614258
TABLE,-37.5,-27.5,37.5,-27.5,37.5,27.5,-37.5,27.5,-246.91796875,-258.2494201660156,-246.91796875,-183.24942016601562,-301.91796875,-183.24942016601562,-301.91796875,-258.2494201660156
STORAGE_FURNITURE,-57,-21,57,-21,57,21,-57,21,-377.488037109375,-410.2061462402344,-263.488037109375,-410.2061462402344,-263.488037109375,-368.2061462402344,-377.488037109375,-368.2061462402344
TABLE,-100,-47.65,100,-47.65,100,47.65,-100,47.65,-533.139990234375,119.4067077636719,-533.1399902343751,-80.5932922363281,-437.8399902343751,-80.59329223632815,-437.8399902343749,119.40670776367185
STORAGE_FURNITURE,-45,-20,45,-20,45,20,-45,20,-245.82052612304688,170.7689971923828,-335.8205261230469,170.7689971923828,-335.8205261230469,130.7689971923828,-245.82052612304688,130.7689971923828
