in_product_family,in_bounding_box_x1,in_bounding_box_y1,in_bounding_box_x2,in_bounding_box_y2,in_bounding_box_x3,in_bounding_box_y3,in_bounding_box_x4,in_bounding_box_y4,out_bounding_box_x1,out_bounding_box_y1,out_bounding_box_x2,out_bounding_box_y2,out_bounding_box_x3,out_bounding_box_y3,out_bounding_box_x4,out_bounding_box_y4
ROOM,-84.46028,-98.03617,616.1886,-98.03617,616.1886,703.03174,-84.46028,703.03174,-84.46028,-98.03617,616.1886,-98.03617,616.1886,703.03174,-84.46028,703.03174
TABLE,-40,-40,40,-40,40,40,-40,40,168.56112670898438,67.96150207519531,248.56112670898438,67.96150207519531,248.56112670898438,147.9615020751953,168.56112670898438,147.9615020751953
SEATING,-42,-41,42,-41,42,41,-42,41,-64.84615651425841,26.80967424866993,-6.038502081928122,-33.17082074901764,52.513885892004986,24.23665143492382,-6.293768540325296,84.2171464326114
SOFA,-112.3,-50,112.3,-50,112.3,50,-112.3,50,106.98379821777341,-97.93650436401362,331.5837982177734,-97.93650436401373,331.58379821777345,2.0634956359862784,106.98379821777347,2.063495635986378
TABLE,-40,-40,40,-40,40,40,-40,40,443.75408935546875,543.5047912597656,363.75408935546875,543.5047912597656,363.75408935546875,463.5047912597656,443.75408935546875,463.5047912597656
SOFA,-112.3,-50,112.3,-50,112.3,50,-112.3,50,517.132568359375,1.4605590820312386,517.132568359375,226.06055908203123,417.132568359375,226.06055908203126,417.132568359375,1.460559082031267
SOFA,-112.3,-50,112.3,-50,112.3,50,-112.3,50,508.34925537109376,703.021728515625,283.74925537109374,703.021728515625,283.74925537109374,603.021728515625,508.34925537109376,603.021728515625
SEATING,-44,-48.5,44,-48.5,44,48.5,-44,48.5,610.2532348632812,475.199951171875,610.2532348632812,563.199951171875,513.2532348632812,563.199951171875,513.2532348632812,475.199951171875
