in_product_family,in_bounding_box_x1,in_bounding_box_y1,in_bounding_box_x2,in_bounding_box_y2,in_bounding_box_x3,in_bounding_box_y3,in_bounding_box_x4,in_bounding_box_y4,out_bounding_box_x1,out_bounding_box_y1,out_bounding_box_x2,out_bounding_box_y2,out_bounding_box_x3,out_bounding_box_y3,out_bounding_box_x4,out_bounding_box_y4
ROOM,-138.3416,-300,438.6584,-300,438.6584,300,-138.3416,300,-138.3416,-300,438.6584,-300,438.6584,300,-138.3416,300
SOFA,-91,-45,91,-45,91,45,-91,45,140.65641784667972,-69.3832550048828,140.65641784667966,-251.3832550048828,230.65641784667966,-251.3832550048828,230.65641784667972,-69.38325500488283
SOFA,-91,-45,91,-45,91,45,-91,45,329.0811254779164,137.8544038329525,184.26495886238052,27.617033187688307,238.77794434630238,-43.99535689691734,383.5941109618382,66.24201374834685
TABLE,-129.8,-44.75,129.8,-44.75,129.8,44.75,-129.8,44.75,45.173508852720225,-239.5577133178711,45.173508852720296,20.042286682128918,-44.326491147279704,20.042286682128918,-44.326491147279775,-239.5577133178711
