in_product_family,in_bounding_box_x1,in_bounding_box_y1,in_bounding_box_x2,in_bounding_box_y2,in_bounding_box_x3,in_bounding_box_y3,in_bounding_box_x4,in_bounding_box_y4,out_bounding_box_x1,out_bounding_box_y1,out_bounding_box_x2,out_bounding_box_y2,out_bounding_box_x3,out_bounding_box_y3,out_bounding_box_x4,out_bounding_box_y4
ROOM,-1646.5,3760.3615,-798.23839,3760.3615,-798.23839,4185.96574,-1646.5,4185.96574,-1646.5,3760.3615,-798.23839,3760.3615,-798.23839,4185.96574,-1646.5,4185.96574
SOFA,-99,-48.5,99,-48.5,99,48.5,-99,48.5,-1154.2843018748383,4094.5053713326274,-1352.2843018748383,4094.5053708548726,-1352.2843016407867,3997.5053708548726,-1154.2843016407867,3997.5053713326274
STORAGE_FURNITURE,-90,-20,90,-20,90,20,-90,20,-1327.8277587890625,3760.37158203125,-1147.8277587890625,3760.37158203125,-1147.8277587890625,3800.37158203125,-1327.8277587890625,3800.37158203125
TABLE,-27.5,-27.5,27.5,-27.5,27.5,27.5,-27.5,27.5,-1273.3929443359375,3892.891845703125,-1218.3929443359375,3892.891845703125,-1218.3929443359375,3947.891845703125,-1273.3929443359375,3947.891845703125
DECORATION,-38.6,-31.45,38.6,-31.45,38.6,31.45,-38.6,31.45,-1268.399560546875,3892.489697265625,-1191.199560546875,3892.489697265625,-1191.199560546875,3955.389697265625,-1268.399560546875,3955.389697265625
SEATING,-48.6,-45,48.6,-45,48.6,45,-48.6,45,-1438.9479171103544,3989.975482215313,-1489.5969847614886,3907.014576084348,-1412.7813309365206,3860.117291222187,-1362.1322632853864,3943.078197353152
SEATING,-48.6,-45,48.6,-45,48.6,45,-48.6,45,-995.4616638345218,3905.5166243533417,-1047.136721565975,3987.84237007393,-1123.364263899853,3939.9950943966583,-1071.6892061684,3857.66934867607
