in_product_family,in_bounding_box_x1,in_bounding_box_y1,in_bounding_box_x2,in_bounding_box_y2,in_bounding_box_x3,in_bounding_box_y3,in_bounding_box_x4,in_bounding_box_y4,out_bounding_box_x1,out_bounding_box_y1,out_bounding_box_x2,out_bounding_box_y2,out_bounding_box_x3,out_bounding_box_y3,out_bounding_box_x4,out_bounding_box_y4
ROOM,260.39934,166.70661,1115.88451,166.70661,1115.88451,1211.87986,260.39934,1211.87986,260.39934,166.70661,1115.88451,166.70661,1115.88451,1211.87986,260.39934,1211.87986
SOFA,-123.3,-47.05,123.3,-47.05,123.3,47.05,-123.3,47.05,1106.2312744140625,781.4633666992188,1106.2312744140625,1028.0633666992187,1012.1312744140624,1028.0633666992187,1012.1312744140625,781.4633666992188
TABLE,-52.5,-54.5,52.5,-54.5,52.5,54.5,-52.5,54.5,984.5665283203125,844.8302001953125,984.5665283203125,949.8302001953125,875.5665283203125,949.8302001953125,875.5665283203125,844.8302001953125
