in_product_family,in_bounding_box_x1,in_bounding_box_y1,in_bounding_box_x2,in_bounding_box_y2,in_bounding_box_x3,in_bounding_box_y3,in_bounding_box_x4,in_bounding_box_y4,out_bounding_box_x1,out_bounding_box_y1,out_bounding_box_x2,out_bounding_box_y2,out_bounding_box_x3,out_bounding_box_y3,out_bounding_box_x4,out_bounding_box_y4
ROOM,-398.80325,-299.35436,516.39524,-299.35436,516.39524,342.81272,-398.80325,342.81272,-398.80325,-299.35436,516.39524,-299.35436,516.39524,342.81272,-398.80325,342.81272
SOFA,-121.25,-79.45,121.25,-79.45,121.25,79.45,-121.25,79.45,123.2067687988281,145.091344833374,123.20676879882815,-97.408655166626,282.10676879882817,-97.40865516662595,282.1067687988281,145.09134483337405
STORAGE_FURNITURE,-80,-20.9,80,-20.9,80,20.9,-80,20.9,288.8836364746094,-279.309912109375,448.8836364746094,-279.309912109375,448.8836364746094,-237.509912109375,288.8836364746094,-237.509912109375
SEATING,-46.6,-33.7,46.6,-33.7,46.6,33.7,-46.6,33.7,318.54362418038886,193.56118227342355,377.2140171808348,121.14554180002008,429.5832679094549,163.57455991407645,370.91287490900896,235.99020038747992
