in_product_family,in_bounding_box_x1,in_bounding_box_y1,in_bounding_box_x2,in_bounding_box_y2,in_bounding_box_x3,in_bounding_box_y3,in_bounding_box_x4,in_bounding_box_y4,out_bounding_box_x1,out_bounding_box_y1,out_bounding_box_x2,out_bounding_box_y2,out_bounding_box_x3,out_bounding_box_y3,out_bounding_box_x4,out_bounding_box_y4
ROOM,-57.97007,-65.83368,454.02743,-65.83368,454.02743,302.37524,-57.97007,302.37524,-57.97007,-65.83368,454.02743,-65.83368,454.02743,302.37524,-57.97007,302.37524
SOFA,-130.3,-83.7,130.3,-83.7,130.3,83.7,-130.3,83.7,318.989520263672,41.76523132324223,318.9895202636718,302.36523132324226,151.58952026367177,302.36523132324214,151.58952026367194,41.76523132324212
STORAGE_FURNITURE,-85,-16,85,-16,85,16,-85,16,2.9093875885009517,295.9453125,2.9093875885010014,125.9453125,34.909387588501005,125.9453125,34.90938758850095,295.9453125
