in_product_family,in_bounding_box_x1,in_bounding_box_y1,in_bounding_box_x2,in_bounding_box_y2,in_bounding_box_x3,in_bounding_box_y3,in_bounding_box_x4,in_bounding_box_y4,out_bounding_box_x1,out_bounding_box_y1,out_bounding_box_x2,out_bounding_box_y2,out_bounding_box_x3,out_bounding_box_y3,out_bounding_box_x4,out_bounding_box_y4
ROOM,-440.66082,-231.27236,165.33927,-231.27236,165.33927,255.72765,-440.66082,255.72765,-440.66082,-231.27236,165.33927,-231.27236,165.33927,255.72765,-440.66082,255.72765
SOFA,-125.5,-81.75,125.5,-81.75,125.5,81.75,-125.5,81.75,-167.41271591186523,-40.454544067382784,83.58728408813475,-40.45454406738284,83.58728408813478,123.04545593261716,-167.41271591186523,123.04545593261722
STORAGE_FURNITURE,-75,-22.5,75,-22.5,75,22.5,-75,22.5,15.866653442382812,251.71766662597656,-134.1333465576172,251.71766662597656,-134.1333465576172,206.71766662597656,15.866653442382812,206.71766662597656
STORAGE_FURNITURE,-73.5,-19.9,73.5,-19.9,73.5,19.9,-73.5,19.9,-390.9087219238281,207.72675476074218,-243.90872192382812,207.72675476074218,-243.90872192382812,247.5267547607422,-390.9087219238281,247.5267547607422
STORAGE_FURNITURE,-45,-11,45,-11,45,11,-45,11,-129.18096923828125,116.84860229492189,-39.18096923828126,116.84860229492186,-39.18096923828124,138.84860229492185,-129.18096923828125,138.8486022949219
VEGETATION,-42.45,-43,42.45,-43,42.45,43,-42.45,43,165.3292724609375,255.72764587402344,80.42927246093748,255.72764587402344,80.42927246093751,169.72764587402344,165.32927246093752,169.72764587402344
