in_product_family,in_bounding_box_x1,in_bounding_box_y1,in_bounding_box_x2,in_bounding_box_y2,in_bounding_box_x3,in_bounding_box_y3,in_bounding_box_x4,in_bounding_box_y4,out_bounding_box_x1,out_bounding_box_y1,out_bounding_box_x2,out_bounding_box_y2,out_bounding_box_x3,out_bounding_box_y3,out_bounding_box_x4,out_bounding_box_y4
ROOM,-602.65967,-413.98438,14.27563,-413.98438,14.27563,376.48083,-602.65967,376.48083,-602.65967,-413.98438,14.27563,-413.98438,14.27563,376.48083,-602.65967,376.48083
SOFA,-98,-50,98,-50,98,50,-98,50,-215.62658691406247,-162.16763305664062,-215.62658691406253,-358.1676330566406,-115.62658691406253,-358.1676330566406,-115.62658691406247,-162.16763305664062
STORAGE_FURNITURE,-90,-22.5,90,-22.5,90,22.5,-90,22.5,-505.7245483398437,296.6893310546875,-505.7245483398438,116.68933105468751,-460.7245483398438,116.68933105468749,-460.7245483398437,296.6893310546875
