in_product_family,in_bounding_box_x1,in_bounding_box_y1,in_bounding_box_x2,in_bounding_box_y2,in_bounding_box_x3,in_bounding_box_y3,in_bounding_box_x4,in_bounding_box_y4,out_bounding_box_x1,out_bounding_box_y1,out_bounding_box_x2,out_bounding_box_y2,out_bounding_box_x3,out_bounding_box_y3,out_bounding_box_x4,out_bounding_box_y4
ROOM,-370.85913,-113.95122,184.99722,-113.95122,184.99722,564.01103,-370.85913,564.01103,-370.85913,-113.95122,184.99722,-113.95122,184.99722,564.01103,-370.85913,564.01103
SOFA,-105,-45,105,-45,105,45,-105,45,-260.5694580078125,-50.62744379043579,-50.5694580078125,-50.62744379043579,-50.5694580078125,39.37255620956421,-260.5694580078125,39.37255620956421
SOFA,-105,-45,105,-45,105,45,-105,45,-126.74461364746092,-47.433586120605455,-126.74461364746095,162.56641387939453,-216.74461364746094,162.56641387939453,-216.74461364746094,-47.43358612060548
TABLE,-60,-60,60,-60,60,60,-60,60,-25.596607208251953,33.46931457519531,94.40339279174805,33.46931457519531,94.40339279174805,153.4693145751953,-25.596607208251953,153.4693145751953
TABLE,-60.3,-35,60.3,-35,60.3,35,-60.3,35,-361.41650390625,82.36120109558104,-361.41650390625,-38.23879890441895,-291.41650390625,-38.238798904418935,-291.41650390625,82.36120109558107
