in_product_family,in_bounding_box_x1,in_bounding_box_y1,in_bounding_box_x2,in_bounding_box_y2,in_bounding_box_x3,in_bounding_box_y3,in_bounding_box_x4,in_bounding_box_y4,out_bounding_box_x1,out_bounding_box_y1,out_bounding_box_x2,out_bounding_box_y2,out_bounding_box_x3,out_bounding_box_y3,out_bounding_box_x4,out_bounding_box_y4
ROOM,120.57647,-672.49474,1079.59383,-672.49474,1079.59383,164.01291,120.57647,164.01291,120.57647,-672.49474,1079.59383,-672.49474,1079.59383,164.01291,120.57647,164.01291
SOFA,-130.3,-83.7,130.3,-83.7,130.3,83.7,-130.3,83.7,270.0805480957031,79.55989913940428,270.0805480957032,-181.04010086059574,437.48054809570317,-181.0401008605957,437.48054809570306,79.55989913940434
