in_product_family,in_bounding_box_x1,in_bounding_box_y1,in_bounding_box_x2,in_bounding_box_y2,in_bounding_box_x3,in_bounding_box_y3,in_bounding_box_x4,in_bounding_box_y4,out_bounding_box_x1,out_bounding_box_y1,out_bounding_box_x2,out_bounding_box_y2,out_bounding_box_x3,out_bounding_box_y3,out_bounding_box_x4,out_bounding_box_y4
ROOM,70.03256,21.47947,1010.03257,21.47947,1010.03257,711.47947,70.03256,711.47947,70.03256,21.47947,1010.03257,21.47947,1010.03257,711.47947,70.03256,711.47947
STORAGE_FURNITURE,-70,-22.5,70,-22.5,70,22.5,-70,22.5,1010.0225830078125,283.62982177734375,1010.0225830078125,423.62982177734375,965.0225830078125,423.62982177734375,965.0225830078125,283.62982177734375
TABLE,-50,-50,50,-50,50,50,-50,50,804.1482543945312,287.14520263671875,904.1482543945312,287.14520263671875,904.1482543945312,387.14520263671875,804.1482543945312,387.14520263671875
SOFA,-130.3,-83.7,130.3,-83.7,130.3,83.7,-130.3,83.7,641.4046752929688,510.05729370117194,641.4046752929687,249.4572937011719,808.8046752929687,249.45729370117184,808.8046752929688,510.05729370117183
STORAGE_FURNITURE,-45,-20,45,-20,45,20,-45,20,1010.0225830078125,562.9808959960938,1010.0225830078125,652.9808959960938,970.0225830078125,652.9808959960938,970.0225830078125,562.9808959960938
STORAGE_FURNITURE,-45,-20,45,-20,45,20,-45,20,1010.0225830078125,475.2808837890625,1010.0225830078125,565.2808837890625,970.0225830078125,565.2808837890625,970.0225830078125,475.2808837890625
