in_product_family,in_bounding_box_x1,in_bounding_box_y1,in_bounding_box_x2,in_bounding_box_y2,in_bounding_box_x3,in_bounding_box_y3,in_bounding_box_x4,in_bounding_box_y4,out_bounding_box_x1,out_bounding_box_y1,out_bounding_box_x2,out_bounding_box_y2,out_bounding_box_x3,out_bounding_box_y3,out_bounding_box_x4,out_bounding_box_y4
ROOM,-180.87818,-278.26486,246.44396,-278.26486,246.44396,114.54672,-180.87818,114.54672,-180.87818,-278.26486,246.44396,-278.26486,246.44396,114.54672,-180.87818,114.54672
STORAGE_FURNITURE,-100,-22.5,100,-22.5,100,22.5,-100,22.5,246.43395996093747,-134.40280532836914,246.43395996093753,65.59719467163086,201.43395996093753,65.59719467163086,201.43395996093747,-134.40280532836914
SOFA,-130.3,-83.7,130.3,-83.7,130.3,83.7,-130.3,83.7,-180.87817687988274,114.5367095947266,-180.87817687988286,-146.06329040527342,-13.478176879882867,-146.06329040527348,-13.478176879882753,114.53670959472655
TABLE,-55,-37.5,55,-37.5,55,37.5,-55,37.5,22.163884162902818,-119.89344024658203,22.163884162902846,-9.893440246582038,-52.836115837097154,-9.893440246582024,-52.83611583709718,-119.89344024658203
