in_product_family,in_bounding_box_x1,in_bounding_box_y1,in_bounding_box_x2,in_bounding_box_y2,in_bounding_box_x3,in_bounding_box_y3,in_bounding_box_x4,in_bounding_box_y4,out_bounding_box_x1,out_bounding_box_y1,out_bounding_box_x2,out_bounding_box_y2,out_bounding_box_x3,out_bounding_box_y3,out_bounding_box_x4,out_bounding_box_y4
ROOM,-308.549,-480.569,48.087,-480.569,48.087,-143.72201,-308.549,-143.72201,-308.549,-480.569,48.087,-480.569,48.087,-143.72201,-308.549,-143.72201
SOFA,-130.3,-83.7,130.3,-83.7,130.3,83.7,-130.3,83.7,-308.54899902343743,-219.95900268554684,-308.54899902343755,-480.55900268554683,-141.14899902343757,-480.55900268554694,-141.14899902343745,-219.9590026855469
TABLE,-55,-30,55,-30,55,30,-55,30,-81.13899993896482,-365.7494812011719,-81.13899993896487,-255.74948120117188,-141.13899993896487,-255.74948120117188,-141.13899993896482,-365.7494812011719
SEATING,-39,-35,39,-35,39,35,-39,35,-10.684561199714082,-180.328606968392,-81.91951329525037,-148.55469314043162,-110.43456416649686,-212.48349630309238,-39.19961207096057,-244.25741013105275
SEATING,-39,-35,39,-35,39,35,-39,35,-85.2915988963455,-477.4824512047405,-12.02510971180326,-450.72387197169166,-36.03921927992402,-384.9718944983845,-109.30570846446628,-411.73047373143334
STORAGE_FURNITURE,-78,-23,78,-23,78,23,-78,23,48.076995849609354,-392.92059326171875,48.076995849609396,-236.92059326171875,2.0769958496093963,-236.92059326171875,2.0769958496093537,-392.92059326171875
