in_product_family,in_bounding_box_x1,in_bounding_box_y1,in_bounding_box_x2,in_bounding_box_y2,in_bounding_box_x3,in_bounding_box_y3,in_bounding_box_x4,in_bounding_box_y4,out_bounding_box_x1,out_bounding_box_y1,out_bounding_box_x2,out_bounding_box_y2,out_bounding_box_x3,out_bounding_box_y3,out_bounding_box_x4,out_bounding_box_y4
ROOM,-1103.02028,-623.46144,-695.27513,-623.46144,-695.27513,-250.36619,-1103.02028,-250.36619,-1103.02028,-623.46144,-695.27513,-623.46144,-695.27513,-250.36619,-1103.02028,-250.36619
SOFA,-98,-46,98,-46,98,46,-98,46,-717.9736938476562,-268.97369384765625,-913.9736938476562,-268.97369384765625,-913.9736938476562,-360.97369384765625,-717.9736938476562,-360.97369384765625
TABLE,-39,-35,39,-35,39,35,-39,35,-851.3386840820312,-444.76239013671875,-773.3386840820312,-444.76239013671875,-773.3386840820312,-374.76239013671875,-851.3386840820312,-374.76239013671875
STORAGE_FURNITURE,-36,-21,36,-21,36,21,-36,21,-1079.3369140625,-623.451416015625,-1007.3369140625,-623.451416015625,-1007.3369140625,-581.451416015625,-1079.3369140625,-581.451416015625
STORAGE_FURNITURE,-58.5,-25,58.5,-25,58.5,25,-58.5,25,-819.7057495117188,-623.4514770507812,-702.7057495117188,-623.4514770507812,-702.7057495117188,-573.4514770507812,-819.7057495117188,-573.4514770507812
STORAGE_FURNITURE,-37.5,-3,37.5,-3,37.5,3,-37.5,3,-1019.1612548828125,-250.37619018554688,-1094.1612548828125,-250.37619018554688,-1094.1612548828125,-256.3761901855469,-1019.1612548828125,-256.3761901855469
