in_product_family,in_bounding_box_x1,in_bounding_box_y1,in_bounding_box_x2,in_bounding_box_y2,in_bounding_box_x3,in_bounding_box_y3,in_bounding_box_x4,in_bounding_box_y4,out_bounding_box_x1,out_bounding_box_y1,out_bounding_box_x2,out_bounding_box_y2,out_bounding_box_x3,out_bounding_box_y3,out_bounding_box_x4,out_bounding_box_y4
ROOM,-281.5,-95.495,128.5,-95.495,128.5,341.505,-281.5,341.505,-281.5,-95.495,128.5,-95.495,128.5,341.505,-281.5,341.505
RADIATOR,-54.95,-5.5,54.95,-5.5,54.95,5.5,-54.95,5.5,-281.4900207519531,28.989136886596683,-281.4900207519531,-80.91086311340332,-270.4900207519531,-80.91086311340332,-270.4900207519531,28.989136886596683
SEATING,-60,-20,60,-20,60,20,-60,20,-94.28642272949219,210.10523986816406,-214.2864227294922,210.10523986816406,-214.2864227294922,170.10523986816406,-94.28642272949219,170.10523986816406
SEATING,-60,-20,60,-20,60,20,-60,20,-96.56651306152344,339.0990295410156,-216.56651306152344,339.0990295410156,-216.56651306152344,299.0990295410156,-96.56651306152344,299.0990295410156
SOFA,-146,-76.8,146,-76.8,146,76.8,-146,76.8,121.61802749633785,-87.97029113769534,121.61802749633793,204.02970886230466,-31.981972503662064,204.02970886230472,-31.98197250366215,-87.97029113769528
STORAGE_FURNITURE,-90,-22.5,90,-22.5,90,22.5,-90,22.5,-281.4900205536535,201.2672119636374,-281.49002095025276,21.267211963637408,-236.49002095025273,21.267211864487592,-236.49002055365352,201.2672118644876
TABLE,-50,-27.5,50,-27.5,50,27.5,-50,27.5,-90.19197463989259,60.167684555053704,-90.19197463989256,-39.832315444946296,-35.191974639892564,-39.83231544494628,-35.19197463989259,60.16768455505372
TABLE,-85,-37.8,85,-37.8,85,37.8,-85,37.8,-234.2705841064453,220.83494873046874,-64.27058410644531,220.83494873046874,-64.27058410644531,296.43494873046876,-234.2705841064453,296.43494873046876
