in_product_family,in_bounding_box_x1,in_bounding_box_y1,in_bounding_box_x2,in_bounding_box_y2,in_bounding_box_x3,in_bounding_box_y3,in_bounding_box_x4,in_bounding_box_y4,out_bounding_box_x1,out_bounding_box_y1,out_bounding_box_x2,out_bounding_box_y2,out_bounding_box_x3,out_bounding_box_y3,out_bounding_box_x4,out_bounding_box_y4
ROOM,-2039.45443,-15.27316,-1238.18515,-15.27316,-1238.18515,667.1302,-2039.45443,667.1302,-2039.45443,-15.27316,-1238.18515,-15.27316,-1238.18515,667.1302,-2039.45443,667.1302
SOFA,-121.25,-79.45,121.25,-79.45,121.25,79.45,-121.25,79.45,-1527.631640625,489.6393737792969,-1527.631640625,247.13937377929685,-1368.731640625,247.1393737792969,-1368.731640625,489.6393737792969
TABLE,-45.05,-25.1,45.05,-25.1,45.05,25.1,-45.05,25.1,-1318.5217041015626,370.53139038085936,-1318.5217041015626,460.6313903808594,-1368.7217041015624,460.6313903808594,-1368.7217041015624,370.53139038085936
VEGETATION,-42.45,-43,42.45,-43,42.45,43,-42.45,43,-1593.4466552734375,582.2215087890626,-1593.4466552734375,667.1215087890625,-1679.4466552734375,667.1215087890624,-1679.4466552734375,582.2215087890625
SEATING,-62.85,-62.95,62.85,-62.95,62.85,62.95,-62.85,62.95,-1233.70234638413,596.3983775631618,-1314.3964238040296,692.7776070130345,-1410.92900127212,611.9551380618382,-1330.2349238522204,515.5759086119655
STORAGE_FURNITURE,-26,-12.5,26,-12.5,26,12.5,-26,12.5,-1311.4619140625,247.13833618164062,-1259.4619140625,247.13833618164062,-1259.4619140625,272.1383361816406,-1311.4619140625,272.1383361816406
STORAGE_FURNITURE,-26,-12.5,26,-12.5,26,12.5,-26,12.5,-1363.4619140625,247.13833618164062,-1311.4619140625,247.13833618164062,-1311.4619140625,272.1383361816406,-1363.4619140625,272.1383361816406
