in_product_family,in_bounding_box_x1,in_bounding_box_y1,in_bounding_box_x2,in_bounding_box_y2,in_bounding_box_x3,in_bounding_box_y3,in_bounding_box_x4,in_bounding_box_y4,out_bounding_box_x1,out_bounding_box_y1,out_bounding_box_x2,out_bounding_box_y2,out_bounding_box_x3,out_bounding_box_y3,out_bounding_box_x4,out_bounding_box_y4
ROOM,-149.09328,-209.61137,155,-209.61137,155,325,-149.09328,325,-149.09328,-209.61137,155,-209.61137,155,325,-149.09328,325
SOFA,-94.5,-54.5,94.5,-54.5,94.5,54.5,-94.5,54.5,154.9900054931641,-133.36706161499023,154.99000549316403,55.63293838500978,45.99000549316403,55.63293838500975,45.9900054931641,-133.36706161499023
STORAGE_FURNITURE,-44.5,-16.1,44.5,-16.1,44.5,16.1,-44.5,16.1,154.98999938964846,130.75039672851562,154.98999938964843,219.75039672851562,122.78999938964841,219.75039672851562,122.78999938964846,130.75039672851562
TABLE,-64.9,-41.35,64.9,-41.35,64.9,41.35,-64.9,41.35,-6.108526611328145,101.46352539062498,-6.108526611328102,231.26352539062498,-88.8085266113281,231.26352539062503,-88.80852661132815,101.46352539062501
SEATING,-46.9,-24.65,46.9,-24.65,46.9,24.65,-46.9,24.65,-138.31154990098707,242.0295179303562,-138.3115549574113,148.22951793035637,-89.01155495741136,148.2295152727688,-89.01154990098715,242.02951527276863
SEATING,-46.9,-24.65,46.9,-24.65,46.9,24.65,-46.9,24.65,-137.96852469346754,193.25580577215308,-137.96852974989176,99.45580577215324,-88.66852974989183,99.45580311456567,-88.66852469346762,193.2558031145655
SEATING,-46.9,-24.65,46.9,-24.65,46.9,24.65,-46.9,24.65,47.5592282314243,97.44008734026244,47.55923032570459,191.24008734026242,-1.740769674295393,191.24008844098756,-1.7407717685756836,97.44008844098758
SEATING,-46.9,-24.65,46.9,-24.65,46.9,24.65,-46.9,24.65,47.21618395041844,146.2138605336218,47.21618604469873,240.0138605336218,-2.0838139553012525,240.01386163434694,-2.083816049581543,146.21386163434696
STORAGE_FURNITURE,-70,-22.5,70,-22.5,70,22.5,-70,22.5,-149.0832824707031,50.278497695922866,-149.08328247070315,-89.72150230407713,-104.08328247070315,-89.72150230407716,-104.0832824707031,50.27849769592284
