in_product_family,in_bounding_box_x1,in_bounding_box_y1,in_bounding_box_x2,in_bounding_box_y2,in_bounding_box_x3,in_bounding_box_y3,in_bounding_box_x4,in_bounding_box_y4,out_bounding_box_x1,out_bounding_box_y1,out_bounding_box_x2,out_bounding_box_y2,out_bounding_box_x3,out_bounding_box_y3,out_bounding_box_x4,out_bounding_box_y4
ROOM,-481.8,-1486.78072,-196.09091,-1486.78072,-196.09091,-1002.45455,-481.8,-1002.45455,-481.8,-1486.78072,-196.09091,-1486.78072,-196.09091,-1002.45455,-481.8,-1002.45455
SOFA,-91,-45,91,-45,91,45,-91,45,-196.10090637207028,-1255.398193359375,-196.10090637207034,-1073.398193359375,-286.10090637207037,-1073.398193359375,-286.10090637207026,-1255.398193359375
DECORATION,-75,-100,75,-100,75,100,-75,100,-415.8537292480469,-1263.84228515625,-265.8537292480469,-1263.84228515625,-265.8537292480469,-1063.84228515625,-415.8537292480469,-1063.84228515625
TABLE,-45,-27.5,45,-27.5,45,27.5,-45,27.5,-335.84869384765625,-1201.771240234375,-335.84869384765625,-1111.771240234375,-390.84869384765625,-1111.771240234375,-390.84869384765625,-1201.771240234375
