in_product_family,in_bounding_box_x1,in_bounding_box_y1,in_bounding_box_x2,in_bounding_box_y2,in_bounding_box_x3,in_bounding_box_y3,in_bounding_box_x4,in_bounding_box_y4,out_bounding_box_x1,out_bounding_box_y1,out_bounding_box_x2,out_bounding_box_y2,out_bounding_box_x3,out_bounding_box_y3,out_bounding_box_x4,out_bounding_box_y4
ROOM,178.88598,-518.61909,835.35659,-518.61909,835.35659,7.62179,178.88598,7.62179,178.88598,-518.61909,835.35659,-518.61909,835.35659,7.62179,178.88598,7.62179
SOFA,-109.85,-92.25,109.85,-92.25,109.85,92.25,-109.85,92.25,506.58874511718756,-262.0912872314453,506.58874511718744,-42.39128723144529,322.08874511718744,-42.39128723144535,322.08874511718756,-262.09128723144534
TABLE,-80.85,-41.25,80.85,-41.25,80.85,41.25,-80.85,41.25,492.9641479492187,-448.7210693359375,654.6641479492188,-448.7210693359375,654.6641479492188,-366.2210693359375,492.9641479492187,-366.2210693359375
SEATING,-47,-27.2,47,-27.2,47,27.2,-47,27.2,504.88092041015625,-503.2970764160156,598.8809204101562,-503.2970764160156,598.8809204101562,-448.89707641601564,504.88092041015625,-448.89707641601564
SEATING,-47,-27.2,47,-27.2,47,27.2,-47,27.2,553.9072875976562,-502.93104858398436,647.9072875976562,-502.93104858398436,647.9072875976562,-448.5310485839844,553.9072875976562,-448.5310485839844
SEATING,-47,-27.2,47,-27.2,47,27.2,-47,27.2,650.3442383573928,-310.13447278782036,556.3442383573928,-310.13447252467967,556.3442382051072,-364.53447252467964,650.3442382051072,-364.53447278782033
SEATING,-47,-27.2,47,-27.2,47,27.2,-47,27.2,601.3180542753615,-310.50068372532036,507.3180542753616,-310.50068346217967,507.3180541230759,-364.90068346217964,601.318054123076,-364.90068372532033
