in_product_family,in_bounding_box_x1,in_bounding_box_y1,in_bounding_box_x2,in_bounding_box_y2,in_bounding_box_x3,in_bounding_box_y3,in_bounding_box_x4,in_bounding_box_y4,out_bounding_box_x1,out_bounding_box_y1,out_bounding_box_x2,out_bounding_box_y2,out_bounding_box_x3,out_bounding_box_y3,out_bounding_box_x4,out_bounding_box_y4
ROOM,-430.5,-162.47098,-93.5,-162.47098,-93.5,276.5,-430.5,276.5,-430.5,-162.47098,-93.5,-162.47098,-93.5,276.5,-430.5,276.5
STORAGE_FURNITURE,-80,-18.25,80,-18.25,80,18.25,-80,18.25,-93.50003814697263,116.489990234375,-93.50003814697268,276.489990234375,-130.00003814697268,276.489990234375,-130.00003814697263,116.489990234375
TABLE,-37.4,-37.5,37.4,-37.5,37.4,37.5,-37.4,37.5,-164.41000213623047,-56.35552978515625,-89.61000213623046,-56.35552978515625,-89.61000213623046,18.64447021484375,-164.41000213623047,18.64447021484375
SEATING,-47.6,-22,47.6,-22,47.6,22,-47.6,22,-76.5632580564613,65.91931833239089,-171.64728526105506,61.221683762091295,-169.47610961931997,17.275284633917707,-74.39208241472619,21.9729192042173
SEATING,-47.6,-22,47.6,-22,47.6,22,-47.6,22,-204.51998901367185,27.579074478149423,-204.5199890136719,-67.62092552185058,-160.5199890136719,-67.6209255218506,-160.51998901367185,27.57907447814941
STORAGE_FURNITURE,-60,-20,60,-20,60,20,-60,20,-430.489990234375,65.03262615203857,-430.489990234375,-54.96737384796142,-390.489990234375,-54.96737384796143,-390.489990234375,65.03262615203857
