in_product_family,in_bounding_box_x1,in_bounding_box_y1,in_bounding_box_x2,in_bounding_box_y2,in_bounding_box_x3,in_bounding_box_y3,in_bounding_box_x4,in_bounding_box_y4,out_bounding_box_x1,out_bounding_box_y1,out_bounding_box_x2,out_bounding_box_y2,out_bounding_box_x3,out_bounding_box_y3,out_bounding_box_x4,out_bounding_box_y4
ROOM,-599.50369,-455.38815,188.45889,-455.38815,188.45889,-36.73522,-599.50369,-36.73522,-599.50369,-455.38815,188.45889,-455.38815,188.45889,-36.73522,-599.50369,-36.73522
TABLE,-87,-49,87,-49,87,49,-87,49,-337.2259521484375,-196.76734924316406,-511.2259521484375,-196.76734924316406,-511.2259521484375,-294.76734924316406,-337.2259521484375,-294.76734924316406
STORAGE_FURNITURE,-85,-16,85,-16,85,16,-85,16,188.44889831542972,-381.4120178222656,188.44889831542966,-211.41201782226562,156.44889831542966,-211.41201782226562,156.44889831542972,-381.4120178222656
SOFA,-163.65,-78.8,163.65,-78.8,163.65,78.8,-163.65,78.8,-151.26519470214848,-128.07814941406252,-151.2651947021484,-455.37814941406253,6.334805297851602,-455.3781494140625,6.334805297851517,-128.07814941406247
STORAGE_FURNITURE,-65,-21,65,-21,65,21,-65,21,-448.6923828125,-413.3781433105469,-578.6923828125,-413.3781433105469,-578.6923828125,-455.3781433105469,-448.6923828125,-455.3781433105469
