in_product_family,in_bounding_box_x1,in_bounding_box_y1,in_bounding_box_x2,in_bounding_box_y2,in_bounding_box_x3,in_bounding_box_y3,in_bounding_box_x4,in_bounding_box_y4,out_bounding_box_x1,out_bounding_box_y1,out_bounding_box_x2,out_bounding_box_y2,out_bounding_box_x3,out_bounding_box_y3,out_bounding_box_x4,out_bounding_box_y4
ROOM,-155.55176,-36.44944,274.44824,-36.44944,274.44824,296.55352,-155.55176,296.55352,-155.55176,-36.44944,274.44824,-36.44944,274.44824,296.55352,-155.55176,296.55352
TABLE,-41.55,-35.75,41.55,-35.75,41.55,35.75,-41.55,35.75,36.00710601806641,102.93218994140625,119.1071060180664,102.93218994140625,119.1071060180664,174.43218994140625,36.00710601806641,174.43218994140625
SEATING,-22.45,-23.95,22.45,-23.95,22.45,23.95,-22.45,23.95,50.061032104492185,51.71237640380859,94.96103210449219,51.71237640380859,94.96103210449219,99.6123764038086,50.061032104492185,99.6123764038086
SEATING,-22.45,-23.95,22.45,-23.95,22.45,23.95,-22.45,23.95,93.97247541689191,224.63874112750247,49.13469469319075,222.27581502343304,51.65550004697528,174.44219148968503,96.49328077067644,176.80511759375446
SEATING,-34,-33.5,34,-33.5,34,33.5,-34,33.5,206.19638061523438,46.143898010253906,274.1963806152344,46.143898010253906,274.1963806152344,113.1438980102539,206.19638061523438,113.1438980102539
SEATING,-32.25,-21,32.25,-21,32.25,21,-32.25,21,209.93824768066406,119.21299743652344,274.43824768066406,119.21299743652344,274.43824768066406,161.21299743652344,209.93824768066406,161.21299743652344
STORAGE_FURNITURE,-44,-23.95,44,-23.95,44,23.95,-44,23.95,274.44183349609375,296.5458251953125,186.44183349609375,296.5458251953125,186.44183349609375,248.6458251953125,274.44183349609375,248.64582519531248
STORAGE_FURNITURE,-31.5,-24.5,31.5,-24.5,31.5,24.5,-31.5,24.5,274.43824768066406,-36.292138576507575,274.43824768066406,26.707861423492425,225.43824768066406,26.70786142349244,225.43824768066406,-36.29213857650756
RADIATOR,-30,-3.95,30,-3.95,30,3.95,-30,3.95,274.43825073242186,170.48875427246094,274.43825073242186,230.48875427246094,266.5382507324219,230.48875427246094,266.5382507324219,170.48875427246094
