in_product_family,in_bounding_box_x1,in_bounding_box_y1,in_bounding_box_x2,in_bounding_box_y2,in_bounding_box_x3,in_bounding_box_y3,in_bounding_box_x4,in_bounding_box_y4,out_bounding_box_x1,out_bounding_box_y1,out_bounding_box_x2,out_bounding_box_y2,out_bounding_box_x3,out_bounding_box_y3,out_bounding_box_x4,out_bounding_box_y4
ROOM,-26.67587,-198.28519,408.83489,-198.28519,408.83489,217.61,-26.67587,217.61,-26.67587,-198.28519,408.83489,-198.28519,408.83489,217.61,-26.67587,217.61
SOFA,-93,-55,93,-55,93,55,-93,55,229.2374572753906,-122.48308563232423,229.23745727539065,63.51691436767577,119.23745727539065,63.516914367675795,119.2374572753906,-122.4830856323242
TABLE,-41.55,-35.75,41.55,-35.75,41.55,35.75,-41.55,35.75,5.100321960449222,125.99264526367188,88.20032196044922,125.99264526367188,88.20032196044922,197.49264526367188,5.100321960449222,197.49264526367188
TABLE,-58.5,-25,58.5,-25,58.5,25,-58.5,25,-22.42637252807618,-198.2751922607422,94.57362747192383,-198.2751922607422,94.57362747192383,-148.2751922607422,-22.426372528076165,-148.2751922607422
STORAGE_FURNITURE,-31.75,-9,31.75,-9,31.75,9,-31.75,9,-20.32733345031737,51.81028938293457,-20.327333450317397,-11.689710617065426,-2.3273334503173952,-11.689710617065433,-2.3273334503173704,51.81028938293457
STORAGE_FURNITURE,-72.5,-22.5,72.5,-22.5,72.5,22.5,-72.5,22.5,94.58193969726562,-198.28038024902344,239.58193969726562,-198.28038024902344,239.58193969726562,-153.28038024902344,94.58193969726562,-153.28038024902344
