in_product_family,in_bounding_box_x1,in_bounding_box_y1,in_bounding_box_x2,in_bounding_box_y2,in_bounding_box_x3,in_bounding_box_y3,in_bounding_box_x4,in_bounding_box_y4,out_bounding_box_x1,out_bounding_box_y1,out_bounding_box_x2,out_bounding_box_y2,out_bounding_box_x3,out_bounding_box_y3,out_bounding_box_x4,out_bounding_box_y4
ROOM,-489.9645,-82.62025,829.80591,-82.62025,829.80591,1060.5,-489.9645,1060.5,-489.9645,-82.62025,829.80591,-82.62025,829.80591,1060.5,-489.9645,1060.5
TABLE,-105,-37.5,105,-37.5,105,37.5,-105,37.5,-66.18090057373047,618.3299560546875,143.81909942626953,618.3299560546875,143.81909942626953,693.3299560546875,-66.18090057373047,693.3299560546875
