in_product_family,in_bounding_box_x1,in_bounding_box_y1,in_bounding_box_x2,in_bounding_box_y2,in_bounding_box_x3,in_bounding_box_y3,in_bounding_box_x4,in_bounding_box_y4,out_bounding_box_x1,out_bounding_box_y1,out_bounding_box_x2,out_bounding_box_y2,out_bounding_box_x3,out_bounding_box_y3,out_bounding_box_x4,out_bounding_box_y4
ROOM,1025.7697,-1515.89256,1881.34462,-1515.89256,1881.34462,-890.57099,1025.7697,-890.57099,1025.7697,-1515.89256,1881.34462,-1515.89256,1881.34462,-890.57099,1025.7697,-890.57099
TABLE,-87.5,-45,87.5,-45,87.5,45,-87.5,45,1080.574462890625,-1035.8880615234375,1255.574462890625,-1035.8880615234375,1255.574462890625,-945.8880615234375,1080.574462890625,-945.8880615234375
SEATING,-56.4,-17.5,56.4,-17.5,56.4,17.5,-56.4,17.5,1111.8147216796874,-925.5809936523438,1224.6147216796876,-925.5809936523438,1224.6147216796876,-890.5809936523438,1111.8147216796874,-890.5809936523438
SEATING,-56.4,-17.5,56.4,-17.5,56.4,17.5,-56.4,17.5,1060.77978515625,-1030.469580078125,1060.77978515625,-917.669580078125,1025.77978515625,-917.669580078125,1025.77978515625,-1030.469580078125
