in_product_family,in_bounding_box_x1,in_bounding_box_y1,in_bounding_box_x2,in_bounding_box_y2,in_bounding_box_x3,in_bounding_box_y3,in_bounding_box_x4,in_bounding_box_y4,out_bounding_box_x1,out_bounding_box_y1,out_bounding_box_x2,out_bounding_box_y2,out_bounding_box_x3,out_bounding_box_y3,out_bounding_box_x4,out_bounding_box_y4
ROOM,521.69732,-384.93718,1032.76804,-384.93718,1032.76804,416.19936,521.69732,416.19936,521.69732,-384.93718,1032.76804,-384.93718,1032.76804,416.19936,521.69732,416.19936
TABLE,-90,-45,90,-45,90,45,-90,45,731.826171875,40.48126220703125,911.826171875,40.48126220703125,911.826171875,130.48126220703125,731.826171875,130.48126220703125
TABLE,-60,-25,60,-25,60,25,-60,25,803.4588012695312,-246.25399780273438,923.4588012695312,-246.25399780273438,923.4588012695312,-196.25399780273438,803.4588012695312,-196.25399780273438
SOFA,-120.6,-49.55,120.6,-49.55,120.6,49.55,-120.6,49.55,979.889611912184,-44.66005272334835,738.689611912184,-44.660052257120405,738.6896117206285,-143.7600522571204,979.8896117206285,-143.76005272334834
STORAGE_FURNITURE,-90,-22.5,90,-22.5,90,22.5,-90,22.5,772.0916748046875,-384.92718505859375,952.0916748046875,-384.92718505859375,952.0916748046875,-339.92718505859375,772.0916748046875,-339.92718505859375
