in_product_family,in_bounding_box_x1,in_bounding_box_y1,in_bounding_box_x2,in_bounding_box_y2,in_bounding_box_x3,in_bounding_box_y3,in_bounding_box_x4,in_bounding_box_y4,out_bounding_box_x1,out_bounding_box_y1,out_bounding_box_x2,out_bounding_box_y2,out_bounding_box_x3,out_bounding_box_y3,out_bounding_box_x4,out_bounding_box_y4
ROOM,2085.98971,-597.95695,3200.5345,-597.95695,3200.5345,105.81158,2085.98971,105.81158,2085.98971,-597.95695,3200.5345,-597.95695,3200.5345,105.81158,2085.98971,105.81158
SOFA,-123.3,-125,123.3,-125,123.3,125,-123.3,125,2894.4568580812306,-518.5436353148759,3136.846909958679,-473.1715871921842,3090.8492942625194,-227.43958001715535,2848.459242385071,-272.8116281398471
TABLE,-100,-47.65,100,-47.65,100,47.65,-100,47.65,2733.176183645044,-17.024489669220856,2538.3506401833342,-62.22413142498541,2559.888269479956,-155.05850288449008,2754.7138129416658,-109.85886112872552
