in_product_family,in_bounding_box_x1,in_bounding_box_y1,in_bounding_box_x2,in_bounding_box_y2,in_bounding_box_x3,in_bounding_box_y3,in_bounding_box_x4,in_bounding_box_y4,out_bounding_box_x1,out_bounding_box_y1,out_bounding_box_x2,out_bounding_box_y2,out_bounding_box_x3,out_bounding_box_y3,out_bounding_box_x4,out_bounding_box_y4
ROOM,-826.67683,-520.23291,27.32317,-520.23291,27.32317,452.27099,-826.67683,452.27099,-826.67683,-520.23291,27.32317,-520.23291,27.32317,452.27099,-826.67683,452.27099
STORAGE_FURNITURE,-90,-20,90,-20,90,20,-90,20,-720.2493896484375,-28.53171157836912,-540.2493896484375,-28.531711578369162,-540.2493896484375,11.468288421630838,-720.2493896484375,11.46828842163088
TABLE,-60,-60,60,-60,60,60,-60,60,-689.9403686523438,125.31573486328125,-569.9403686523438,125.31573486328125,-569.9403686523438,245.31573486328125,-689.9403686523438,245.31573486328125
SOFA,-110.5,-45.5,110.5,-45.5,110.5,45.5,-110.5,45.5,-366.3713073730469,255.93585205078125,-366.3713073730469,34.935852050781236,-275.3713073730469,34.935852050781264,-275.3713073730469,255.93585205078125
SEATING,-37.85,-37.45,37.85,-37.45,37.85,37.45,-37.85,37.45,-175.9669307249377,-11.768468525889261,-109.75441459337802,24.92475574682833,-146.05986370865605,90.43753590870176,-212.27237984021573,53.744311635984175
SEATING,-48.6,-45,48.6,-45,48.6,45,-48.6,45,8.850296345646484,313.06869309614643,-49.101017507976096,391.10384685801796,-121.35578950970898,337.44522291947857,-63.404475656086404,259.41006915760704
STORAGE_FURNITURE,-43,-19,43,-19,43,19,-43,19,-366.3813171386719,106.37857055664062,-366.3813171386719,192.37857055664062,-404.3813171386719,192.37857055664062,-404.3813171386719,106.37857055664062
