in_product_family,in_bounding_box_x1,in_bounding_box_y1,in_bounding_box_x2,in_bounding_box_y2,in_bounding_box_x3,in_bounding_box_y3,in_bounding_box_x4,in_bounding_box_y4,out_bounding_box_x1,out_bounding_box_y1,out_bounding_box_x2,out_bounding_box_y2,out_bounding_box_x3,out_bounding_box_y3,out_bounding_box_x4,out_bounding_box_y4
ROOM,155.568,-154.995,671.86067,-154.995,671.86067,186.73777,155.568,186.73777,155.568,-154.995,671.86067,-154.995,671.86067,186.73777,155.568,186.73777
STORAGE_FURNITURE,-60,-11.25,60,-11.25,60,11.25,-60,11.25,155.57800292968753,34.86096382141114,155.57800292968747,-85.13903617858887,178.07800292968747,-85.13903617858887,178.07800292968753,34.860963821411126
SOFA,-122,-47,122,-47,122,47,-122,47,385.7739562988281,-154.98500061035156,629.7739562988281,-154.98500061035156,629.7739562988281,-60.98500061035156,385.7739562988281,-60.98500061035156
SOFA,-65.5,-39,65.5,-39,65.5,39,-65.5,39,283.97750878926513,82.79749884848975,283.9775083005786,-48.20250115151025,361.9775083005786,-48.20250144248389,361.97750878926513,82.7974985575161
STORAGE_FURNITURE,-73.5,-17.5,73.5,-17.5,73.5,17.5,-73.5,17.5,593.9967041015625,186.50999450683594,446.9967041015625,186.50999450683594,446.9967041015625,151.50999450683594,593.9967041015625,151.50999450683594
DECORATION,-75,-100,75,-100,75,100,-75,100,607.1130676269531,-48.61578559875491,607.1130676269531,101.38421440124509,407.1130676269531,101.38421440124515,407.1130676269531,-48.615785598754854
