in_product_family,in_bounding_box_x1,in_bounding_box_y1,in_bounding_box_x2,in_bounding_box_y2,in_bounding_box_x3,in_bounding_box_y3,in_bounding_box_x4,in_bounding_box_y4,out_bounding_box_x1,out_bounding_box_y1,out_bounding_box_x2,out_bounding_box_y2,out_bounding_box_x3,out_bounding_box_y3,out_bounding_box_x4,out_bounding_box_y4
ROOM,-233.02014,297.31952,261.67981,297.31952,261.67981,697.02299,-233.02014,697.02299,-233.02014,297.31952,261.67981,297.31952,261.67981,697.02299,-233.02014,697.02299
LIGHTING,-6,-13.5,6,-13.5,6,13.5,-6,13.5,-0.9744939804077166,697.0216674804688,-12.974493980407717,697.0216674804688,-12.974493980407713,670.0216674804688,-0.9744939804077131,670.0216674804688
TABLE,-75.5,-40.5,75.5,-40.5,75.5,40.5,-75.5,40.5,-164.81478881835938,526.3634033203125,-13.814788818359375,526.3634033203125,-13.814788818359375,607.3634033203125,-164.81478881835938,607.3634033203125
SOFA,-94.5,-48.3,94.5,-48.3,94.5,48.3,-94.5,48.3,158.28178024291992,697.0216186523437,-30.718219757080078,697.0216186523437,-30.718219757080078,600.4216186523438,158.28178024291992,600.4216186523438
STORAGE_FURNITURE,-60,-22.5,60,-22.5,60,22.5,-60,22.5,255.22710612167515,549.5930485224327,252.0816815904945,669.55181770801,207.09714314590298,668.3722835088173,210.24256767708363,548.41351432324
VEGETATION,-42.35,-39.1,42.35,-39.1,42.35,39.1,-42.35,39.1,172.3418727141841,302.49003547108197,257.0320184868352,303.78201418882253,255.83918807683153,381.9729161890743,171.14904230418037,380.6809374713337
DECORATION,-65,-1.75,65,-1.75,65,1.75,-65,1.75,129.03550720214844,697.0228271484375,-0.9644927978515625,697.0228271484375,-0.9644927978515625,693.5228271484375,129.03550720214844,693.5228271484375
STORAGE_FURNITURE,-85,-20.95,85,-20.95,85,20.95,-85,20.95,-69.7652938831963,307.91783937335504,100.21492785648138,310.51094896031964,99.57580261122365,352.4060742008637,-70.40441912845404,349.8129646138991
