in_product_family,in_bounding_box_x1,in_bounding_box_y1,in_bounding_box_x2,in_bounding_box_y2,in_bounding_box_x3,in_bounding_box_y3,in_bounding_box_x4,in_bounding_box_y4,out_bounding_box_x1,out_bounding_box_y1,out_bounding_box_x2,out_bounding_box_y2,out_bounding_box_x3,out_bounding_box_y3,out_bounding_box_x4,out_bounding_box_y4
ROOM,-41.73872,-116.67843,783.26128,-116.67843,783.26128,408.93969,-41.73872,408.93969,-41.73872,-116.67843,783.26128,-116.67843,783.26128,408.93969,-41.73872,408.93969
SOFA,-130.3,-83.7,130.3,-83.7,130.3,83.7,-130.3,83.7,305.17940063476556,152.71156616210934,305.17940063476567,413.31156616210933,137.77940063476566,413.31156616210944,137.77940063476558,152.7115661621094
TABLE,-40,-40,40,-40,40,40,-40,40,52.769401550292955,372.5377197265625,52.76940155029298,292.5377197265625,132.76940155029297,292.5377197265625,132.76940155029297,372.5377197265625
TABLE,-100,-47.65,100,-47.65,100,47.65,-100,47.65,104.88151550292969,-29.203390502929686,304.8815155029297,-29.203390502929686,304.8815155029297,66.09660949707032,104.88151550292969,66.09660949707032
STORAGE_FURNITURE,-90,-22.5,90,-22.5,90,22.5,-90,22.5,-41.728719711303675,367.43731689453125,-41.72871971130375,187.43731689453125,3.2712802886962535,187.43731689453125,3.2712802886963246,367.43731689453125
STORAGE_FURNITURE,-45,-17.5,45,-17.5,45,17.5,-45,17.5,-41.728717803955064,92.12037658691406,-41.72871780395509,2.1203765869140696,-6.728717803955096,2.1203765869140554,-6.72871780395506,92.12037658691406
DECORATION,-40.8,-1.15,40.8,-1.15,40.8,1.15,-40.8,1.15,137.7694519042969,403.8205322265625,56.16945190429688,403.8205322265625,56.16945190429688,401.5205322265625,137.7694519042969,401.5205322265625
