in_product_family,in_bounding_box_x1,in_bounding_box_y1,in_bounding_box_x2,in_bounding_box_y2,in_bounding_box_x3,in_bounding_box_y3,in_bounding_box_x4,in_bounding_box_y4,out_bounding_box_x1,out_bounding_box_y1,out_bounding_box_x2,out_bounding_box_y2,out_bounding_box_x3,out_bounding_box_y3,out_bounding_box_x4,out_bounding_box_y4
ROOM,2908.70209,2044.80572,3489.70236,2044.80572,3489.70236,2565.80622,2908.70209,2565.80622,2908.70209,2044.80572,3489.70236,2044.80572,3489.70236,2565.80622,2908.70209,2565.80622
SOFA,-107,-45,107,-45,107,45,-107,45,3489.6923828125,2042.80712890625,3489.6923828125,2256.80712890625,3399.6923828125,2256.80712890625,3399.6923828125,2042.80712890625
SEATING,-20.55,-24.9,20.55,-24.9,20.55,24.9,-20.55,24.9,3041.620263671875,2479.957470703125,3041.620263671875,2438.857470703125,3091.420263671875,2438.857470703125,3091.420263671875,2479.957470703125
SEATING,-20.55,-24.9,20.55,-24.9,20.55,24.9,-20.55,24.9,3041.620263671875,2554.70576171875,3041.620263671875,2513.60576171875,3091.420263671875,2513.60576171875,3091.420263671875,2554.70576171875
SEATING,-20.55,-24.9,20.55,-24.9,20.55,24.9,-20.55,24.9,3160.3033203125,2514.889208984375,3160.3033203125,2555.989208984375,3110.5033203125,2555.989208984375,3110.5033203125,2514.889208984375
SEATING,-20.55,-24.9,20.55,-24.9,20.55,24.9,-20.55,24.9,3160.3033203125,2441.336474609375,3160.3033203125,2482.436474609375,3110.5033203125,2482.436474609375,3110.5033203125,2441.336474609375
