in_product_family,in_bounding_box_x1,in_bounding_box_y1,in_bounding_box_x2,in_bounding_box_y2,in_bounding_box_x3,in_bounding_box_y3,in_bounding_box_x4,in_bounding_box_y4,out_bounding_box_x1,out_bounding_box_y1,out_bounding_box_x2,out_bounding_box_y2,out_bounding_box_x3,out_bounding_box_y3,out_bounding_box_x4,out_bounding_box_y4
ROOM,-80.75625,-768.99484,1107.30421,-768.99484,1107.30421,-246.91927,-80.75625,-246.91927,-80.75625,-768.99484,1107.30421,-768.99484,1107.30421,-246.91927,-80.75625,-246.91927
TABLE,-70,-35,70,-35,70,35,-70,35,877.4978637695312,-391.4871520996094,877.4978637695312,-531.4871520996094,947.4978637695312,-531.4871520996094,947.4978637695312,-391.4871520996094
STORAGE_FURNITURE,-90,-22.5,90,-22.5,90,22.5,-90,22.5,-80.74625015258786,-397.4503173828125,-80.74625015258792,-577.4503173828125,-35.746250152587926,-577.4503173828125,-35.746250152587855,-397.4503173828125
SOFA,-130.3,-83.7,130.3,-83.7,130.3,83.7,-130.3,83.7,279.33333129882817,-625.9824645996093,279.33333129882806,-365.3824645996093,111.93333129882807,-365.3824645996094,111.93333129882818,-625.9824645996094
TABLE,-87,-49,87,-49,87,49,-87,49,672.4675903320312,-584.1182556152344,672.4675903320312,-410.1182556152344,574.4675903320312,-410.1182556152344,574.4675903320312,-584.1182556152344
SEATING,-47,-27.2,47,-27.2,47,27.2,-47,27.2,507.73707281137143,-422.6292419101029,507.73707269644103,-516.6292419101029,562.137072696441,-516.6292419766158,562.1370728113715,-422.62924197661584
SEATING,-47,-27.2,47,-27.2,47,27.2,-47,27.2,508.1031006434027,-471.6555785800248,508.1031005284723,-565.6555785800248,562.5031005284723,-565.6555786465377,562.5031006434027,-471.6555786465377
SEATING,-47,-27.2,47,-27.2,47,27.2,-47,27.2,738.4696471634192,-575.6630895006377,738.4696594772054,-481.66308950063853,684.0696594772058,-481.66308237436226,684.0696471634196,-575.6630823743615
SEATING,-47,-27.2,47,-27.2,47,27.2,-47,27.2,738.1036803665442,-526.6369664537627,738.1036926803304,-432.63696645376353,683.7036926803308,-432.63695932748726,683.7036803665446,-526.6369593274865
