in_product_family,in_bounding_box_x1,in_bounding_box_y1,in_bounding_box_x2,in_bounding_box_y2,in_bounding_box_x3,in_bounding_box_y3,in_bounding_box_x4,in_bounding_box_y4,out_bounding_box_x1,out_bounding_box_y1,out_bounding_box_x2,out_bounding_box_y2,out_bounding_box_x3,out_bounding_box_y3,out_bounding_box_x4,out_bounding_box_y4
ROOM,-456.30278,-214.72224,316.4145,-214.72224,316.4145,497.78255,-456.30278,497.78255,-456.30278,-214.72224,316.4145,-214.72224,316.4145,497.78255,-456.30278,497.78255
SEATING,-18.15,-18.15,18.15,-18.15,18.15,18.15,-18.15,18.15,-91.68415679931641,126.45328674316406,-55.38415679931641,126.45328674316406,-55.38415679931641,162.75328674316407,-91.68415679931641,162.75328674316407
SEATING,-18.15,-18.15,18.15,-18.15,18.15,18.15,-18.15,18.15,-58.56204376220704,183.63054809570312,-58.562043762207026,219.93054809570313,-94.86204376220702,219.93054809570313,-94.86204376220704,183.63054809570312
SEATING,-18.15,-18.15,18.15,-18.15,18.15,18.15,-18.15,18.15,-24.954859161376945,216.72582092285157,-24.95485916137696,180.42582092285159,11.345140838623038,180.42582092285156,11.345140838623053,216.72582092285154
STORAGE_FURNITURE,-44.5,-16.1,44.5,-16.1,44.5,16.1,-44.5,16.1,188.5696563720703,497.7725463867188,99.56965637207031,497.7725463867188,99.56965637207031,465.5725463867187,188.5696563720703,465.5725463867187
STORAGE_FURNITURE,-40,-23.55,40,-23.55,40,23.55,-40,23.55,314.6364746598524,497.77256461152905,234.6364746598524,497.77256478300217,234.6364745588976,450.6725647830022,314.6364745588976,450.6725646115291
