in_product_family,in_bounding_box_x1,in_bounding_box_y1,in_bounding_box_x2,in_bounding_box_y2,in_bounding_box_x3,in_bounding_box_y3,in_bounding_box_x4,in_bounding_box_y4,out_bounding_box_x1,out_bounding_box_y1,out_bounding_box_x2,out_bounding_box_y2,out_bounding_box_x3,out_bounding_box_y3,out_bounding_box_x4,out_bounding_box_y4
ROOM,307.41202,-393.04293,1063.47,-393.04293,1063.47,359.7629,307.41202,359.7629,307.41202,-393.04293,1063.47,-393.04293,1063.47,359.7629,307.41202,359.7629
STORAGE_FURNITURE,-44.5,-16.1,44.5,-16.1,44.5,16.1,-44.5,16.1,440.4220275878906,-13.26666626930237,529.4220275878906,-13.26666626930237,529.4220275878906,18.933333730697633,440.4220275878906,18.933333730697633
