in_product_family,in_bounding_box_x1,in_bounding_box_y1,in_bounding_box_x2,in_bounding_box_y2,in_bounding_box_x3,in_bounding_box_y3,in_bounding_box_x4,in_bounding_box_y4,out_bounding_box_x1,out_bounding_box_y1,out_bounding_box_x2,out_bounding_box_y2,out_bounding_box_x3,out_bounding_box_y3,out_bounding_box_x4,out_bounding_box_y4
ROOM,-484.03992,-728.50825,526.6683,-728.50825,526.6683,-120.27749,-484.03992,-120.27749,-484.03992,-728.50825,526.6683,-728.50825,526.6683,-120.27749,-484.03992,-120.27749
SOFA,-121.65,-78.15,121.65,-78.15,121.65,78.15,-121.65,78.15,272.1820434570312,-453.33205566406247,28.88204345703123,-453.3320556640625,28.88204345703126,-609.6320556640625,272.1820434570313,-609.6320556640625
TABLE,-87,-49,87,-49,87,49,-87,49,-60.64361381530762,-320.9059753417969,113.35638618469238,-320.9059753417969,113.35638618469238,-222.90597534179688,-60.64361381530762,-222.90597534179688
VEGETATION,-42.35,-39.1,42.35,-39.1,42.35,39.1,-42.35,39.1,-139.87661895751953,-728.4969116210938,-55.17661895751953,-728.4969116210938,-55.17661895751953,-650.2969116210937,-139.87661895751953,-650.2969116210937
STORAGE_FURNITURE,-80,-25,80,-25,80,25,-80,25,526.6583251953125,-351.3248291015625,526.6583251953125,-191.3248291015625,476.6583251953125,-191.3248291015625,476.6583251953125,-351.3248291015625
DECORATION,-51.95,-4.3,51.95,-4.3,51.95,4.3,-51.95,4.3,526.6583374023437,-319.28273315429686,526.6583374023437,-215.3827331542969,518.0583374023438,-215.3827331542969,518.0583374023438,-319.28273315429686
