in_product_family,in_bounding_box_x1,in_bounding_box_y1,in_bounding_box_x2,in_bounding_box_y2,in_bounding_box_x3,in_bounding_box_y3,in_bounding_box_x4,in_bounding_box_y4,out_bounding_box_x1,out_bounding_box_y1,out_bounding_box_x2,out_bounding_box_y2,out_bounding_box_x3,out_bounding_box_y3,out_bounding_box_x4,out_bounding_box_y4
ROOM,1348.39552,407.95162,1962.84316,407.95162,1962.84316,761.92524,1348.39552,761.92524,1348.39552,407.95162,1962.84316,407.95162,1962.84316,761.92524,1348.39552,761.92524
STORAGE_FURNITURE,-80,-20,80,-20,80,20,-80,20,1962.829658433242,591.912858957194,1962.8324509356657,751.9128589328251,1922.832450941758,751.913557058431,1922.8296584393343,591.9135570827999
TABLE,-75.5,-40.5,75.5,-40.5,75.5,40.5,-75.5,40.5,1481.677978515625,669.2031860351562,1481.677978515625,518.2031860351562,1562.677978515625,518.2031860351562,1562.677978515625,669.2031860351562
STORAGE_FURNITURE,-70,-15,70,-15,70,15,-70,15,1348.4027110012307,761.9151787831972,1348.4002675189636,621.9151788045208,1378.4002675143943,621.9146552011778,1378.4027109966614,761.9146551798542
SOFA,-91,-45,91,-45,91,45,-91,45,1702.635986328125,761.90625,1702.635986328125,579.90625,1792.635986328125,579.90625,1792.635986328125,761.90625
