in_product_family,in_bounding_box_x1,in_bounding_box_y1,in_bounding_box_x2,in_bounding_box_y2,in_bounding_box_x3,in_bounding_box_y3,in_bounding_box_x4,in_bounding_box_y4,out_bounding_box_x1,out_bounding_box_y1,out_bounding_box_x2,out_bounding_box_y2,out_bounding_box_x3,out_bounding_box_y3,out_bounding_box_x4,out_bounding_box_y4
ROOM,18.27509,-987.8323,798.29588,-987.8323,798.29588,-257.53888,18.27509,-257.53888,18.27509,-987.8323,798.29588,-987.8323,798.29588,-257.53888,18.27509,-257.53888
SOFA,-130.3,-83.7,130.3,-83.7,130.3,83.7,-130.3,83.7,18.281864929199173,-247.2462341308594,18.28186492919926,-507.84623413085944,185.68186492919926,-507.84623413085933,185.68186492919918,-247.24623413085934
TABLE,-27.5,-27.5,27.5,-27.5,27.5,27.5,-27.5,27.5,240.69186401367188,-467.74774169921875,240.69186401367188,-412.74774169921875,185.69186401367188,-412.74774169921875,185.69186401367188,-467.74774169921875
TABLE,-87.5,-45,87.5,-45,87.5,45,-87.5,45,531.0708006665125,-845.7509763393994,706.0708006665125,-845.7509767856006,706.0708008959875,-755.7509767856006,531.0708008959875,-755.7509763393994
