in_product_family,in_bounding_box_x1,in_bounding_box_y1,in_bounding_box_x2,in_bounding_box_y2,in_bounding_box_x3,in_bounding_box_y3,in_bounding_box_x4,in_bounding_box_y4,out_bounding_box_x1,out_bounding_box_y1,out_bounding_box_x2,out_bounding_box_y2,out_bounding_box_x3,out_bounding_box_y3,out_bounding_box_x4,out_bounding_box_y4
ROOM,91.297,-45.49905,507.5,-45.49905,507.5,244.1745,91.297,244.1745,91.297,-45.49905,507.5,-45.49905,507.5,244.1745,91.297,244.1745
TABLE,-80,-40,80,-40,80,40,-80,40,347.4900207519531,80.18930053710938,507.4900207519531,80.18930053710938,507.4900207519531,160.18930053710938,347.4900207519531,160.18930053710938
TABLE,-80,-40,80,-40,80,40,-80,40,267.48004150390625,161.50989532470703,267.48004150390625,1.5098953247070455,347.48004150390625,1.509895324707017,347.48004150390625,161.50989532470703
