in_product_family,in_bounding_box_x1,in_bounding_box_y1,in_bounding_box_x2,in_bounding_box_y2,in_bounding_box_x3,in_bounding_box_y3,in_bounding_box_x4,in_bounding_box_y4,out_bounding_box_x1,out_bounding_box_y1,out_bounding_box_x2,out_bounding_box_y2,out_bounding_box_x3,out_bounding_box_y3,out_bounding_box_x4,out_bounding_box_y4
ROOM,-45.04025,-389.66278,292.1778,-389.66278,292.1778,-79.30584,-45.04025,-79.30584,-45.04025,-389.66278,292.1778,-389.66278,292.1778,-79.30584,-45.04025,-79.30584
SOFA,-121.65,-78.15,121.65,-78.15,121.65,78.15,-121.65,78.15,287.70862426757816,-106.27004394531251,44.40862426757813,-106.27004394531248,44.408624267578105,-262.5700439453125,287.7086242675781,-262.57004394531253
STORAGE_FURNITURE,-82.5,-20,82.5,-20,82.5,20,-82.5,20,96.09033203125,-399.9913635253906,261.09033203125,-399.9913635253906,261.09033203125,-359.9913635253906,96.09033203125,-359.9913635253906
TABLE,-44.95,-44.95,44.95,-44.95,44.95,44.95,-44.95,44.95,76.49341278076172,-325.52073974609374,166.3934127807617,-325.52073974609374,166.3934127807617,-235.62073974609376,76.49341278076172,-235.62073974609376
STORAGE_FURNITURE,-24.5,-19.8,24.5,-19.8,24.5,19.8,-24.5,19.8,243.17279052734375,-399.99134521484376,292.17279052734375,-399.99134521484376,292.17279052734375,-360.39134521484374,243.17279052734375,-360.39134521484374
STORAGE_FURNITURE,-75,-22.55,75,-22.55,75,22.55,-75,22.55,-38.05809020996094,-399.99134521484376,111.94190979003906,-399.99134521484376,111.94190979003906,-354.89134521484374,-38.05809020996094,-354.89134521484374
SEATING,-20.55,-25.4,20.55,-25.4,20.55,25.4,-20.55,25.4,-38.62732582092285,-110.35287322998047,2.472674179077149,-110.35287322998047,2.472674179077149,-59.55287322998047,-38.62732582092285,-59.55287322998047
