in_product_family,in_bounding_box_x1,in_bounding_box_y1,in_bounding_box_x2,in_bounding_box_y2,in_bounding_box_x3,in_bounding_box_y3,in_bounding_box_x4,in_bounding_box_y4,out_bounding_box_x1,out_bounding_box_y1,out_bounding_box_x2,out_bounding_box_y2,out_bounding_box_x3,out_bounding_box_y3,out_bounding_box_x4,out_bounding_box_y4
ROOM,-85.97208,-250.95018,306.41979,-250.95018,306.41979,254.61249,-85.97208,254.61249,-85.97208,-250.95018,306.41979,-250.95018,306.41979,254.61249,-85.97208,254.61249
SOFA,-109,-47.45,109,-47.45,109,47.45,-109,47.45,196.022705078125,254.60248107910158,-21.977294921875,254.60248107910155,-21.977294921875,159.70248107910155,196.022705078125,159.70248107910157
DECORATION,-80,-115,80,-115,80,115,-80,115,202.35546874999997,-26.921791076660185,202.35546875000003,133.07820892333982,-27.64453124999997,133.07820892333987,-27.64453125000003,-26.921791076660128
TABLE,-40,-40,40,-40,40,40,-40,40,47.48832702636719,27.971900939941406,127.48832702636719,27.971900939941406,127.48832702636719,107.9719009399414,47.48832702636719,107.9719009399414
