in_product_family,in_bounding_box_x1,in_bounding_box_y1,in_bounding_box_x2,in_bounding_box_y2,in_bounding_box_x3,in_bounding_box_y3,in_bounding_box_x4,in_bounding_box_y4,out_bounding_box_x1,out_bounding_box_y1,out_bounding_box_x2,out_bounding_box_y2,out_bounding_box_x3,out_bounding_box_y3,out_bounding_box_x4,out_bounding_box_y4
ROOM,489.19168,-515.50301,1620.35091,-515.50301,1620.35091,194.07228,489.19168,194.07228,489.19168,-515.50301,1620.35091,-515.50301,1620.35091,194.07228,489.19168,194.07228
STORAGE_FURNITURE,-74.9,-28.55,74.9,-28.55,74.9,28.55,-74.9,28.55,1139.8080810546876,-223.4368927001953,990.0080810546875,-223.43689270019533,990.0080810546875,-280.5368927001953,1139.8080810546876,-280.5368927001953
TABLE,-70,-45,70,-45,70,45,-70,45,671.5509643554688,-234.17591857910156,811.5509643554688,-234.17591857910156,811.5509643554688,-144.17591857910156,671.5509643554688,-144.17591857910156
