in_product_family,in_bounding_box_x1,in_bounding_box_y1,in_bounding_box_x2,in_bounding_box_y2,in_bounding_box_x3,in_bounding_box_y3,in_bounding_box_x4,in_bounding_box_y4,out_bounding_box_x1,out_bounding_box_y1,out_bounding_box_x2,out_bounding_box_y2,out_bounding_box_x3,out_bounding_box_y3,out_bounding_box_x4,out_bounding_box_y4
ROOM,-500,-279.24802,500,-279.24802,500,392.99448,-500,392.99448,-500,-279.24802,500,-279.24802,500,392.99448,-500,392.99448
TABLE,-99.8,-60,99.8,-60,99.8,60,-99.8,60,-376.97869873046875,2.804051208496105,-376.97869873046875,-196.7959487915039,-256.97869873046875,-196.79594879150392,-256.97869873046875,2.8040512084960767
SEATING,-64.6,-20.3,64.6,-20.3,64.6,20.3,-64.6,20.3,-427.1831719365248,-15.423595422664008,-422.71733525481477,-144.54639086456996,-382.14159612988146,-143.14303970917194,-386.6074328115915,-14.020244267265966
SEATING,-64.6,-20.3,64.6,-20.3,64.6,20.3,-64.6,20.3,-424.5025383916029,-92.92743300811323,-420.0367017098929,-222.05022845001918,-379.4609625849596,-220.64687729462116,-383.9267992666696,-91.52408185271518
SEATING,-64.6,-20.3,64.6,-20.3,64.6,20.3,-64.6,20.3,-212.71922611593178,-215.30309449552982,-212.7192260325057,-86.10309449552985,-253.31922603250572,-86.10309446931392,-253.3192261159318,-215.30309446931392
SEATING,-64.6,-20.3,64.6,-20.3,64.6,20.3,-64.6,20.3,-212.7191803395646,-137.75315247892826,-212.71918025613851,-8.553152478928283,-253.31918025613854,-8.553152452712354,-253.3191803395646,-137.75315245271236
SOFA,-110,-49.5,110,-49.5,110,49.5,-110,49.5,-281.4790653679763,134.07012920257472,-281.4790645148362,354.0701292025747,-380.4790645148362,354.0701295864878,-380.4790653679763,134.07012958648778
STORAGE_FURNITURE,-90,-22.5,90,-22.5,90,22.5,-90,22.5,-499.989990234375,320.81651306152344,-499.989990234375,140.81651306152344,-454.989990234375,140.81651306152344,-454.989990234375,320.81651306152344
STORAGE_FURNITURE,-40,-12.7,40,-12.7,40,12.7,-40,12.7,34.63396743610954,86.9213942991789,34.63396774455452,166.9213942991789,9.233967744554517,166.92139439711016,9.233967436109547,86.92139439711016
