in_product_family,in_bounding_box_x1,in_bounding_box_y1,in_bounding_box_x2,in_bounding_box_y2,in_bounding_box_x3,in_bounding_box_y3,in_bounding_box_x4,in_bounding_box_y4,out_bounding_box_x1,out_bounding_box_y1,out_bounding_box_x2,out_bounding_box_y2,out_bounding_box_x3,out_bounding_box_y3,out_bounding_box_x4,out_bounding_box_y4
ROOM,56.81123,-423.02332,832.02592,-423.02332,832.02592,379.57034,56.81123,379.57034,56.81123,-423.02332,832.02592,-423.02332,832.02592,379.57034,56.81123,379.57034
TABLE,-45,-44.75,45,-44.75,45,44.75,-45,44.75,186.193359375,-321.8459777832031,276.193359375,-321.8459777832031,276.193359375,-232.34597778320312,186.193359375,-232.34597778320312
TABLE,-95.75,-47.3,95.75,-47.3,95.75,47.3,-95.75,47.3,582.7712889069788,-183.52584846549848,582.7712892180211,-375.0258484654985,677.3712892180212,-375.02584831184527,677.3712889069789,-183.52584831184527
SEATING,-40,-35.55,40,-35.55,40,35.55,-40,35.55,173.7224000769968,-104.38069160439608,117.944911333525,-161.7293772865621,168.91355573355008,-211.30162040732267,224.69104447702188,-153.95293472515664
SEATING,-40,-35.55,40,-35.55,40,35.55,-40,35.55,328.05097321384426,-403.340927475649,390.5282003078637,-353.374978123692,346.120962821312,-297.84834254388227,283.64373572729255,-347.81429189583923
