in_product_family,in_bounding_box_x1,in_bounding_box_y1,in_bounding_box_x2,in_bounding_box_y2,in_bounding_box_x3,in_bounding_box_y3,in_bounding_box_x4,in_bounding_box_y4,out_bounding_box_x1,out_bounding_box_y1,out_bounding_box_x2,out_bounding_box_y2,out_bounding_box_x3,out_bounding_box_y3,out_bounding_box_x4,out_bounding_box_y4
ROOM,3260.57082,7855.0465,3860.57082,7855.0465,3860.57082,8180.41779,3260.57082,8180.41779,3260.57082,7855.0465,3860.57082,7855.0465,3860.57082,8180.41779,3260.57082,8180.41779
SOFA,-88.8,-39,88.8,-39,88.8,39,-88.8,39,3803.44892578125,8118.9228515625,3625.84892578125,8118.9228515625,3625.84892578125,8040.9228515625,3803.44892578125,8040.9228515625
STORAGE_FURNITURE,-60,-20,60,-20,60,20,-60,20,3597.8408203125,7855.056640625,3717.8408203125,7855.056640625,3717.8408203125,7895.056640625,3597.8408203125,7895.056640625
TABLE,-33.75,-45,33.75,-45,33.75,45,-33.75,45,3741.48291015625,7948.40478515625,3741.48291015625,8015.90478515625,3651.48291015625,8015.90478515625,3651.48291015625,7948.40478515625
