in_product_family,in_bounding_box_x1,in_bounding_box_y1,in_bounding_box_x2,in_bounding_box_y2,in_bounding_box_x3,in_bounding_box_y3,in_bounding_box_x4,in_bounding_box_y4,out_bounding_box_x1,out_bounding_box_y1,out_bounding_box_x2,out_bounding_box_y2,out_bounding_box_x3,out_bounding_box_y3,out_bounding_box_x4,out_bounding_box_y4
ROOM,-1236.86964,-1304.6848,-759.47889,-1304.6848,-759.47889,-204.08948,-1236.86964,-204.08948,-1236.86964,-1304.6848,-759.47889,-1304.6848,-759.47889,-204.08948,-1236.86964,-204.08948
SEATING,-27.75,-25.9,27.75,-25.9,27.75,25.9,-27.75,25.9,-860.79384765625,-1018.7862548828125,-860.79384765625,-963.2862548828125,-912.59384765625,-963.2862548828125,-912.59384765625,-1018.7862548828125
DECORATION,-30.15,-3.6,30.15,-3.6,30.15,3.6,-30.15,3.6,-1192.434912109375,-1304.6748291015624,-1132.134912109375,-1304.6748291015624,-1132.134912109375,-1297.4748291015626,-1192.434912109375,-1297.4748291015626
SOFA,-123.3,-125,123.3,-125,123.3,125,-123.3,125,-752.7610473632812,-450.69126586914064,-752.7610473632812,-204.09126586914067,-1002.7610473632812,-204.0912658691406,-1002.7610473632812,-450.6912658691406
STORAGE_FURNITURE,-90,-22.5,90,-22.5,90,22.5,-90,22.5,-1225.995239382347,-238.95178225769615,-1225.995239133278,-418.95178225769615,-1180.995239133278,-418.95178219542885,-1180.995239382347,-238.95178219542885
STORAGE_FURNITURE,-73,-22.55,73,-22.55,73,22.55,-73,22.55,-748.7208740234374,-1179.6124267578125,-748.7208740234375,-1033.6124267578125,-793.8208740234376,-1033.6124267578125,-793.8208740234375,-1179.6124267578125
TABLE,-40,-40,40,-40,40,40,-40,40,-908.1856079101562,-427.6074523925781,-908.1856079101562,-347.6074523925781,-988.1856079101562,-347.6074523925781,-988.1856079101562,-427.6074523925781
SEATING,-27.75,-25.9,27.75,-25.9,27.75,25.9,-27.75,25.9,-1064.4079345703126,-953.925537109375,-1064.4079345703126,-1009.425537109375,-1012.6079345703125,-1009.425537109375,-1012.6079345703125,-953.925537109375
