in_product_family,in_bounding_box_x1,in_bounding_box_y1,in_bounding_box_x2,in_bounding_box_y2,in_bounding_box_x3,in_bounding_box_y3,in_bounding_box_x4,in_bounding_box_y4,out_bounding_box_x1,out_bounding_box_y1,out_bounding_box_x2,out_bounding_box_y2,out_bounding_box_x3,out_bounding_box_y3,out_bounding_box_x4,out_bounding_box_y4
ROOM,-634.69215,-288.66685,285.59091,-288.66685,285.59091,599.23992,-634.69215,599.23992,-634.69215,-288.66685,285.59091,-288.66685,285.59091,599.23992,-634.69215,599.23992
SOFA,-123.3,-125,123.3,-125,123.3,125,-123.3,125,-53.36541748046878,598.2324340820312,-53.36541748046872,351.63243408203124,196.63458251953128,351.6324340820313,196.63458251953122,598.2324340820313
STORAGE_FURNITURE,-90,-22.5,90,-22.5,90,22.5,-90,22.5,285.5809326171875,370.6390380859375,285.5809326171875,550.6390380859375,240.5809326171875,550.6390380859375,240.5809326171875,370.6390380859375
