in_product_family,in_bounding_box_x1,in_bounding_box_y1,in_bounding_box_x2,in_bounding_box_y2,in_bounding_box_x3,in_bounding_box_y3,in_bounding_box_x4,in_bounding_box_y4,out_bounding_box_x1,out_bounding_box_y1,out_bounding_box_x2,out_bounding_box_y2,out_bounding_box_x3,out_bounding_box_y3,out_bounding_box_x4,out_bounding_box_y4
ROOM,17.67867,-1014,817.67867,-1014,817.67867,-463.34441,17.67867,-463.34441,17.67867,-1014,817.67867,-1014,817.67867,-463.34441,17.67867,-463.34441
SOFA,-109.85,-92.25,109.85,-92.25,109.85,92.25,-109.85,92.25,817.669580078125,-621.010009765625,597.969580078125,-621.010009765625,597.969580078125,-805.510009765625,817.669580078125,-805.510009765625
STORAGE_FURNITURE,-153.95,-25.45,153.95,-25.45,153.95,25.45,-153.95,25.45,509.77039794921876,-1013.9943725585938,817.6703979492188,-1013.9943725585938,817.6703979492188,-963.0943725585937,509.77039794921876,-963.0943725585937
TABLE,-90,-45,90,-45,90,45,-90,45,192.48284912109375,-886.7908935546875,372.48284912109375,-886.7908935546875,372.48284912109375,-796.7908935546875,192.48284912109375,-796.7908935546875
