in_product_family,in_bounding_box_x1,in_bounding_box_y1,in_bounding_box_x2,in_bounding_box_y2,in_bounding_box_x3,in_bounding_box_y3,in_bounding_box_x4,in_bounding_box_y4,out_bounding_box_x1,out_bounding_box_y1,out_bounding_box_x2,out_bounding_box_y2,out_bounding_box_x3,out_bounding_box_y3,out_bounding_box_x4,out_bounding_box_y4
ROOM,1020.7772,-1721.84922,1869.99288,-1721.84922,1869.99288,-693.59506,1020.7772,-693.59506,1020.7772,-1721.84922,1869.99288,-1721.84922,1869.99288,-693.59506,1020.7772,-693.59506
SOFA,-121.65,-78.15,121.65,-78.15,121.65,78.15,-121.65,78.15,1530.3781982421874,-962.01552734375,1530.3781982421874,-1205.31552734375,1686.6781982421876,-1205.31552734375,1686.6781982421876,-962.0155273437499
TABLE,-105,-37.5,105,-37.5,105,37.5,-105,37.5,1324.0235595703125,-1594.900634765625,1324.0235595703125,-1384.900634765625,1249.0235595703125,-1384.900634765625,1249.0235595703125,-1594.900634765625
