in_product_family,in_bounding_box_x1,in_bounding_box_y1,in_bounding_box_x2,in_bounding_box_y2,in_bounding_box_x3,in_bounding_box_y3,in_bounding_box_x4,in_bounding_box_y4,out_bounding_box_x1,out_bounding_box_y1,out_bounding_box_x2,out_bounding_box_y2,out_bounding_box_x3,out_bounding_box_y3,out_bounding_box_x4,out_bounding_box_y4
ROOM,1425.62617,-331.96137,1897.62617,-331.96137,1897.62617,-45.96137,1425.62617,-45.96137,1425.62617,-331.96137,1897.62617,-331.96137,1897.62617,-45.96137,1425.62617,-45.96137
STORAGE_FURNITURE,-50,-23,50,-23,50,23,-50,23,1797.6162109375,-331.9535827636719,1897.6162109375,-331.9535827636719,1897.6162109375,-285.9535827636719,1797.6162109375,-285.9535827636719
TABLE,-80,-30.1,80,-30.1,80,30.1,-80,30.1,1520.93422829556,-367.60330208475256,1520.9342287356899,-207.60330208475256,1460.73422873569,-207.6033019191537,1460.7342282955601,-367.6033019191537
STORAGE_FURNITURE,-40,-12.2,40,-12.2,40,12.2,-40,12.2,1585.7083740234375,-331.9513732910156,1665.7083740234375,-331.9513732910156,1665.7083740234375,-307.55137329101564,1585.7083740234375,-307.55137329101564
