in_product_family,in_bounding_box_x1,in_bounding_box_y1,in_bounding_box_x2,in_bounding_box_y2,in_bounding_box_x3,in_bounding_box_y3,in_bounding_box_x4,in_bounding_box_y4,out_bounding_box_x1,out_bounding_box_y1,out_bounding_box_x2,out_bounding_box_y2,out_bounding_box_x3,out_bounding_box_y3,out_bounding_box_x4,out_bounding_box_y4
ROOM,-385.87744,-266.20523,761.94258,-266.20523,761.94258,492.53145,-385.87744,492.53145,-385.87744,-266.20523,761.94258,-266.20523,761.94258,492.53145,-385.87744,492.53145
SOFA,-123.3,-125,123.3,-125,123.3,125,-123.3,125,761.9425659179688,245.92146606445317,761.9425659179688,492.5214660644532,511.9425659179687,492.5214660644531,511.9425659179688,245.92146606445309
STORAGE_FURNITURE,-80,-20,80,-20,80,20,-80,20,595.6932983398438,5.258495330810582,755.6932983398438,5.258495330810511,755.6932983398438,45.25849533081051,595.6932983398438,45.25849533081058
