in_product_family,in_bounding_box_x1,in_bounding_box_y1,in_bounding_box_x2,in_bounding_box_y2,in_bounding_box_x3,in_bounding_box_y3,in_bounding_box_x4,in_bounding_box_y4,out_bounding_box_x1,out_bounding_box_y1,out_bounding_box_x2,out_bounding_box_y2,out_bounding_box_x3,out_bounding_box_y3,out_bounding_box_x4,out_bounding_box_y4
ROOM,-199,-243,191.50911,-243,191.50911,243,-199,243,-199,-243,191.50911,-243,191.50911,243,-199,243
SOFA,-121.25,-79.45,121.25,-79.45,121.25,79.45,-121.25,79.45,-55.44803924560543,-0.48999786376950283,-55.448039245605514,-242.9899978637695,103.45196075439449,-242.98999786376956,103.45196075439458,-0.48999786376955967
TABLE,-60.3,-35,60.3,-35,60.3,35,-60.3,35,204.9991149902344,-193.45036010742186,204.99911499023435,-72.85036010742186,134.99911499023435,-72.85036010742189,134.9991149902344,-193.4503601074219
STORAGE_FURNITURE,-61.5,-21,61.5,-21,61.5,21,-61.5,21,79.8625545501709,240.989990234375,-43.1374454498291,240.989990234375,-43.1374454498291,198.989990234375,79.8625545501709,198.989990234375
TABLE,-90,-45,90,-45,90,45,-90,45,-135.5988426208496,-0.07077789306640625,44.40115737915039,-0.07077789306640625,44.40115737915039,89.9292221069336,-135.5988426208496,89.9292221069336
TABLE,-87,-49,87,-49,87,49,-87,49,141.98028564453128,-162.55320739746094,141.98028564453122,11.446792602539077,43.980285644531214,11.446792602539048,43.980285644531286,-162.55320739746094
SEATING,-21,-21,21,-21,21,21,-21,21,131.49246978759766,243,89.49246978759766,243,89.49246978759766,201,131.49246978759766,201
RADIATOR,-17.05,-5,17.05,-5,17.05,5,-17.05,5,-198.99000549316406,229.50735168457032,-198.99000549316406,195.4073516845703,-188.99000549316406,195.4073516845703,-188.99000549316406,229.50735168457032
