in_product_family,in_bounding_box_x1,in_bounding_box_y1,in_bounding_box_x2,in_bounding_box_y2,in_bounding_box_x3,in_bounding_box_y3,in_bounding_box_x4,in_bounding_box_y4,out_bounding_box_x1,out_bounding_box_y1,out_bounding_box_x2,out_bounding_box_y2,out_bounding_box_x3,out_bounding_box_y3,out_bounding_box_x4,out_bounding_box_y4
ROOM,-202,34.87026,317,34.87026,317,932.87026,-202,932.87026,-202,34.87026,317,34.87026,317,932.87026,-202,932.87026
SEATING,-27.7,-28.6,27.7,-28.6,27.7,28.6,-27.7,28.6,-77.68996200012128,418.20716247558596,-133.0899620001213,418.20716247558596,-133.0899620001213,361.0071624755859,-77.68996200012128,361.0071624755859
SEATING,-27.7,-28.6,27.7,-28.6,27.7,28.6,-27.7,28.6,-39.889962000121294,264.0071624755859,15.510037999878705,264.0071624755859,15.510037999878705,321.20716247558596,-39.889962000121294,321.20716247558596
SEATING,-27.7,-28.6,27.7,-28.6,27.7,28.6,-27.7,28.6,15.510037999878719,418.20716247558596,-39.88996200012128,418.20716247558596,-39.88996200012129,361.0071624755859,15.510037999878712,361.0071624755859
SEATING,-27.7,-28.6,27.7,-28.6,27.7,28.6,-27.7,28.6,-133.0899620001213,264.0071624755859,-77.6899620001213,264.0071624755859,-77.6899620001213,321.20716247558596,-133.0899620001213,321.20716247558596
SOFA,-105,-45,105,-45,105,45,-105,45,45.6290283203125,540.3866577148438,255.6290283203125,540.3866577148438,255.6290283203125,630.3866577148438,45.6290283203125,630.3866577148438
SOFA,-105,-45,105,-45,105,45,-105,45,-34.009187698364215,853.7691040039062,-34.0091876983643,643.7691040039062,55.9908123016357,643.7691040039062,55.990812301635785,853.7691040039062
STORAGE_FURNITURE,-90,-22.5,90,-22.5,90,22.5,-90,22.5,316.98999023437506,653.9988403320312,316.98999023437494,833.9988403320312,271.98999023437494,833.9988403320312,271.98999023437506,653.9988403320312
STORAGE_FURNITURE,-60,-17.5,60,-17.5,60,17.5,-60,17.5,-201.98999023437497,731.1871948242188,-201.98999023437503,611.1871948242188,-166.98999023437503,611.1871948242188,-166.98999023437497,731.1871948242188
