in_product_family,in_bounding_box_x1,in_bounding_box_y1,in_bounding_box_x2,in_bounding_box_y2,in_bounding_box_x3,in_bounding_box_y3,in_bounding_box_x4,in_bounding_box_y4,out_bounding_box_x1,out_bounding_box_y1,out_bounding_box_x2,out_bounding_box_y2,out_bounding_box_x3,out_bounding_box_y3,out_bounding_box_x4,out_bounding_box_y4
ROOM,-154.73317,-180.3709,439.57245,-180.3709,439.57245,209.96568,-154.73317,209.96568,-154.73317,-180.3709,439.57245,-180.3709,439.57245,209.96568,-154.73317,209.96568
STORAGE_FURNITURE,-90,-24.5,90,-24.5,90,24.5,-90,24.5,342.8569641113281,209.96563720703125,162.85696411132812,209.96563720703125,162.85696411132812,160.96563720703125,342.8569641113281,160.96563720703125
SOFA,-95,-49.5,95,-49.5,95,49.5,-95,49.5,151.42880249023438,-80.13353157043457,341.4288024902344,-80.13353157043457,341.4288024902344,18.86646842956543,151.42880249023438,18.86646842956543
STORAGE_FURNITURE,-85,-22.5,85,-22.5,85,22.5,-85,22.5,162.84696197509766,209.96563720703125,-7.153038024902344,209.96563720703125,-7.153038024902344,164.96563720703125,162.84696197509766,164.96563720703125
STORAGE_FURNITURE,-50,-17.5,50,-17.5,50,17.5,-50,17.5,2.8369598388671875,209.96563720703125,-97.16304016113281,209.96563720703125,-97.16304016113281,174.96563720703125,2.8369598388671875,174.96563720703125
TABLE,-60,-25,60,-25,60,25,-60,25,51.421333312988274,-80.13688659667967,171.42133331298828,-80.1368865966797,171.42133331298828,-30.1368865966797,51.42133331298829,-30.136886596679673
