in_product_family,in_bounding_box_x1,in_bounding_box_y1,in_bounding_box_x2,in_bounding_box_y2,in_bounding_box_x3,in_bounding_box_y3,in_bounding_box_x4,in_bounding_box_y4,out_bounding_box_x1,out_bounding_box_y1,out_bounding_box_x2,out_bounding_box_y2,out_bounding_box_x3,out_bounding_box_y3,out_bounding_box_x4,out_bounding_box_y4
ROOM,-473.71998,-370,582.70398,-370,582.70398,370,-473.71998,370,-473.71998,-370,582.70398,-370,582.70398,370,-473.71998,370
SOFA,-112.3,-50,112.3,-50,112.3,50,-112.3,50,548.3188903808593,-94.34004211425783,323.71889038085936,-94.3400421142578,323.71889038085936,-194.3400421142578,548.3188903808593,-194.3400421142578
STORAGE_FURNITURE,-50.6,-15.65,50.6,-15.65,50.6,15.65,-50.6,15.65,218.14024963378904,-268.7799926757813,218.14024963378907,-167.57999267578126,186.84024963378909,-167.57999267578123,186.84024963378906,-268.7799926757813
STORAGE_FURNITURE,-50.6,-15.65,50.6,-15.65,50.6,15.65,-50.6,15.65,218.14024963378904,-369.9899841308594,218.14024963378907,-268.78998413085935,186.84024963378909,-268.78998413085935,186.84024963378906,-369.9899841308594
TABLE,-58.35,-58.7,58.35,-58.7,58.35,58.7,-58.35,58.7,386.967626953125,166.78704528808595,503.667626953125,166.78704528808595,503.667626953125,284.1870452880859,386.967626953125,284.1870452880859
STORAGE_FURNITURE,-90,-22.5,90,-22.5,90,22.5,-90,22.5,331.1750793457031,-367.6374816894531,511.1750793457031,-367.6374816894531,511.1750793457031,-322.6374816894531,331.1750793457031,-322.6374816894531
