in_product_family,in_bounding_box_x1,in_bounding_box_y1,in_bounding_box_x2,in_bounding_box_y2,in_bounding_box_x3,in_bounding_box_y3,in_bounding_box_x4,in_bounding_box_y4,out_bounding_box_x1,out_bounding_box_y1,out_bounding_box_x2,out_bounding_box_y2,out_bounding_box_x3,out_bounding_box_y3,out_bounding_box_x4,out_bounding_box_y4
ROOM,-7812.61602,-4834.78191,-7386.52769,-4834.78191,-7386.52769,-4375.6194,-7812.61602,-4375.6194,-7812.61602,-4834.78191,-7386.52769,-4834.78191,-7386.52769,-4375.6194,-7812.61602,-4375.6194
SOFA,-130.3,-83.7,130.3,-83.7,130.3,83.7,-130.3,83.7,-7812.6056640625,-4832.69755859375,-7552.0056640625,-4832.69755859375,-7552.0056640625,-4665.29755859375,-7812.6056640625,-4665.29755859375
SEATING,-36.5,-40.5,36.5,-40.5,36.5,40.5,-36.5,40.5,-7456.909483457771,-4608.520195244382,-7497.792480335016,-4548.042260703468,-7564.898133729729,-4593.405586005618,-7524.015136852484,-4653.883520546532
TABLE,-27,-35,27,-35,27,35,-27,35,-7609.186148118003,-4650.868698834309,-7617.133769270246,-4597.456758989173,-7686.371469069497,-4607.759230853191,-7678.423847917254,-4661.171170698327
TABLE,-27,-35,27,-35,27,35,-27,35,-7634.518667649253,-4648.275437115559,-7642.466288801496,-4594.863497270423,-7711.703988600747,-4605.165969134441,-7703.756367448504,-4658.577908979577
