in_product_family,in_bounding_box_x1,in_bounding_box_y1,in_bounding_box_x2,in_bounding_box_y2,in_bounding_box_x3,in_bounding_box_y3,in_bounding_box_x4,in_bounding_box_y4,out_bounding_box_x1,out_bounding_box_y1,out_bounding_box_x2,out_bounding_box_y2,out_bounding_box_x3,out_bounding_box_y3,out_bounding_box_x4,out_bounding_box_y4
ROOM,-177,90.2477,228.20074,90.2477,228.20074,485.92044,-177,485.92044,-177,90.2477,228.20074,90.2477,228.20074,485.92044,-177,485.92044
SOFA,-130.3,-83.7,130.3,-83.7,130.3,83.7,-130.3,83.7,123.13712615966793,124.38295288085934,123.13712615966801,384.98295288085933,-44.26287384033199,384.98295288085944,-44.26287384033208,124.38295288085939
STORAGE_FURNITURE,-70,-22.5,70,-22.5,70,22.5,-70,22.5,-176.990005493164,233.2635040283203,-176.99000549316412,93.26350402832033,-131.99000549316412,93.2635040283203,-131.990005493164,233.2635040283203
STORAGE_FURNITURE,-73,-22.55,73,-22.55,73,22.55,-73,22.55,-176.9759338378906,484.5390625,-176.97593383789066,338.5390625,-131.87593383789064,338.5390625,-131.87593383789059,484.5390625
