in_product_family,in_bounding_box_x1,in_bounding_box_y1,in_bounding_box_x2,in_bounding_box_y2,in_bounding_box_x3,in_bounding_box_y3,in_bounding_box_x4,in_bounding_box_y4,out_bounding_box_x1,out_bounding_box_y1,out_bounding_box_x2,out_bounding_box_y2,out_bounding_box_x3,out_bounding_box_y3,out_bounding_box_x4,out_bounding_box_y4
ROOM,6797.25006,8753.33746,8054.48514,8753.33746,8054.48514,9799.53601,6797.25006,9799.53601,6797.25006,8753.33746,8054.48514,8753.33746,8054.48514,9799.53601,6797.25006,9799.53601
SOFA,-121.25,-79.45,121.25,-79.45,121.25,79.45,-121.25,79.45,7610.380859375,9108.94609375,7367.880859375,9108.94609375,7367.880859375,8950.04609375,7610.380859375,8950.04609375
SEATING,-46.8,-41.65,46.8,-41.65,46.8,41.65,-46.8,41.65,7278.959168710466,8885.520863131624,7329.953591524382,8807.031826687828,7399.805479727034,8852.414683743376,7348.811056913118,8930.903720187172
TABLE,-60.15,-24.85,60.15,-24.85,60.15,24.85,-60.15,24.85,7391.7123046875,8900.335546875,7512.0123046875,8900.335546875,7512.0123046875,8950.035546875,7391.7123046875,8950.035546875
