in_product_family,in_bounding_box_x1,in_bounding_box_y1,in_bounding_box_x2,in_bounding_box_y2,in_bounding_box_x3,in_bounding_box_y3,in_bounding_box_x4,in_bounding_box_y4,out_bounding_box_x1,out_bounding_box_y1,out_bounding_box_x2,out_bounding_box_y2,out_bounding_box_x3,out_bounding_box_y3,out_bounding_box_x4,out_bounding_box_y4
ROOM,-302.70687,161.74791,479.63279,161.74791,479.63279,529.86044,-302.70687,529.86044,-302.70687,161.74791,479.63279,161.74791,479.63279,529.86044,-302.70687,529.86044
TABLE,-90,-40,90,-40,90,40,-90,40,243.90336965787648,321.3342450779033,370.1302615523124,193.0113252129377,427.162670381186,249.1121660549092,300.9357784867501,377.43508591987484
SEATING,-24.15,-28.45,24.15,-28.45,24.15,28.45,-24.15,28.45,221.3772569138742,257.02315162711824,255.24813957221448,222.58983479668578,295.8124403517508,262.491557845538,261.9415576934105,296.92487467597044
SEATING,-24.15,-28.45,24.15,-28.45,24.15,28.45,-24.15,28.45,260.5529160935617,217.1969797521182,294.423798751902,182.76366292168578,334.9880995314383,222.66538597053804,301.117216873098,257.09870280097044
SEATING,-24.15,-28.45,24.15,-28.45,24.15,28.45,-24.15,28.45,394.17147965839143,363.8050954431943,360.30059700005114,398.23841227362675,319.7362962205148,358.33668922477443,353.6071788788551,323.903372394342
SEATING,-24.15,-28.45,24.15,-28.45,24.15,28.45,-24.15,28.45,435.6273817580008,321.6607778162412,401.7564990996605,356.0940946466736,361.1921983201242,316.1923715978213,395.0630809784645,281.7590547673889
SOFA,-64.75,-39.8,64.75,-39.8,64.75,39.8,-64.75,39.8,-105.76390046993427,196.06169864209406,-18.434660609820412,291.68519923402334,-77.21173124393292,345.3640215727497,-164.54097110404678,249.7405209808204
SEATING,-37.5,-39.8,37.5,-39.8,37.5,39.8,-37.5,39.8,-23.68039198481201,412.9847140285182,19.281230611710136,351.508710711175,84.5277621325171,397.1053128269505,41.56613953599494,458.58131614429374
SEATING,-37.5,-39.8,37.5,-39.8,37.5,39.8,-37.5,39.8,180.99578607343773,354.9950104830589,250.5303908470046,383.10085932247046,220.70071661210915,456.9002531888161,151.16611183854226,428.79440434940454
