in_product_family,in_bounding_box_x1,in_bounding_box_y1,in_bounding_box_x2,in_bounding_box_y2,in_bounding_box_x3,in_bounding_box_y3,in_bounding_box_x4,in_bounding_box_y4,out_bounding_box_x1,out_bounding_box_y1,out_bounding_box_x2,out_bounding_box_y2,out_bounding_box_x3,out_bounding_box_y3,out_bounding_box_x4,out_bounding_box_y4
ROOM,-356.14726,-877.46079,726.60681,-877.46079,726.60681,-351.86598,-356.14726,-351.86598,-356.14726,-877.46079,726.60681,-877.46079,726.60681,-351.86598,-356.14726,-351.86598
TABLE,-87.5,-45,87.5,-45,87.5,45,-87.5,45,436.24249267578125,-526.7265625,436.24249267578125,-701.7265625,526.2424926757812,-701.7265625,526.2424926757812,-526.7265625
SOFA,-121.65,-78.15,121.65,-78.15,121.65,78.15,-121.65,78.15,306.39745178222654,-869.7157958984376,306.3974517822266,-626.4157958984375,150.09745178222659,-626.4157958984374,150.09745178222653,-869.7157958984375
SEATING,-23.9,-25.95,23.9,-25.95,23.9,25.95,-23.9,25.95,386.3824890136719,-638.6232543945313,386.3824890136719,-686.4232543945312,438.28248901367186,-686.4232543945312,438.28248901367186,-638.6232543945313
SEATING,-23.9,-25.95,23.9,-25.95,23.9,25.95,-23.9,25.95,384.332470703125,-554.4726196289063,384.332470703125,-602.2726196289062,436.232470703125,-602.2726196289062,436.232470703125,-554.4726196289063
SEATING,-23.9,-25.95,23.9,-25.95,23.9,25.95,-23.9,25.95,578.1525146484375,-681.4902099609375,578.1525146484375,-633.6902099609375,526.2525146484375,-633.6902099609375,526.2525146484375,-681.4902099609375
SEATING,-23.9,-25.95,23.9,-25.95,23.9,25.95,-23.9,25.95,578.1525146484375,-598.6955322265625,578.1525146484375,-550.8955322265625,526.2525146484375,-550.8955322265625,526.2525146484375,-598.6955322265625
STORAGE_FURNITURE,-80,-22.5,80,-22.5,80,22.5,-80,22.5,-259.3196258544922,-553.7982788085938,-99.31962585449219,-553.7982788085938,-99.31962585449219,-508.79827880859375,-259.3196258544922,-508.79827880859375
TABLE,-55,-30,55,-30,55,30,-55,30,65.0874557495117,-662.9364013671875,65.08745574951173,-772.9364013671875,125.08745574951173,-772.9364013671875,125.0874557495117,-662.9364013671875
