in_product_family,in_bounding_box_x1,in_bounding_box_y1,in_bounding_box_x2,in_bounding_box_y2,in_bounding_box_x3,in_bounding_box_y3,in_bounding_box_x4,in_bounding_box_y4,out_bounding_box_x1,out_bounding_box_y1,out_bounding_box_x2,out_bounding_box_y2,out_bounding_box_x3,out_bounding_box_y3,out_bounding_box_x4,out_bounding_box_y4
ROOM,-278,-144.92656,290.38388,-144.92656,290.38388,370,-278,370,-278,-144.92656,290.38388,-144.92656,290.38388,370,-278,370
SOFA,-130.3,-83.7,130.3,-83.7,130.3,83.7,-130.3,83.7,283.4570587158203,361.39009399414067,22.8570587158203,361.3900939941406,22.8570587158203,193.9900939941406,283.4570587158203,193.99009399414064
STORAGE_FURNITURE,-90,-22.5,90,-22.5,90,22.5,-90,22.5,-24.878738403320312,-12.989995956420898,155.1212615966797,-12.989995956420898,155.1212615966797,32.0100040435791,-24.878738403320312,32.0100040435791
STORAGE_FURNITURE,-50,-17.5,50,-17.5,50,17.5,-50,17.5,-228.65867614746094,213.94090270996094,-128.65867614746094,213.94090270996094,-128.65867614746094,248.94090270996094,-228.65867614746094,248.94090270996094
TABLE,-55,-27.5,55,-27.5,55,27.5,-55,27.5,60.78441619873047,196.8975830078125,170.78441619873047,196.8975830078125,170.78441619873047,251.8975830078125,60.78441619873047,251.8975830078125
