in_product_family,in_bounding_box_x1,in_bounding_box_y1,in_bounding_box_x2,in_bounding_box_y2,in_bounding_box_x3,in_bounding_box_y3,in_bounding_box_x4,in_bounding_box_y4,out_bounding_box_x1,out_bounding_box_y1,out_bounding_box_x2,out_bounding_box_y2,out_bounding_box_x3,out_bounding_box_y3,out_bounding_box_x4,out_bounding_box_y4
ROOM,193.72704,-119.53868,540.58443,-119.53868,540.58443,206.23068,193.72704,206.23068,193.72704,-119.53868,540.58443,-119.53868,540.58443,206.23068,193.72704,206.23068
SOFA,-163.65,-78.8,163.65,-78.8,163.65,78.8,-163.65,78.8,543.6228759765625,-125.14921035766605,543.6228759765626,202.15078964233396,386.02287597656255,202.15078964233402,386.02287597656243,-125.14921035766599
STORAGE_FURNITURE,-90,-22.5,90,-22.5,90,22.5,-90,22.5,193.73033142089847,227.959716796875,193.7303314208984,47.959716796875014,238.7303314208984,47.959716796874986,238.73033142089847,227.959716796875
TABLE,-50.2,-27.55,50.2,-27.55,50.2,27.55,-50.2,27.55,285.6128662109375,23.208415222167968,386.0128662109375,23.208415222167968,386.0128662109375,78.30841522216797,285.6128662109375,78.30841522216797
