in_product_family,in_bounding_box_x1,in_bounding_box_y1,in_bounding_box_x2,in_bounding_box_y2,in_bounding_box_x3,in_bounding_box_y3,in_bounding_box_x4,in_bounding_box_y4,out_bounding_box_x1,out_bounding_box_y1,out_bounding_box_x2,out_bounding_box_y2,out_bounding_box_x3,out_bounding_box_y3,out_bounding_box_x4,out_bounding_box_y4
ROOM,-301.01,-197.83368,77.51322,-197.83368,77.51322,874.37277,-301.01,874.37277,-301.01,-197.83368,77.51322,-197.83368,77.51322,874.37277,-301.01,874.37277
SOFA,-121.65,-78.15,121.65,-78.15,121.65,78.15,-121.65,78.15,77.4144726634026,534.7190795898438,77.41447266340252,778.0190795898438,-78.88552733659749,778.0190795898437,-78.8855273365974,534.7190795898437
STORAGE_FURNITURE,-81,-25,81,-25,81,25,-81,25,-179.5590591430664,-196.6023406982422,-17.559059143066406,-196.6023406982422,-17.559059143066406,-146.6023406982422,-179.5590591430664,-146.6023406982422
STORAGE_FURNITURE,-90,-25,90,-25,90,25,-90,25,-231.37084960937497,547.8573608398438,-231.37084960937503,367.85736083984375,-181.37084960937503,367.85736083984375,-181.37084960937497,547.8573608398438
STORAGE_FURNITURE,-60,-20,60,-20,60,20,-60,20,77.50321769714355,874.3727416992188,-42.496782302856445,874.3727416992188,-42.496782302856445,834.3727416992188,77.50321769714355,834.3727416992188
STORAGE_FURNITURE,-60,-20,60,-20,60,20,-60,20,-42.496782302856445,874.3727416992188,-162.49678230285645,874.3727416992188,-162.49678230285645,834.3727416992188,-42.496782302856445,834.3727416992188
TABLE,-80.85,-41.25,80.85,-41.25,80.85,41.25,-80.85,41.25,-62.81266784667971,-71.24788818359376,-62.812667846679666,90.45211181640623,-145.31266784667966,90.45211181640626,-145.31266784667972,-71.24788818359373
