in_product_family,in_bounding_box_x1,in_bounding_box_y1,in_bounding_box_x2,in_bounding_box_y2,in_bounding_box_x3,in_bounding_box_y3,in_bounding_box_x4,in_bounding_box_y4,out_bounding_box_x1,out_bounding_box_y1,out_bounding_box_x2,out_bounding_box_y2,out_bounding_box_x3,out_bounding_box_y3,out_bounding_box_x4,out_bounding_box_y4
ROOM,-1904.778,-264.15162,-1237.70574,-264.15162,-1237.70574,172.84661,-1904.778,172.84661,-1904.778,-264.15162,-1237.70574,-264.15162,-1237.70574,172.84661,-1904.778,172.84661
TABLE,-33.75,-45,33.75,-45,33.75,45,-33.75,45,-1366.78369140625,-62.249393463134766,-1299.28369140625,-62.249393463134766,-1299.28369140625,27.750606536865234,-1366.78369140625,27.750606536865234
TABLE,-98.4,-48,98.4,-48,98.4,48,-98.4,48,-1721.7294921875,77.35232772827148,-1721.7294921875,-119.44767227172854,-1625.7294921875,-119.4476722717285,-1625.7294921875,77.3523277282715
SEATING,-37.5,-39.8,37.5,-39.8,37.5,39.8,-37.5,39.8,-1464.375704440967,-135.05513030973756,-1404.537624442876,-180.2702183019341,-1356.549344387158,-116.76206939729367,-1416.387424385249,-71.54698140509713
SEATING,-37.5,-39.8,37.5,-39.8,37.5,39.8,-37.5,39.8,-1420.4679139630794,140.66374264549887,-1482.4274244679743,98.40242394868334,-1437.5740782244206,32.642730132821455,-1375.6145677195257,74.90404882963698
