in_product_family,in_bounding_box_x1,in_bounding_box_y1,in_bounding_box_x2,in_bounding_box_y2,in_bounding_box_x3,in_bounding_box_y3,in_bounding_box_x4,in_bounding_box_y4,out_bounding_box_x1,out_bounding_box_y1,out_bounding_box_x2,out_bounding_box_y2,out_bounding_box_x3,out_bounding_box_y3,out_bounding_box_x4,out_bounding_box_y4
ROOM,-380.77387,-411.32032,391.22613,-411.32032,391.22613,362.67968,-380.77387,362.67968,-380.77387,-411.32032,391.22613,-411.32032,391.22613,362.67968,-380.77387,362.67968
TABLE,-90,-45,90,-45,90,45,-90,45,-300.19451904296875,-316.56585693359375,-120.19451904296875,-316.56585693359375,-120.19451904296875,-226.56585693359375,-300.19451904296875,-226.56585693359375
STORAGE_FURNITURE,-29.95,-8,29.95,-8,29.95,8,-29.95,8,389.21612548828125,-222.45106811523436,389.21612548828125,-162.5510681152344,373.21612548828125,-162.5510681152344,373.21612548828125,-222.45106811523436
DECORATION,-7.1,-6.95,7.1,-6.95,7.1,6.95,-7.1,6.95,387.04124755859374,-218.73079833984374,387.04124755859374,-204.53079833984376,373.14124755859376,-204.53079833984376,373.14124755859376,-218.73079833984374
DECORATION,-7.1,-6.95,7.1,-6.95,7.1,6.95,-7.1,6.95,386.99513549804686,-200.801416015625,386.99513549804686,-186.601416015625,373.0951354980469,-186.601416015625,373.0951354980469,-200.801416015625
DECORATION,-7.1,-6.95,7.1,-6.95,7.1,6.95,-7.1,6.95,386.6398193359375,-182.37471923828124,386.6398193359375,-168.17471923828126,372.7398193359375,-168.17471923828126,372.7398193359375,-182.37471923828124
STORAGE_FURNITURE,-73,-22.55,73,-22.55,73,22.55,-73,22.55,-256.51727294921875,-418.860302734375,-110.51727294921875,-418.860302734375,-110.51727294921875,-373.760302734375,-256.51727294921875,-373.760302734375
VEGETATION,-42.45,-43,42.45,-43,42.45,43,-42.45,43,-142.59364624023436,-424.310302734375,-57.69364624023437,-424.310302734375,-57.69364624023437,-338.310302734375,-142.59364624023436,-338.310302734375
SOFA,-130.3,-83.7,130.3,-83.7,130.3,83.7,-130.3,83.7,31.236119079589898,297.5578887939454,31.236119079589784,36.95788879394533,198.63611907958978,36.95788879394527,198.6361190795899,297.55788879394527
