in_product_family,in_bounding_box_x1,in_bounding_box_y1,in_bounding_box_x2,in_bounding_box_y2,in_bounding_box_x3,in_bounding_box_y3,in_bounding_box_x4,in_bounding_box_y4,out_bounding_box_x1,out_bounding_box_y1,out_bounding_box_x2,out_bounding_box_y2,out_bounding_box_x3,out_bounding_box_y3,out_bounding_box_x4,out_bounding_box_y4
ROOM,-400,-460.68986,572.55545,-460.68986,572.55545,-104.01828,-400,-104.01828,-400,-460.68986,572.55545,-460.68986,572.55545,-104.01828,-400,-104.01828
SOFA,-110.5,-45.5,110.5,-45.5,110.5,45.5,-110.5,45.5,-360.7854766845703,-460.67987060546875,-139.7854766845703,-460.67987060546875,-139.7854766845703,-369.67987060546875,-360.7854766845703,-369.67987060546875
STORAGE_FURNITURE,-90,-24.5,90,-24.5,90,24.5,-90,24.5,-161.2530517578125,-104.0282745361328,-341.2530517578125,-104.02827453613283,-341.2530517578125,-153.0282745361328,-161.2530517578125,-153.0282745361328
TABLE,-27.5,-27.5,27.5,-27.5,27.5,27.5,-27.5,27.5,-280.1272277832031,-328.90087890625,-225.12722778320312,-328.90087890625,-225.12722778320312,-273.90087890625,-280.1272277832031,-273.90087890625
STORAGE_FURNITURE,-105,-25,105,-25,105,25,-105,25,69.60433959960938,-154.0282745361328,279.6043395996094,-154.0282745361328,279.6043395996094,-104.02827453613281,69.60433959960938,-104.02827453613281
STORAGE_FURNITURE,-50,-17.5,50,-17.5,50,17.5,-50,17.5,472.54541015625,-229.9624786376953,572.54541015625,-229.9624786376953,572.54541015625,-194.9624786376953,472.54541015625,-194.9624786376953
TABLE,-52.45,-52.45,52.45,-52.45,52.45,52.45,-52.45,52.45,121.46012573242187,-327.2676574707031,226.36012573242186,-327.2676574707031,226.36012573242186,-222.36765747070314,121.46012573242187,-222.36765747070314
