in_product_family,in_bounding_box_x1,in_bounding_box_y1,in_bounding_box_x2,in_bounding_box_y2,in_bounding_box_x3,in_bounding_box_y3,in_bounding_box_x4,in_bounding_box_y4,out_bounding_box_x1,out_bounding_box_y1,out_bounding_box_x2,out_bounding_box_y2,out_bounding_box_x3,out_bounding_box_y3,out_bounding_box_x4,out_bounding_box_y4
ROOM,799.18906,-393.87972,1488.60932,-393.87972,1488.60932,137.02697,799.18906,137.02697,799.18906,-393.87972,1488.60932,-393.87972,1488.60932,137.02697,799.18906,137.02697
STORAGE_FURNITURE,-90,-22.5,90,-22.5,90,22.5,-90,22.5,1323.16357421875,-346.8306884765625,1143.16357421875,-346.8306884765625,1143.16357421875,-391.8306884765625,1323.16357421875,-391.8306884765625
SOFA,-130.3,-83.7,130.3,-83.7,130.3,83.7,-130.3,83.7,1377.5431640625,53.42803497314452,1116.9431640625,53.42803497314455,1116.9431640625,-113.97196502685546,1377.5431640625,-113.97196502685549
SOFA,-87,-31.45,87,-31.45,87,31.45,-87,31.45,987.2052734375,-78.90077209472658,987.2052734375001,-252.90077209472656,1050.1052734375,-252.90077209472656,1050.1052734375,-78.90077209472655
TABLE,-59.7,-26.55,59.7,-26.55,59.7,26.55,-59.7,26.55,1158.7959716796875,-220.7503173828125,1278.1959716796875,-220.7503173828125,1278.1959716796875,-167.6503173828125,1158.7959716796875,-167.6503173828125
