in_product_family,in_bounding_box_x1,in_bounding_box_y1,in_bounding_box_x2,in_bounding_box_y2,in_bounding_box_x3,in_bounding_box_y3,in_bounding_box_x4,in_bounding_box_y4,out_bounding_box_x1,out_bounding_box_y1,out_bounding_box_x2,out_bounding_box_y2,out_bounding_box_x3,out_bounding_box_y3,out_bounding_box_x4,out_bounding_box_y4
ROOM,-678.24539,-1217.42481,61.97779,-1217.42481,61.97779,-857.25816,-678.24539,-857.25816,-678.24539,-1217.42481,61.97779,-1217.42481,61.97779,-857.25816,-678.24539,-857.25816
SOFA,-92.35,-40.7,92.35,-40.7,92.35,40.7,-92.35,40.7,-465.4059814453125,-857.6630981445312,-650.1059814453125,-857.6630981445312,-650.1059814453125,-939.0630981445313,-465.4059814453125,-939.0630981445313
STORAGE_FURNITURE,-75.25,-20.35,75.25,-20.35,75.25,20.35,-75.25,20.35,-635.3107299021611,-1217.4148196255026,-484.8107299021611,-1217.4148190463725,-484.8107300587764,-1176.7148190463724,-635.3107300587764,-1176.7148196255025
TABLE,-50,-50,50,-50,50,50,-50,50,-607.1311645507812,-1100.6519775390625,-507.13116455078125,-1100.6519775390625,-507.13116455078125,-1000.6519775390625,-607.1311645507812,-1000.6519775390625
