in_product_family,in_bounding_box_x1,in_bounding_box_y1,in_bounding_box_x2,in_bounding_box_y2,in_bounding_box_x3,in_bounding_box_y3,in_bounding_box_x4,in_bounding_box_y4,out_bounding_box_x1,out_bounding_box_y1,out_bounding_box_x2,out_bounding_box_y2,out_bounding_box_x3,out_bounding_box_y3,out_bounding_box_x4,out_bounding_box_y4
ROOM,-141.14314,-438.14546,731.43203,-438.14546,731.43203,98.56071,-141.14314,98.56071,-141.14314,-438.14546,731.43203,-438.14546,731.43203,98.56071,-141.14314,98.56071
TABLE,-129.8,-44.75,129.8,-44.75,129.8,44.75,-129.8,44.75,329.6239807128906,-208.44320678710938,589.2239807128906,-208.44320678710938,589.2239807128906,-118.94320678710938,329.6239807128906,-118.94320678710938
