in_product_family,in_bounding_box_x1,in_bounding_box_y1,in_bounding_box_x2,in_bounding_box_y2,in_bounding_box_x3,in_bounding_box_y3,in_bounding_box_x4,in_bounding_box_y4,out_bounding_box_x1,out_bounding_box_y1,out_bounding_box_x2,out_bounding_box_y2,out_bounding_box_x3,out_bounding_box_y3,out_bounding_box_x4,out_bounding_box_y4
ROOM,-153.48609,-325.61408,247.18342,-325.61408,247.18342,226.0498,-153.48609,226.0498,-153.48609,-325.61408,247.18342,-325.61408,247.18342,226.0498,-153.48609,226.0498
RADIATOR,-40,-7.5,40,-7.5,40,7.5,-40,7.5,205.8041534423828,222.7852325439453,125.80415344238281,222.7852325439453,125.80415344238281,207.7852325439453,205.8041534423828,207.7852325439453
SOFA,-130.3,-83.7,130.3,-83.7,130.3,83.7,-130.3,83.7,-28.671849060058605,-311.26861877441405,231.92815093994142,-311.26861877441405,231.92815093994142,-143.86861877441407,-28.671849060058605,-143.86861877441407
