in_product_family,in_bounding_box_x1,in_bounding_box_y1,in_bounding_box_x2,in_bounding_box_y2,in_bounding_box_x3,in_bounding_box_y3,in_bounding_box_x4,in_bounding_box_y4,out_bounding_box_x1,out_bounding_box_y1,out_bounding_box_x2,out_bounding_box_y2,out_bounding_box_x3,out_bounding_box_y3,out_bounding_box_x4,out_bounding_box_y4
ROOM,-542.32336,-1213.45261,-40.89783,-1213.45261,-40.89783,-765.12546,-542.32336,-765.12546,-542.32336,-1213.45261,-40.89783,-1213.45261,-40.89783,-765.12546,-542.32336,-765.12546
SOFA,-91,-45,91,-45,91,45,-91,45,-184.49429321289065,-1113.6007690429688,-184.4942932128906,-931.6007690429688,-274.4942932128906,-931.6007690429688,-274.4942932128906,-1113.6007690429688
SEATING,-50,-25,50,-25,50,25,-50,25,-440.40795878792704,-1210.2765090605774,-341.7634608381569,-1193.8672731174327,-349.9680788097292,-1144.5450241425476,-448.61257675949935,-1160.9542600856923
SEATING,-36.5,-43,36.5,-43,36.5,43,-36.5,43,-327.715087890625,-810.0283813476562,-400.715087890625,-810.0283813476562,-400.715087890625,-896.0283813476562,-327.715087890625,-896.0283813476562
STORAGE_FURNITURE,-90,-22.5,90,-22.5,90,22.5,-90,22.5,-542.3133544921875,-935.981689453125,-542.3133544921875,-1115.981689453125,-497.31335449218756,-1115.981689453125,-497.31335449218744,-935.981689453125
DECORATION,-75,-100,75,-100,75,100,-75,100,-442.05316162109375,-1120.0479736328125,-292.05316162109375,-1120.0479736328125,-292.05316162109375,-920.0479736328125,-442.05316162109375,-920.0479736328125
