in_product_family,in_bounding_box_x1,in_bounding_box_y1,in_bounding_box_x2,in_bounding_box_y2,in_bounding_box_x3,in_bounding_box_y3,in_bounding_box_x4,in_bounding_box_y4,out_bounding_box_x1,out_bounding_box_y1,out_bounding_box_x2,out_bounding_box_y2,out_bounding_box_x3,out_bounding_box_y3,out_bounding_box_x4,out_bounding_box_y4
ROOM,1028,17,1423.01,17,1423.01,667.39999,1028,667.39999,1028,17,1423.01,17,1423.01,667.39999,1028,667.39999
SOFA,-110.5,-45.5,110.5,-45.5,110.5,45.5,-110.5,45.5,1028.010009765625,333.3477783203125,1028.010009765625,112.34777832031251,1119.010009765625,112.34777832031249,1119.010009765625,333.3477783203125
SEATING,-30.6,-29.75,30.6,-29.75,30.6,29.75,-30.6,29.75,1244.530126953125,451.3887939453125,1305.730126953125,451.3887939453125,1305.730126953125,510.8887939453125,1244.530126953125,510.8887939453125
SEATING,-30.6,-29.75,30.6,-29.75,30.6,29.75,-30.6,29.75,1181.510512627841,568.7444385981684,1184.9066076504641,507.63873887549676,1244.314926825284,510.94049792526914,1240.9188318026609,572.0461976479407
LIGHTING,-30,-30,30,-30,30,30,-30,30,1221.03857421875,209.36007690429688,1281.03857421875,209.36007690429688,1281.03857421875,269.3600769042969,1221.03857421875,269.3600769042969
TABLE,-40,-40,40,-40,40,40,-40,40,1193.30078125,169.1268768310547,1273.30078125,169.1268768310547,1273.30078125,249.1268768310547,1193.30078125,249.1268768310547
STORAGE_FURNITURE,-30,-18.35,30,-18.35,30,18.35,-30,18.35,1028.0099853515626,468.3439025878906,1028.0099853515626,408.3439025878906,1064.7099853515624,408.3439025878906,1064.7099853515624,468.3439025878906
