in_product_family,in_bounding_box_x1,in_bounding_box_y1,in_bounding_box_x2,in_bounding_box_y2,in_bounding_box_x3,in_bounding_box_y3,in_bounding_box_x4,in_bounding_box_y4,out_bounding_box_x1,out_bounding_box_y1,out_bounding_box_x2,out_bounding_box_y2,out_bounding_box_x3,out_bounding_box_y3,out_bounding_box_x4,out_bounding_box_y4
ROOM,-357.58689,-563.45225,86.86679,-563.45225,86.86679,6.62197,-357.58689,6.62197,-357.58689,-563.45225,86.86679,-563.45225,86.86679,6.62197,-357.58689,6.62197
SOFA,-121.65,-78.15,121.65,-78.15,121.65,78.15,-121.65,78.15,-47.4821716308594,-426.0235046386719,-47.48217163085934,-182.7235046386719,-203.78217163085935,-182.72350463867184,-203.7821716308594,-426.02350463867185
SEATING,-55.65,-44.1,55.65,-44.1,55.65,44.1,-55.65,44.1,-217.2171378319602,-57.60328266075095,-314.40380798190404,-111.84755558578902,-271.4177803809304,-188.8634074027256,-174.23111023098662,-134.61913447768754
TABLE,-40,-40,40,-40,40,40,-40,40,-283.79217529296875,-290.12730407714844,-203.79217529296875,-290.12730407714844,-203.79217529296875,-210.12730407714844,-283.79217529296875,-210.12730407714844
