in_product_family,in_bounding_box_x1,in_bounding_box_y1,in_bounding_box_x2,in_bounding_box_y2,in_bounding_box_x3,in_bounding_box_y3,in_bounding_box_x4,in_bounding_box_y4,out_bounding_box_x1,out_bounding_box_y1,out_bounding_box_x2,out_bounding_box_y2,out_bounding_box_x3,out_bounding_box_y3,out_bounding_box_x4,out_bounding_box_y4
ROOM,390.39822,-179,1115.00018,-179,1115.00018,521,390.39822,521,390.39822,-179,1115.00018,-179,1115.00018,521,390.39822,521
STORAGE_FURNITURE,-48.5,-17.75,48.5,-17.75,48.5,17.75,-48.5,17.75,598.3549194335938,268.1520080566406,598.3549194335938,365.1520080566406,562.8549194335938,365.1520080566406,562.8549194335938,268.1520080566406
STORAGE_FURNITURE,-37.5,-3,37.5,-3,37.5,3,-37.5,3,598.3549194335938,335.3234558105469,598.3549194335938,410.3234558105469,592.3549194335938,410.3234558105469,592.3549194335938,335.3234558105469
STORAGE_FURNITURE,-48.5,-17.75,48.5,-17.75,48.5,17.75,-48.5,17.75,598.3549194335938,365.1520080566406,598.3549194335938,462.1520080566406,562.8549194335938,462.1520080566406,562.8549194335938,365.1520080566406
SOFA,-163.65,-78.8,163.65,-78.8,163.65,78.8,-163.65,78.8,1103.7525146484375,176.7003112792969,1103.7525146484375,504.0003112792969,946.1525146484374,504.00031127929685,946.1525146484375,176.70031127929684
STORAGE_FURNITURE,-90,-24.5,90,-24.5,90,24.5,-90,24.5,607.603759765625,461.86505126953125,607.603759765625,281.86505126953125,656.603759765625,281.86505126953125,656.603759765625,461.86505126953125
