in_product_family,in_bounding_box_x1,in_bounding_box_y1,in_bounding_box_x2,in_bounding_box_y2,in_bounding_box_x3,in_bounding_box_y3,in_bounding_box_x4,in_bounding_box_y4,out_bounding_box_x1,out_bounding_box_y1,out_bounding_box_x2,out_bounding_box_y2,out_bounding_box_x3,out_bounding_box_y3,out_bounding_box_x4,out_bounding_box_y4
ROOM,18.27509,-736.66688,798.29588,-736.66688,798.29588,-257.53888,18.27509,-257.53888,18.27509,-736.66688,798.29588,-736.66688,798.29588,-257.53888,18.27509,-257.53888
SOFA,-130.3,-83.7,130.3,-83.7,130.3,83.7,-130.3,83.7,18.281132507324173,-247.24687500000002,18.28113250732426,-507.84687500000007,185.68113250732426,-507.84687499999995,185.68113250732418,-247.24687499999996
TABLE,-105,-37.5,105,-37.5,105,37.5,-105,37.5,560.322509765625,-653.8560180664062,770.322509765625,-653.8560180664062,770.322509765625,-578.8560180664062,560.322509765625,-578.8560180664062
