in_product_family,in_bounding_box_x1,in_bounding_box_y1,in_bounding_box_x2,in_bounding_box_y2,in_bounding_box_x3,in_bounding_box_y3,in_bounding_box_x4,in_bounding_box_y4,out_bounding_box_x1,out_bounding_box_y1,out_bounding_box_x2,out_bounding_box_y2,out_bounding_box_x3,out_bounding_box_y3,out_bounding_box_x4,out_bounding_box_y4
ROOM,-3.01,9.0484,344.01,9.0484,344.01,411.61516,-3.01,411.61516,-3.01,9.0484,344.01,9.0484,344.01,411.61516,-3.01,411.61516
TABLE,-90,-40,90,-40,90,40,-90,40,213.02612304687497,134.80303955078125,213.02612304687503,314.80303955078125,133.02612304687503,314.80303955078125,133.02612304687497,134.80303955078125
SEATING,-22.75,-26.05,22.75,-26.05,22.75,26.05,-22.75,26.05,265.13612060546876,164.1873321533203,265.13612060546876,209.6873321533203,213.03612060546874,209.6873321533203,213.03612060546877,164.1873321533203
SEATING,-24.5,-24.5,24.5,-24.5,24.5,24.5,-24.5,24.5,84.01612091064453,290.86700439453125,84.01612091064453,241.86700439453125,133.01612091064453,241.86700439453125,133.01612091064453,290.86700439453125
SEATING,-24.5,-24.5,24.5,-24.5,24.5,24.5,-24.5,24.5,84.01612091064453,206.42018127441406,84.01612091064453,157.42018127441406,133.01612091064453,157.42018127441406,133.01612091064453,206.42018127441406
SEATING,-24.5,-24.5,24.5,-24.5,24.5,24.5,-24.5,24.5,265.1361083984375,247.21197509765625,265.1361083984375,296.21197509765625,216.1361083984375,296.21197509765625,216.1361083984375,247.21197509765625
STORAGE_FURNITURE,-55,-16.95,55,-16.95,55,16.95,-55,16.95,131.15992736816406,15.010002899169923,241.15992736816406,15.010002899169923,241.15992736816406,48.910002899169925,131.15992736816406,48.910002899169925
