in_product_family,in_bounding_box_x1,in_bounding_box_y1,in_bounding_box_x2,in_bounding_box_y2,in_bounding_box_x3,in_bounding_box_y3,in_bounding_box_x4,in_bounding_box_y4,out_bounding_box_x1,out_bounding_box_y1,out_bounding_box_x2,out_bounding_box_y2,out_bounding_box_x3,out_bounding_box_y3,out_bounding_box_x4,out_bounding_box_y4
ROOM,322.20167,-523.74194,712.50613,-523.74194,712.50613,-16.24823,322.20167,-16.24823,322.20167,-523.74194,712.50613,-523.74194,712.50613,-16.24823,322.20167,-16.24823
SOFA,-95,-49.5,95,-49.5,95,49.5,-95,49.5,325.8537902832032,-323.10797119140625,325.85379028320307,-513.1079711914062,424.85379028320307,-513.1079711914062,424.8537902832032,-323.10797119140625
SOFA,-95,-49.5,95,-49.5,95,49.5,-95,49.5,712.4961547851562,-513.2928161621094,712.4961547851562,-323.2928161621094,613.4961547851562,-323.2928161621094,613.4961547851562,-513.2928161621094
SOFA,-91.05,-47.55,91.05,-47.55,91.05,47.55,-91.05,47.55,432.68992919921874,-265.2020385742187,614.7899291992187,-265.20203857421876,614.7899291992187,-170.10203857421877,432.6899291992188,-170.10203857421874
