in_product_family,in_bounding_box_x1,in_bounding_box_y1,in_bounding_box_x2,in_bounding_box_y2,in_bounding_box_x3,in_bounding_box_y3,in_bounding_box_x4,in_bounding_box_y4,out_bounding_box_x1,out_bounding_box_y1,out_bounding_box_x2,out_bounding_box_y2,out_bounding_box_x3,out_bounding_box_y3,out_bounding_box_x4,out_bounding_box_y4
ROOM,-1219.4302,-511.19206,-322.82875,-511.19206,-322.82875,165.24288,-1219.4302,165.24288,-1219.4302,-511.19206,-322.82875,-511.19206,-322.82875,165.24288,-1219.4302,165.24288
TABLE,-105,-37.5,105,-37.5,105,37.5,-105,37.5,-1104.1847534179688,-60.16488838195801,-894.1847534179688,-60.16488838195801,-894.1847534179688,14.835111618041992,-1104.1847534179688,14.835111618041992
TABLE,-105,-37.5,105,-37.5,105,37.5,-105,37.5,-894.1748046875,-60.16488838195801,-684.1748046875,-60.16488838195801,-684.1748046875,14.835111618041992,-894.1748046875,14.835111618041992
SEATING,-68.95,-18.9,68.95,-18.9,68.95,18.9,-68.95,18.9,-1101.7069580078125,31.70499954223633,-963.8069580078125,31.70499954223633,-963.8069580078125,69.50499954223633,-1101.7069580078125,69.50499954223633
SEATING,-68.95,-18.9,68.95,-18.9,68.95,18.9,-68.95,18.9,-963.7970458984375,31.70499954223633,-825.8970458984375,31.70499954223633,-825.8970458984375,69.50499954223633,-963.7970458984375,69.50499954223633
SEATING,-68.95,-18.9,68.95,-18.9,68.95,18.9,-68.95,18.9,-825.8870727539063,31.70499954223633,-687.9870727539062,31.70499954223633,-687.9870727539062,69.50499954223633,-825.8870727539063,69.50499954223633
SEATING,-68.95,-18.9,68.95,-18.9,68.95,18.9,-68.95,18.9,-824.2068969726563,-99.7092269897461,-686.3068969726562,-99.7092269897461,-686.3068969726562,-61.909226989746095,-824.2068969726563,-61.909226989746095
SEATING,-68.95,-18.9,68.95,-18.9,68.95,18.9,-68.95,18.9,-962.1168701171875,-99.7092269897461,-824.2168701171875,-99.7092269897461,-824.2168701171875,-61.909226989746095,-962.1168701171875,-61.909226989746095
SEATING,-68.95,-18.9,68.95,-18.9,68.95,18.9,-68.95,18.9,-1100.0168701171876,-99.7092269897461,-962.1168701171875,-99.7092269897461,-962.1168701171875,-61.909226989746095,-1100.0168701171876,-61.909226989746095
