in_product_family,in_bounding_box_x1,in_bounding_box_y1,in_bounding_box_x2,in_bounding_box_y2,in_bounding_box_x3,in_bounding_box_y3,in_bounding_box_x4,in_bounding_box_y4,out_bounding_box_x1,out_bounding_box_y1,out_bounding_box_x2,out_bounding_box_y2,out_bounding_box_x3,out_bounding_box_y3,out_bounding_box_x4,out_bounding_box_y4
ROOM,-65.09636,-79.64134,500.05317,-79.64134,500.05317,691.35866,-65.09636,691.35866,-65.09636,-79.64134,500.05317,-79.64134,500.05317,691.35866,-65.09636,691.35866
TABLE,-70,-45,70,-45,70,45,-70,45,129.58915710449216,115.39480590820311,129.58915710449222,255.39480590820312,39.58915710449221,255.39480590820312,39.589157104492166,115.39480590820314
SOFA,-110.5,-45.5,110.5,-45.5,110.5,45.5,-110.5,45.5,-56.43254089355469,367.70556640625,164.5674591064453,367.70556640625,164.5674591064453,458.70556640625,-56.43254089355469,458.70556640625
