in_product_family,in_bounding_box_x1,in_bounding_box_y1,in_bounding_box_x2,in_bounding_box_y2,in_bounding_box_x3,in_bounding_box_y3,in_bounding_box_x4,in_bounding_box_y4,out_bounding_box_x1,out_bounding_box_y1,out_bounding_box_x2,out_bounding_box_y2,out_bounding_box_x3,out_bounding_box_y3,out_bounding_box_x4,out_bounding_box_y4
ROOM,-489.5,-641.01,658.552,-641.01,658.552,-121,-489.5,-121,-489.5,-641.01,658.552,-641.01,658.552,-121,-489.5,-121
TABLE,-87.5,-45,87.5,-45,87.5,45,-87.5,45,282.48602294921875,-360.55096435546875,457.48602294921875,-360.55096435546875,457.48602294921875,-270.55096435546875,282.48602294921875,-270.55096435546875
SEATING,-47,-27.2,47,-27.2,47,27.2,-47,27.2,296.2125549316406,-415.127001953125,390.2125549316406,-415.127001953125,390.2125549316406,-360.727001953125,296.2125549316406,-360.727001953125
SEATING,-47,-27.2,47,-27.2,47,27.2,-47,27.2,345.2388000488281,-414.76097412109374,439.2388000488281,-414.76097412109374,439.2388000488281,-360.36097412109376,345.2388000488281,-360.36097412109376
SEATING,-47,-27.2,47,-27.2,47,27.2,-47,27.2,305.0322265625,-270.74095458984374,399.0322265625,-270.74095458984374,399.0322265625,-216.34095458984376,305.0322265625,-216.34095458984376
SEATING,-47,-27.2,47,-27.2,47,27.2,-47,27.2,354.0584716796875,-270.74095458984374,448.0584716796875,-270.74095458984374,448.0584716796875,-216.34095458984376,354.0584716796875,-216.34095458984376
SOFA,-130.3,-83.7,130.3,-83.7,130.3,83.7,-130.3,83.7,-91.0149156570435,-230.39000244140627,-91.01491565704342,-490.9900024414063,76.38508434295659,-490.9900024414062,76.3850843429565,-230.3900024414062
