in_product_family,in_bounding_box_x1,in_bounding_box_y1,in_bounding_box_x2,in_bounding_box_y2,in_bounding_box_x3,in_bounding_box_y3,in_bounding_box_x4,in_bounding_box_y4,out_bounding_box_x1,out_bounding_box_y1,out_bounding_box_x2,out_bounding_box_y2,out_bounding_box_x3,out_bounding_box_y3,out_bounding_box_x4,out_bounding_box_y4
ROOM,-1229.64583,-263.5,50.35417,-263.5,50.35417,760.16667,-1229.64583,760.16667,-1229.64583,-263.5,50.35417,-263.5,50.35417,760.16667,-1229.64583,760.16667
SEATING,-60,-20,60,-20,60,20,-60,20,-299.6358337402344,-43.54973602294922,-299.6358337402344,-163.54973602294922,-259.6358337402344,-163.54973602294922,-259.6358337402344,-43.54973602294922
TABLE,-100,-47.65,100,-47.65,100,47.65,-100,47.65,-629.8749389648438,123.07917175292968,-429.87493896484375,123.07917175292968,-429.87493896484375,218.3791717529297,-629.8749389648438,218.3791717529297
SOFA,-164,-107.3,164,-107.3,164,107.3,-164,107.3,-799.1349975585937,-35.770828247070284,-799.1349975585938,292.2291717529297,-1013.7349975585938,292.2291717529297,-1013.7349975585937,-35.77082824707034
STORAGE_FURNITURE,-105,-25,105,-25,105,25,-105,25,-534.7342529296875,-139.82333374023438,-324.7342529296875,-139.82333374023438,-324.7342529296875,-89.82333374023438,-534.7342529296875,-89.82333374023438
STORAGE_FURNITURE,-90,-22.5,90,-22.5,90,22.5,-90,22.5,-1229.6357421875,202.38751983642578,-1229.6357421875,22.38751983642578,-1184.6357421875,22.38751983642578,-1184.6357421875,202.38751983642578
LIGHTING,-31.1,-29.5,31.1,-29.5,31.1,29.5,-31.1,29.5,-1168.6704345703124,-139.82333374023438,-1106.4704345703126,-139.82333374023438,-1106.4704345703126,-80.82333374023438,-1168.6704345703124,-80.82333374023438
