in_product_family,in_bounding_box_x1,in_bounding_box_y1,in_bounding_box_x2,in_bounding_box_y2,in_bounding_box_x3,in_bounding_box_y3,in_bounding_box_x4,in_bounding_box_y4,out_bounding_box_x1,out_bounding_box_y1,out_bounding_box_x2,out_bounding_box_y2,out_bounding_box_x3,out_bounding_box_y3,out_bounding_box_x4,out_bounding_box_y4
ROOM,253.06066,-379.21036,973.35352,-379.21036,973.35352,211.44392,253.06066,211.44392,253.06066,-379.21036,973.35352,-379.21036,973.35352,211.44392,253.06066,211.44392
DECORATION,-75,-1.75,75,-1.75,75,1.75,-75,1.75,255.0799156248242,49.44062277588044,254.18979931991143,-100.55673617741489,257.6897376954883,-100.57750555786286,258.5798540004011,49.41985339543247
DECORATION,-5.45,-5.45,5.45,-5.45,5.45,5.45,-5.45,5.45,654.6237915039062,-23.062459182739257,665.5237915039063,-23.062459182739257,665.5237915039063,-12.162459182739259,654.6237915039062,-12.162459182739259
