in_product_family,in_bounding_box_x1,in_bounding_box_y1,in_bounding_box_x2,in_bounding_box_y2,in_bounding_box_x3,in_bounding_box_y3,in_bounding_box_x4,in_bounding_box_y4,out_bounding_box_x1,out_bounding_box_y1,out_bounding_box_x2,out_bounding_box_y2,out_bounding_box_x3,out_bounding_box_y3,out_bounding_box_x4,out_bounding_box_y4
ROOM,-150,-117.00113,358.62968,-117.00113,358.62968,175.47036,-150,175.47036,-150,-117.00113,358.62968,-117.00113,358.62968,175.47036,-150,175.47036
SOFA,-105,-45,105,-45,105,45,-105,45,-104.42138749361038,-91.64108657836914,105.57861250638962,-91.64108657836914,105.57861250638962,-1.6410865783691406,-104.42138749361038,-1.6410865783691406
STORAGE_FURNITURE,-80,-22.5,80,-22.5,80,22.5,-80,22.5,115.86706924438477,175.4604034423828,-44.132930755615234,175.4604034423828,-44.132930755615234,130.4604034423828,115.86706924438477,130.4604034423828
TABLE,-45,-27.5,45,-27.5,45,27.5,-45,27.5,-71.65937423706055,22.380191802978516,18.340625762939453,22.380191802978516,18.340625762939453,77.38019180297852,-71.65937423706055,77.38019180297852
