in_product_family,in_bounding_box_x1,in_bounding_box_y1,in_bounding_box_x2,in_bounding_box_y2,in_bounding_box_x3,in_bounding_box_y3,in_bounding_box_x4,in_bounding_box_y4,out_bounding_box_x1,out_bounding_box_y1,out_bounding_box_x2,out_bounding_box_y2,out_bounding_box_x3,out_bounding_box_y3,out_bounding_box_x4,out_bounding_box_y4
ROOM,214.8731,-305.87139,1060.00099,-305.87139,1060.00099,383.09132,214.8731,383.09132,214.8731,-305.87139,1060.00099,-305.87139,1060.00099,383.09132,214.8731,383.09132
SEATING,-27.75,-25.9,27.75,-25.9,27.75,25.9,-27.75,25.9,633.24072265625,111.652978515625,688.74072265625,111.652978515625,688.74072265625,163.452978515625,633.24072265625,163.452978515625
SEATING,-27.75,-25.9,27.75,-25.9,27.75,25.9,-27.75,25.9,724.5425415039062,-144.95791473388672,780.0425415039062,-144.95791473388672,780.0425415039062,-93.15791473388671,724.5425415039062,-93.15791473388671
DECORATION,-20.35,-4.95,20.35,-4.95,20.35,4.95,-20.35,4.95,1049.6161409139368,1.4888419352609432,1048.227681571025,42.165151756249884,1038.3334440470007,41.82741840256865,1039.7219033899125,1.151108581579706
