in_product_family,in_bounding_box_x1,in_bounding_box_y1,in_bounding_box_x2,in_bounding_box_y2,in_bounding_box_x3,in_bounding_box_y3,in_bounding_box_x4,in_bounding_box_y4,out_bounding_box_x1,out_bounding_box_y1,out_bounding_box_x2,out_bounding_box_y2,out_bounding_box_x3,out_bounding_box_y3,out_bounding_box_x4,out_bounding_box_y4
ROOM,1746.9104,-183,3105.23111,-183,3105.23111,587.43465,1746.9104,587.43465,1746.9104,-183,3105.23111,-183,3105.23111,587.43465,1746.9104,587.43465
SOFA,-109,-47.45,109,-47.45,109,47.45,-109,47.45,2620.3438975193153,353.48182170928783,2620.6267878517983,135.48200525739307,2715.5267079494347,135.60515338836845,2715.2438176169517,353.60496984026315
SEATING,-48.1,-41.7,48.1,-41.7,48.1,41.7,-48.1,41.7,2728.18857421875,-40.368838262557986,2824.38857421875,-40.368838262557986,2824.38857421875,43.03116173744202,2728.18857421875,43.03116173744202
SEATING,-48.1,-41.7,48.1,-41.7,48.1,41.7,-48.1,41.7,2840.00966796875,504.2755920410156,2743.80966796875,504.2755920410156,2743.80966796875,420.87559204101564,2840.00966796875,420.87559204101564
TABLE,-100,-50,100,-50,100,50,-100,50,2779.093017578125,331.79197692871094,2779.093017578125,131.79197692871094,2879.093017578125,131.79197692871094,2879.093017578125,331.79197692871094
STORAGE_FURNITURE,-75.25,-20.35,75.25,-20.35,75.25,20.35,-75.25,20.35,3103.46474609375,149.30325317382812,3103.46474609375,299.8032531738281,3062.76474609375,299.8032531738281,3062.76474609375,149.30325317382812
