in_product_family,in_bounding_box_x1,in_bounding_box_y1,in_bounding_box_x2,in_bounding_box_y2,in_bounding_box_x3,in_bounding_box_y3,in_bounding_box_x4,in_bounding_box_y4,out_bounding_box_x1,out_bounding_box_y1,out_bounding_box_x2,out_bounding_box_y2,out_bounding_box_x3,out_bounding_box_y3,out_bounding_box_x4,out_bounding_box_y4
ROOM,-500,-115.72698,106.8861,-115.72698,106.8861,109.44911,-500,109.44911,-500,-115.72698,106.8861,-115.72698,106.8861,109.44911,-500,109.44911
TABLE,-80,-40,80,-40,80,40,-80,40,-125.88340759277344,109.4391098022461,-285.88340759277344,109.4391098022461,-285.88340759277344,29.439109802246087,-125.88340759277344,29.4391098022461
SEATING,-22.45,-23.95,22.45,-23.95,22.45,23.95,-22.45,23.95,-264.39979858398436,-18.470895957946777,-219.4997985839844,-18.470895957946777,-219.4997985839844,29.429104042053222,-264.39979858398436,29.429104042053222
SEATING,-22.45,-23.95,22.45,-23.95,22.45,23.95,-22.45,23.95,-190.26854248046874,-18.47089500427246,-145.36854248046876,-18.47089500427246,-145.36854248046876,29.42910499572754,-190.26854248046874,29.42910499572754
SEATING,-22.45,-23.95,22.45,-23.95,22.45,23.95,-22.45,23.95,-79.47340087890626,46.16775970458984,-79.47340087890625,91.06775970458983,-127.37340087890624,91.06775970458985,-127.37340087890625,46.167759704589855
