in_product_family,in_bounding_box_x1,in_bounding_box_y1,in_bounding_box_x2,in_bounding_box_y2,in_bounding_box_x3,in_bounding_box_y3,in_bounding_box_x4,in_bounding_box_y4,out_bounding_box_x1,out_bounding_box_y1,out_bounding_box_x2,out_bounding_box_y2,out_bounding_box_x3,out_bounding_box_y3,out_bounding_box_x4,out_bounding_box_y4
ROOM,-328.31154,-285,301.68846,-285,301.68846,285.70087,-328.31154,285.70087,-328.31154,-285,301.68846,-285,301.68846,285.70087,-328.31154,285.70087
SOFA,-122,-47,122,-47,122,47,-122,47,-137.70005798339838,225.49311065673828,-137.7000579833985,-18.506889343261705,-43.70005798339849,-18.506889343261733,-43.70005798339839,225.49311065673828
TABLE,-87,-49,87,-49,87,49,-87,49,194.93731689453122,60.576293945312486,194.93731689453128,234.5762939453125,96.93731689453128,234.5762939453125,96.93731689453122,60.576293945312514
SEATING,-23,-22,23,-22,23,22,-23,22,46.865066870370974,144.87867769534296,46.86506618626966,98.87867769534296,90.86506618626964,98.87867704098517,90.86506687037097,144.87867704098517
SEATING,-23,-22,23,-22,23,22,-23,22,47.47331271998035,200.46183809573358,47.47331203587903,154.46183809573358,91.47331203587902,154.4618374413758,91.47331271998034,200.4618374413758
SEATING,-23,-22,23,-22,23,22,-23,22,243.74348320509824,157.91804380814602,243.7434857890423,203.91804380814594,199.74348578904238,203.9180462797446,199.74348320509833,157.9180462797447
SEATING,-23,-22,23,-22,23,22,-23,22,243.1352220966998,102.33506651322413,243.13522468064386,148.33506651322406,199.13522468064394,148.33506898482273,199.1352220966999,102.33506898482281
TABLE,-50,-30,50,-30,50,30,-50,30,-43.6900625228882,203.51339721679688,-43.69006252288817,103.51339721679688,16.30993747711183,103.51339721679688,16.309937477111802,203.51339721679688
STORAGE_FURNITURE,-75.25,-20.35,75.25,-20.35,75.25,20.35,-75.25,20.35,52.31998634338379,285.69085083007815,-98.18001365661621,285.6908508300781,-98.18001365661621,244.9908508300781,52.31998634338379,244.99085083007813
