in_product_family,in_bounding_box_x1,in_bounding_box_y1,in_bounding_box_x2,in_bounding_box_y2,in_bounding_box_x3,in_bounding_box_y3,in_bounding_box_x4,in_bounding_box_y4,out_bounding_box_x1,out_bounding_box_y1,out_bounding_box_x2,out_bounding_box_y2,out_bounding_box_x3,out_bounding_box_y3,out_bounding_box_x4,out_bounding_box_y4
ROOM,2022.03155,-1108.93393,2437.78033,-1108.93393,2437.78033,-836.23598,2022.03155,-836.23598,2022.03155,-1108.93393,2437.78033,-1108.93393,2437.78033,-836.23598,2022.03155,-836.23598
SEATING,-30.2,-28.85,30.2,-28.85,30.2,28.85,-30.2,28.85,2272.5317122117863,-942.5651885882193,2219.486161940192,-913.6804245008369,2191.8926041944637,-964.3547332867807,2244.938154466058,-993.2394973741631
TABLE,-27,-35,27,-35,27,35,-27,35,2203.641845703125,-1139.1280517578125,2257.641845703125,-1139.1280517578125,2257.641845703125,-1069.1280517578125,2203.641845703125,-1069.1280517578125
TABLE,-27,-35,27,-35,27,35,-27,35,2201.936279296875,-1052.4530029296875,2201.936279296875,-1106.4530029296875,2271.936279296875,-1106.4530029296875,2271.936279296875,-1052.4530029296875
SOFA,-125.5,-81.75,125.5,-81.75,125.5,81.75,-125.5,81.75,2047.70166015625,-974.8804931640625,2047.70166015625,-1225.8804931640625,2211.20166015625,-1225.8804931640625,2211.20166015625,-974.8804931640625
STORAGE_FURNITURE,-75,-20,75,-20,75,20,-75,20,2047.19189453125,-1112.58349609375,2047.19189453125,-962.58349609375,2007.19189453125,-962.58349609375,2007.19189453125,-1112.58349609375
DECORATION,-75,-100,75,-100,75,100,-75,100,2111.375732421875,-1197.8314208984375,2261.375732421875,-1197.8314208984375,2261.375732421875,-997.8314208984375,2111.375732421875,-997.8314208984375
LIGHTING,-30,-30,30,-30,30,30,-30,30,2116.3212890625,-1131.927978515625,2176.3212890625,-1131.927978515625,2176.3212890625,-1071.927978515625,2116.3212890625,-1071.927978515625
