in_product_family,in_bounding_box_x1,in_bounding_box_y1,in_bounding_box_x2,in_bounding_box_y2,in_bounding_box_x3,in_bounding_box_y3,in_bounding_box_x4,in_bounding_box_y4,out_bounding_box_x1,out_bounding_box_y1,out_bounding_box_x2,out_bounding_box_y2,out_bounding_box_x3,out_bounding_box_y3,out_bounding_box_x4,out_bounding_box_y4
ROOM,-500,-138.78589,500,-138.78589,500,400,-500,400,-500,-138.78589,500,-138.78589,500,400,-500,400
TABLE,-100,-50,100,-50,100,50,-100,50,-430.1062927246094,62.745353698730455,-430.1062927246094,-137.25464630126953,-330.1062927246094,-137.25464630126953,-330.1062927246094,62.74535369873048
SEATING,-21.85,-29.35,21.85,-29.35,21.85,29.35,-21.85,29.35,-269.6059043330586,-114.388809438304,-267.7203219572984,-70.72950826313375,-326.3656532841289,-68.19670081560226,-328.2512356598891,-111.8560019907725
SEATING,-21.85,-29.35,21.85,-29.35,21.85,29.35,-21.85,29.35,-271.4610887454417,-16.90537992977449,-269.40840416122876,26.746383906269237,-328.04361096158954,29.503651299708572,-330.0962955458025,-14.148112536335155
SEATING,-21.85,-29.35,21.85,-29.35,21.85,29.35,-21.85,29.35,-358.35700075594195,133.05633699260747,-402.05700075594194,133.05633695758783,-402.0570007089018,74.35633695758783,-358.3570007089018,74.35633699260748
SEATING,-21.85,-29.35,21.85,-29.35,21.85,29.35,-21.85,29.35,-499.9920593261719,-74.57140960693359,-499.9920593261719,-118.27140960693359,-441.29205932617185,-118.2714096069336,-441.29205932617185,-74.5714096069336
SEATING,-21.85,-29.35,21.85,-29.35,21.85,29.35,-21.85,29.35,-499.35137329101565,32.919957733154305,-499.35137329101565,-10.780042266845694,-440.6513732910156,-10.780042266845715,-440.6513732910156,32.91995773315429
VEGETATION,-26.35,-29.55,26.35,-29.55,26.35,29.55,-26.35,29.55,-50.00792274475098,-138.77589111328126,2.692077255249025,-138.77589111328126,2.692077255249025,-79.67589111328125,-50.00792274475098,-79.67589111328125
VEGETATION,-26.35,-29.55,26.35,-29.55,26.35,29.55,-26.35,29.55,307.6630065917969,-61.917077636718744,307.6630065917969,-9.217077636718738,248.56300659179686,-9.21707763671876,248.5630065917969,-61.91707763671876
