in_product_family,in_bounding_box_x1,in_bounding_box_y1,in_bounding_box_x2,in_bounding_box_y2,in_bounding_box_x3,in_bounding_box_y3,in_bounding_box_x4,in_bounding_box_y4,out_bounding_box_x1,out_bounding_box_y1,out_bounding_box_x2,out_bounding_box_y2,out_bounding_box_x3,out_bounding_box_y3,out_bounding_box_x4,out_bounding_box_y4
ROOM,-253.5,-257.01,470.89788,-257.01,470.89788,332.34776,-253.5,332.34776,-253.5,-257.01,470.89788,-257.01,470.89788,332.34776,-253.5,332.34776
TABLE,-87,-49,87,-49,87,49,-87,49,-112.21070098876956,-20.767822265625014,-112.2107009887695,-194.767822265625,-14.21070098876951,-194.767822265625,-14.210700988769553,-20.767822265624986
STORAGE_FURNITURE,-80,-25,80,-25,80,25,-80,25,-256.49766540527344,-79.76393127441406,-256.49766540527344,-239.76393127441406,-206.4976654052734,-239.76393127441406,-206.49766540527347,-79.76393127441406
SOFA,-146,-76.8,146,-76.8,146,76.8,-146,76.8,83.65658874511725,14.000000000000028,83.65658874511713,-278,237.25658874511714,-278,237.25658874511726,13.999999999999972
STORAGE_FURNITURE,-80,-20,80,-20,80,20,-80,20,468.3837355816795,-228.6887340603841,468.38652808410325,-68.68873408475308,428.3865280901955,-68.68803595914714,428.38373558777175,-228.68803593477816
STORAGE_FURNITURE,-73,-22.55,73,-22.55,73,22.55,-73,22.55,458.4184291318426,70.28723225995584,355.3268930522222,173.67066995064363,323.3913242861262,141.82527079180198,426.48286036574655,38.441833101114185
