in_product_family,in_bounding_box_x1,in_bounding_box_y1,in_bounding_box_x2,in_bounding_box_y2,in_bounding_box_x3,in_bounding_box_y3,in_bounding_box_x4,in_bounding_box_y4,out_bounding_box_x1,out_bounding_box_y1,out_bounding_box_x2,out_bounding_box_y2,out_bounding_box_x3,out_bounding_box_y3,out_bounding_box_x4,out_bounding_box_y4
ROOM,757.98455,-221.50092,1147.99893,-221.50092,1147.99893,544.48202,757.98455,544.48202,757.98455,-221.50092,1147.99893,-221.50092,1147.99893,544.48202,757.98455,544.48202
STORAGE_FURNITURE,-80,-20,80,-20,80,20,-80,20,1147.986923422722,-157.5888708991734,1147.981338271658,2.4111290033456356,1107.981338296028,2.4097327155796364,1107.986923447092,-157.5902671869394
TABLE,-90,-45,90,-45,90,45,-90,45,916.1378173828125,454.49566650390625,916.1378173828125,274.49566650390625,1006.1378173828125,274.49566650390625,1006.1378173828125,454.49566650390625
TABLE,-40,-40,40,-40,40,40,-40,40,901.30224609375,-118.80838775634766,981.30224609375,-118.80838775634766,981.30224609375,-38.808387756347656,901.30224609375,-38.808387756347656
SOFA,-100,-51,100,-51,100,51,-100,51,757.9978522069393,23.11488080609631,758.0048334020754,-176.885119072061,860.0048333399357,-176.88155866254164,859.9978521447996,23.118441215615675
SEATING,-39,-35,39,-35,39,35,-39,35,907.8434501005145,111.96912238347332,855.0292635084755,54.56997870849074,906.5413155244855,7.172631766917306,959.3555021165245,64.57177544189989
STORAGE_FURNITURE,-80,-22.55,80,-22.55,80,22.55,-80,22.55,1147.9754150390625,105.0214080810547,1147.9754150390625,265.0214080810547,1102.8754150390625,265.0214080810547,1102.8754150390625,105.02140808105467
