in_product_family,in_bounding_box_x1,in_bounding_box_y1,in_bounding_box_x2,in_bounding_box_y2,in_bounding_box_x3,in_bounding_box_y3,in_bounding_box_x4,in_bounding_box_y4,out_bounding_box_x1,out_bounding_box_y1,out_bounding_box_x2,out_bounding_box_y2,out_bounding_box_x3,out_bounding_box_y3,out_bounding_box_x4,out_bounding_box_y4
ROOM,-211.97432,-371,239.0713,-371,239.0713,371,-211.97432,371,-211.97432,-371,239.0713,-371,239.0713,371,-211.97432,371
TABLE,-89.95,-45,89.95,-45,89.95,45,-89.95,45,-67.55824584960939,-243.29037475585935,112.34175415039061,-243.2903747558594,112.34175415039064,-153.2903747558594,-67.55824584960936,-153.29037475585935
SOFA,-121.65,-78.15,121.65,-78.15,121.65,78.15,-121.65,78.15,-211.96433105468748,281.14694824218753,-211.96433105468753,37.84694824218752,-55.66433105468754,37.846948242187466,-55.66433105468745,281.1469482421875
SEATING,-40,-35.55,40,-35.55,40,35.55,-40,35.55,-211.96914672851562,-33.26005249023437,-131.96914672851562,-33.26005249023437,-131.96914672851562,37.83994750976562,-211.96914672851562,37.83994750976562
STORAGE_FURNITURE,-49.75,-21.45,49.75,-21.45,49.75,21.45,-49.75,21.45,-65.61231189816164,370.9900075737348,-165.1123118981616,370.99000951610896,-165.11231273562743,328.090009516109,-65.61231273562746,328.0900075737348
