in_product_family,in_bounding_box_x1,in_bounding_box_y1,in_bounding_box_x2,in_bounding_box_y2,in_bounding_box_x3,in_bounding_box_y3,in_bounding_box_x4,in_bounding_box_y4,out_bounding_box_x1,out_bounding_box_y1,out_bounding_box_x2,out_bounding_box_y2,out_bounding_box_x3,out_bounding_box_y3,out_bounding_box_x4,out_bounding_box_y4
ROOM,-173.00017,-614,527.00015,-614,527.00015,-14,-173.00017,-14,-173.00017,-614,527.00015,-614,527.00015,-14,-173.00017,-14
SOFA,-93,-54.5,93,-54.5,93,54.5,-93,54.5,526.9897766113281,-294.99778747558594,526.9897766113281,-108.99778747558592,417.98977661132807,-108.99778747558595,417.9897766113282,-294.99778747558594
SEATING,-41.1,-36.45,41.1,-36.45,41.1,36.45,-41.1,36.45,417.4102416992188,-14.009999084472646,335.2102416992187,-14.00999908447266,335.2102416992187,-86.90999908447267,417.4102416992188,-86.90999908447264
SEATING,-41.1,-36.45,41.1,-36.45,41.1,36.45,-41.1,36.45,312.06337890625,-14.009999084472646,229.86337890624998,-14.00999908447266,229.86337890625,-86.90999908447267,312.06337890625,-86.90999908447264
TABLE,-60.15,-24.85,60.15,-24.85,60.15,24.85,-60.15,24.85,350.96853027343747,-254.55011596679688,350.9685302734375,-134.2501159667969,301.26853027343753,-134.25011596679687,301.2685302734375,-254.55011596679685
TABLE,-87.5,-45,87.5,-45,87.5,45,-87.5,45,453.6800231933594,-557.6281127929688,453.6800231933594,-382.62811279296875,363.6800231933594,-382.62811279296875,363.6800231933594,-557.6281127929688
