in_product_family,in_bounding_box_x1,in_bounding_box_y1,in_bounding_box_x2,in_bounding_box_y2,in_bounding_box_x3,in_bounding_box_y3,in_bounding_box_x4,in_bounding_box_y4,out_bounding_box_x1,out_bounding_box_y1,out_bounding_box_x2,out_bounding_box_y2,out_bounding_box_x3,out_bounding_box_y3,out_bounding_box_x4,out_bounding_box_y4
ROOM,-109.91402,-42.995,738,-42.995,738,192.005,-109.91402,192.005,-109.91402,-42.995,738,-42.995,738,192.005,-109.91402,192.005
SEATING,-13.5,-14.5,13.5,-14.5,13.5,14.5,-13.5,14.5,357.2853698730469,-13.579406738281266,384.2853698730469,-13.579406738281234,384.2853698730469,15.420593261718766,357.2853698730469,15.420593261718734
SEATING,-13.5,-14.5,13.5,-14.5,13.5,14.5,-13.5,14.5,363.5438232421875,20.150295257568366,363.5438232421875,47.15029525756837,334.5438232421875,47.15029525756835,334.5438232421875,20.150295257568352
SEATING,-13.5,-14.5,13.5,-14.5,13.5,14.5,-13.5,14.5,386.8907165527344,71.17724990844727,359.8907165527344,71.17724990844727,359.8907165527344,42.17724990844726,386.8907165527344,42.17724990844727
