in_product_family,in_bounding_box_x1,in_bounding_box_y1,in_bounding_box_x2,in_bounding_box_y2,in_bounding_box_x3,in_bounding_box_y3,in_bounding_box_x4,in_bounding_box_y4,out_bounding_box_x1,out_bounding_box_y1,out_bounding_box_x2,out_bounding_box_y2,out_bounding_box_x3,out_bounding_box_y3,out_bounding_box_x4,out_bounding_box_y4
ROOM,335.32652,-357.98042,769.32402,-357.98042,769.32402,256.01958,335.32652,256.01958,335.32652,-357.98042,769.32402,-357.98042,769.32402,256.01958,335.32652,256.01958
TABLE,-70,-35,70,-35,70,35,-70,35,526.1864624023438,-236.50706481933594,526.1864624023438,-96.50706481933595,456.18646240234375,-96.50706481933592,456.18646240234375,-236.50706481933594
TABLE,-70,-35,70,-35,70,35,-70,35,526.1864624023438,-131.49706649780273,526.1864624023438,8.502933502197251,456.18646240234375,8.50293350219728,456.18646240234375,-131.49706649780273
SOFA,-80.75,-51.15,80.75,-51.15,80.75,51.15,-80.75,51.15,342.2505126953125,126.21249389648439,342.25051269531247,-35.28750610351561,444.5505126953125,-35.28750610351564,444.55051269531253,126.21249389648436
TABLE,-45,-27.5,45,-27.5,45,27.5,-45,27.5,453.2053527832031,27.33785629272461,543.2053527832031,27.33785629272461,543.2053527832031,82.33785629272461,453.2053527832031,82.33785629272461
