in_product_family,in_bounding_box_x1,in_bounding_box_y1,in_bounding_box_x2,in_bounding_box_y2,in_bounding_box_x3,in_bounding_box_y3,in_bounding_box_x4,in_bounding_box_y4,out_bounding_box_x1,out_bounding_box_y1,out_bounding_box_x2,out_bounding_box_y2,out_bounding_box_x3,out_bounding_box_y3,out_bounding_box_x4,out_bounding_box_y4
ROOM,-1127.14946,875.71989,-565.88105,875.71989,-565.88105,1378.3467,-1127.14946,1378.3467,-1127.14946,875.71989,-565.88105,875.71989,-565.88105,1378.3467,-1127.14946,1378.3467
SOFA,-91,-45,91,-45,91,45,-91,45,-629.7033037777197,1044.387472684455,-570.8627837077731,1216.6134672320206,-656.0294843082178,1245.71042770617,-714.8700043781644,1073.4844331586044
TABLE,-45.2,-45,45.2,-45,45.2,45,-45.2,45,-1027.8621151947523,1225.2044405954414,-941.4587448043357,1198.6221610623297,-914.9940859771227,1284.6432156545586,-1001.3974563675393,1311.2254951876703
SEATING,-22.05,-27.55,22.05,-27.55,22.05,27.55,-22.05,27.55,-1025.1809521583914,1160.4114397642625,-983.0339262317407,1147.4330652305146,-966.8183154197336,1200.0929547669875,-1008.9653413463843,1213.0713293007354
SEATING,-22.05,-27.55,22.05,-27.55,22.05,27.55,-22.05,27.55,-918.9889293063147,1347.1944634132208,-960.7350632515867,1361.4096067689318,-978.4959339749353,1309.2506049461542,-936.7498000296633,1295.0354615904432
