in_product_family,in_bounding_box_x1,in_bounding_box_y1,in_bounding_box_x2,in_bounding_box_y2,in_bounding_box_x3,in_bounding_box_y3,in_bounding_box_x4,in_bounding_box_y4,out_bounding_box_x1,out_bounding_box_y1,out_bounding_box_x2,out_bounding_box_y2,out_bounding_box_x3,out_bounding_box_y3,out_bounding_box_x4,out_bounding_box_y4
ROOM,-540.85238,-121.76476,143.18585,-121.76476,143.18585,224.06183,-540.85238,224.06183,-540.85238,-121.76476,143.18585,-121.76476,143.18585,224.06183,-540.85238,224.06183
STORAGE_FURNITURE,-70,-22.5,70,-22.5,70,22.5,-70,22.5,-339.86029052734375,-121.75475311279295,-199.86029052734375,-121.75475311279298,-199.86029052734375,-76.75475311279298,-339.86029052734375,-76.75475311279295
SOFA,-106.95,-44.4,106.95,-44.4,106.95,44.4,-106.95,44.4,-161.04517822265626,215.29344787597657,-374.94517822265624,215.29344787597654,-374.94517822265624,126.49344787597656,-161.04517822265626,126.49344787597659
TABLE,-58.5,-25,58.5,-25,58.5,25,-58.5,25,-540.8424072265625,22.902275085449226,-540.8424072265625,-94.09772491455078,-490.8424072265625,-94.09772491455078,-490.8424072265625,22.90227508544921
STORAGE_FURNITURE,-40,-16.5,40,-16.5,40,16.5,-40,16.5,-96.65912246704102,-121.7547607421875,-16.659122467041016,-121.7547607421875,-16.659122467041016,-88.7547607421875,-96.65912246704102,-88.7547607421875
TABLE,-45,-27.5,45,-27.5,45,27.5,-45,27.5,-308.91644287109375,29.336097717285156,-218.91644287109375,29.336097717285156,-218.91644287109375,84.33609771728516,-308.91644287109375,84.33609771728516
