in_product_family,in_bounding_box_x1,in_bounding_box_y1,in_bounding_box_x2,in_bounding_box_y2,in_bounding_box_x3,in_bounding_box_y3,in_bounding_box_x4,in_bounding_box_y4,out_bounding_box_x1,out_bounding_box_y1,out_bounding_box_x2,out_bounding_box_y2,out_bounding_box_x3,out_bounding_box_y3,out_bounding_box_x4,out_bounding_box_y4
ROOM,-573.85868,-154.06018,634.44297,-154.06018,634.44297,605.87147,-573.85868,605.87147,-573.85868,-154.06018,634.44297,-154.06018,634.44297,605.87147,-573.85868,605.87147
SOFA,-130.3,-83.7,130.3,-83.7,130.3,83.7,-130.3,83.7,216.9135711669922,240.6906463623047,-43.686428833007824,240.69064636230468,-43.686428833007824,73.29064636230467,216.9135711669922,73.2906463623047
STORAGE_FURNITURE,-90,-22.5,90,-22.5,90,22.5,-90,22.5,21.013198852539062,-154.05018615722656,201.01319885253906,-154.05018615722656,201.01319885253906,-109.05018615722656,21.013198852539062,-109.05018615722656
