in_product_family,in_bounding_box_x1,in_bounding_box_y1,in_bounding_box_x2,in_bounding_box_y2,in_bounding_box_x3,in_bounding_box_y3,in_bounding_box_x4,in_bounding_box_y4,out_bounding_box_x1,out_bounding_box_y1,out_bounding_box_x2,out_bounding_box_y2,out_bounding_box_x3,out_bounding_box_y3,out_bounding_box_x4,out_bounding_box_y4
ROOM,-1693.26319,-1380.06557,-1169.43631,-1380.06557,-1169.43631,-554.15994,-1693.26319,-554.15994,-1693.26319,-1380.06557,-1169.43631,-1380.06557,-1169.43631,-554.15994,-1693.26319,-554.15994
TABLE,-105,-37.5,105,-37.5,105,37.5,-105,37.5,-1493.2470703125,-1059.1302490234375,-1283.2470703125,-1059.1302490234375,-1283.2470703125,-984.1302490234375,-1493.2470703125,-984.1302490234375
TABLE,-45,-45,45,-45,45,45,-45,45,-1607.6759033203125,-1286.33837890625,-1517.6759033203125,-1286.33837890625,-1517.6759033203125,-1196.33837890625,-1607.6759033203125,-1196.33837890625
STORAGE_FURNITURE,-90,-22.5,90,-22.5,90,22.5,-90,22.5,-1169.4462890625,-1315.5162353515625,-1169.4462890625,-1135.5162353515625,-1214.4462890625,-1135.5162353515625,-1214.4462890625,-1315.5162353515625
