in_product_family,in_bounding_box_x1,in_bounding_box_y1,in_bounding_box_x2,in_bounding_box_y2,in_bounding_box_x3,in_bounding_box_y3,in_bounding_box_x4,in_bounding_box_y4,out_bounding_box_x1,out_bounding_box_y1,out_bounding_box_x2,out_bounding_box_y2,out_bounding_box_x3,out_bounding_box_y3,out_bounding_box_x4,out_bounding_box_y4
ROOM,-369.01074,-282.08212,1388.67427,-282.08212,1388.67427,116.64727,-369.01074,116.64727,-369.01074,-282.08212,1388.67427,-282.08212,1388.67427,116.64727,-369.01074,116.64727
STORAGE_FURNITURE,-60,-20,60,-20,60,20,-60,20,1258.8079833984375,-282.0721435546875,1378.8079833984375,-282.0721435546875,1378.8079833984375,-242.0721435546875,1258.8079833984375,-242.0721435546875
SOFA,-91,-45,91,-45,91,45,-91,45,563.7874145507812,-3.061073303222642,563.7874145507812,-185.06107330322266,653.7874145507812,-185.06107330322266,653.7874145507812,-3.0610733032226705
SOFA,-91,-45,91,-45,91,45,-91,45,652.8063354492188,-282.0721130371094,834.8063354492188,-282.0721130371094,834.8063354492188,-192.07211303710938,652.8063354492188,-192.07211303710938
TABLE,-105,-37.5,105,-37.5,105,37.5,-105,37.5,221.52685546875,-91.7606201171875,431.52685546875,-91.7606201171875,431.52685546875,-16.7606201171875,221.52685546875,-16.7606201171875
