in_product_family,in_bounding_box_x1,in_bounding_box_y1,in_bounding_box_x2,in_bounding_box_y2,in_bounding_box_x3,in_bounding_box_y3,in_bounding_box_x4,in_bounding_box_y4,out_bounding_box_x1,out_bounding_box_y1,out_bounding_box_x2,out_bounding_box_y2,out_bounding_box_x3,out_bounding_box_y3,out_bounding_box_x4,out_bounding_box_y4
ROOM,-3.75839,-79.48714,527.37397,-79.48714,527.37397,463.36341,-3.75839,463.36341,-3.75839,-79.48714,527.37397,-79.48714,527.37397,463.36341,-3.75839,463.36341
SOFA,-121.65,-78.15,121.65,-78.15,121.65,78.15,-121.65,78.15,0.46018371582034945,369.9408782958985,0.4601837158202642,126.64087829589846,156.7601837158203,126.6408782958984,156.76018371582035,369.9408782958984
SEATING,-37,-41.15,37,-41.15,37,41.15,-37,41.15,428.26096147476113,401.4516962293736,370.21954322010976,447.3558765073028,319.16665082992637,382.8044072862514,377.20806908457774,336.9002270083222
TABLE,-50,-50,50,-50,50,50,-50,50,225.27032381570888,157.43069547140053,325.2703238157088,157.43069368875575,325.2703255983536,257.4306936887557,225.27032559835365,257.4306954714005
STORAGE_FURNITURE,-80,-22.05,80,-22.05,80,22.05,-80,22.05,476.843135534562,149.18766046240387,508.7782042211851,305.96824404334563,465.565555871688,314.77034735009613,433.6304871850649,157.98976376915437
SOFA,-95,-49.5,95,-49.5,95,49.5,-95,49.5,274.60336195125365,-61.17794969880718,460.48743819223733,-21.844627946936885,439.99270738468385,75.01075914704937,254.10863114370017,35.67743739517907
RADIATOR,-29.45,-7.5,29.45,-7.5,29.45,7.5,-29.45,7.5,11.339111089706414,42.59108428955078,11.339111089706428,101.49108428955077,-3.660888910293571,101.49108428955078,-3.660888910293587,42.591084289550786
RADIATOR,-29.45,-7.5,29.45,-7.5,29.45,7.5,-29.45,7.5,461.2848780465857,-15.279193144317134,518.6883720257161,-2.086434562885942,515.3285863088831,12.532451849456294,457.9250923297526,-0.6603067319748979
