in_product_family,in_bounding_box_x1,in_bounding_box_y1,in_bounding_box_x2,in_bounding_box_y2,in_bounding_box_x3,in_bounding_box_y3,in_bounding_box_x4,in_bounding_box_y4,out_bounding_box_x1,out_bounding_box_y1,out_bounding_box_x2,out_bounding_box_y2,out_bounding_box_x3,out_bounding_box_y3,out_bounding_box_x4,out_bounding_box_y4
ROOM,-702.01182,70.00284,-301.98644,70.00284,-301.98644,515.01164,-702.01182,515.01164,-702.01182,70.00284,-301.98644,70.00284,-301.98644,515.01164,-702.01182,515.01164
STORAGE_FURNITURE,-59.9,-32.45,59.9,-32.45,59.9,32.45,-59.9,32.45,-301.99714355468745,336.1000610351563,-301.9971435546875,455.9000610351563,-366.89714355468755,455.9000610351562,-366.8971435546875,336.1000610351562
SOFA,-80.75,-51.15,80.75,-51.15,80.75,51.15,-80.75,51.15,-572.1500003669696,472.749999767548,-572.1499996330303,311.249999767548,-469.84999963303034,311.250000232452,-469.85000036696965,472.750000232452
TABLE,-57.85,-40.6,57.85,-40.6,57.85,40.6,-57.85,40.6,-514.85,197.4,-399.15,197.4,-399.15,278.6,-514.85,278.6
SEATING,-23.9,-25.95,23.9,-25.95,23.9,25.95,-23.9,25.95,-564.710009765625,261.90000000000003,-564.710009765625,214.10000000000002,-512.810009765625,214.1,-512.810009765625,261.9
SEATING,-23.9,-25.95,23.9,-25.95,23.9,25.95,-23.9,25.95,-349.29002075195314,212.10000000000002,-349.29002075195314,259.90000000000003,-401.1900207519531,259.9,-401.1900207519531,212.1
