in_product_family,in_bounding_box_x1,in_bounding_box_y1,in_bounding_box_x2,in_bounding_box_y2,in_bounding_box_x3,in_bounding_box_y3,in_bounding_box_x4,in_bounding_box_y4,out_bounding_box_x1,out_bounding_box_y1,out_bounding_box_x2,out_bounding_box_y2,out_bounding_box_x3,out_bounding_box_y3,out_bounding_box_x4,out_bounding_box_y4
ROOM,-958.01498,233.0721,-134.68421,233.0721,-134.68421,794.93987,-958.01498,794.93987,-958.01498,233.0721,-134.68421,233.0721,-134.68421,794.93987,-958.01498,794.93987
SOFA,-110.5,-45.5,110.5,-45.5,110.5,45.5,-110.5,45.5,-445.82476810434054,794.9298705898487,-445.82476802847196,573.9298705898487,-354.82476802847196,573.9298706210888,-354.82476810434054,794.9298706210888
STORAGE_FURNITURE,-90,-24.5,90,-24.5,90,24.5,-90,24.5,-134.69421386718747,595.1326904296875,-134.69421386718753,775.1326904296875,-183.69421386718753,775.1326904296875,-183.69421386718747,595.1326904296875
TABLE,-40,-40,40,-40,40,40,-40,40,-230.1798095703125,721.5447387695312,-310.1798095703125,721.5447387695312,-310.1798095703125,641.5447387695312,-230.1798095703125,641.5447387695312
VEGETATION,-41.95,-38.75,41.95,-38.75,41.95,38.75,-41.95,38.75,-134.6942138671875,503.997265625,-134.6942138671875,587.897265625,-212.1942138671875,587.897265625,-212.1942138671875,503.99726562499995
DECORATION,-58.3,-11.85,58.3,-11.85,58.3,11.85,-58.3,11.85,-779.9019517083523,410.57591390008105,-663.303885679525,409.90434980244424,-663.1673842291477,433.6039567053877,-779.765450257975,434.2755208030245
SEATING,-33,-36.05,33,-36.05,33,36.05,-33,36.05,-690.9794921998758,542.8528564566412,-756.9794921998758,542.8528564339837,-756.9794921751242,470.7528564339837,-690.9794921751242,470.75285645664127
TABLE,-65.15,-30,65.15,-30,65.15,30,-65.15,30,-786.713232421875,410.74285888671875,-656.413232421875,410.74285888671875,-656.413232421875,470.74285888671875,-786.713232421875,470.74285888671875
