in_product_family,in_bounding_box_x1,in_bounding_box_y1,in_bounding_box_x2,in_bounding_box_y2,in_bounding_box_x3,in_bounding_box_y3,in_bounding_box_x4,in_bounding_box_y4,out_bounding_box_x1,out_bounding_box_y1,out_bounding_box_x2,out_bounding_box_y2,out_bounding_box_x3,out_bounding_box_y3,out_bounding_box_x4,out_bounding_box_y4
ROOM,275.19982,-332.69758,575.36141,-332.69758,575.36141,97.72163,275.19982,97.72163,275.19982,-332.69758,575.36141,-332.69758,575.36141,97.72163,275.19982,97.72163
SOFA,-91,-45,91,-45,91,45,-91,45,325.3306579589844,-223.94415283203125,507.3306579589844,-223.94415283203125,507.3306579589844,-133.94415283203125,325.3306579589844,-133.94415283203125
SOFA,-91,-45,91,-45,91,45,-91,45,575.3513789289372,-102.47189735548297,575.3513798601253,79.52810264451703,485.35137986012535,79.52810310499468,485.35137892893715,-102.47189689500532
