in_product_family,in_bounding_box_x1,in_bounding_box_y1,in_bounding_box_x2,in_bounding_box_y2,in_bounding_box_x3,in_bounding_box_y3,in_bounding_box_x4,in_bounding_box_y4,out_bounding_box_x1,out_bounding_box_y1,out_bounding_box_x2,out_bounding_box_y2,out_bounding_box_x3,out_bounding_box_y3,out_bounding_box_x4,out_bounding_box_y4
ROOM,-280.99158,-156.19081,453.04167,-156.19081,453.04167,420.26678,-280.99158,420.26678,-280.99158,-156.19081,453.04167,-156.19081,453.04167,420.26678,-280.99158,420.26678
SOFA,-121.65,-78.15,121.65,-78.15,121.65,78.15,-121.65,78.15,108.68795166015622,419.3123840332031,108.68795166015627,176.0123840332031,264.9879516601563,176.01238403320315,264.9879516601562,419.31238403320316
STORAGE_FURNITURE,-70,-22.5,70,-22.5,70,22.5,-70,22.5,454.06817626953125,277.0917663574219,454.06817626953125,417.0917663574219,409.06817626953125,417.0917663574219,409.06817626953125,277.0917663574219
