in_product_family,in_bounding_box_x1,in_bounding_box_y1,in_bounding_box_x2,in_bounding_box_y2,in_bounding_box_x3,in_bounding_box_y3,in_bounding_box_x4,in_bounding_box_y4,out_bounding_box_x1,out_bounding_box_y1,out_bounding_box_x2,out_bounding_box_y2,out_bounding_box_x3,out_bounding_box_y3,out_bounding_box_x4,out_bounding_box_y4
ROOM,184.16409,-235.32203,510.1992,-235.32203,510.1992,260,184.16409,260,184.16409,-235.32203,510.1992,-235.32203,510.1992,260,184.16409,260
SOFA,-100,-51,100,-51,100,51,-100,51,193.16035461425778,-5.457214355468764,193.16035461425784,-205.45721435546875,295.1603546142578,-205.45721435546875,295.1603546142578,-5.457214355468736
STORAGE_FURNITURE,-38.5,-19.5,38.5,-19.5,38.5,19.5,-38.5,19.5,449.3643798828125,-41.84053802490235,449.3643798828125,-118.84053802490234,488.3643798828125,-118.84053802490234,488.3643798828125,-41.84053802490234
SEATING,-40.9,-48.9,40.9,-48.9,40.9,48.9,-40.9,48.9,373.4282592773437,257.89467468261716,291.6282592773438,257.89467468261716,291.6282592773438,160.09467468261718,373.4282592773437,160.0946746826172
STORAGE_FURNITURE,-40,-20.95,40,-20.95,40,20.95,-40,20.95,287.82920837402344,257.89467163085936,207.82920837402344,257.89467163085936,207.82920837402344,215.9946716308594,287.82920837402344,215.9946716308594
