in_product_family,in_bounding_box_x1,in_bounding_box_y1,in_bounding_box_x2,in_bounding_box_y2,in_bounding_box_x3,in_bounding_box_y3,in_bounding_box_x4,in_bounding_box_y4,out_bounding_box_x1,out_bounding_box_y1,out_bounding_box_x2,out_bounding_box_y2,out_bounding_box_x3,out_bounding_box_y3,out_bounding_box_x4,out_bounding_box_y4
ROOM,144.13796,-351.41268,407.505,-351.41268,407.505,45.47979,144.13796,45.47979,144.13796,-351.41268,407.505,-351.41268,407.505,45.47979,144.13796,45.47979
TABLE,-58.85,-25.3,58.85,-25.3,58.85,25.3,-58.85,25.3,407.4950073242187,-294.50847778320315,407.49500732421876,-176.80847778320313,356.8950073242188,-176.8084777832031,356.89500732421874,-294.50847778320315
SOFA,-121.65,-78.15,121.65,-78.15,121.65,78.15,-121.65,78.15,201.06337890624997,-86.24752197265627,201.06337890625002,-329.5475219726563,357.36337890625003,-329.5475219726562,357.36337890625,-86.24752197265622
VEGETATION,-19.1,-18.95,19.1,-18.95,19.1,18.95,-19.1,18.95,407.49501342773436,-169.6496826171875,407.49501342773436,-131.44968261718748,369.5950134277344,-131.4496826171875,369.5950134277344,-169.64968261718752
DECORATION,-60,-85,60,-85,60,85,-60,85,231.93637084960938,-330.7134552001953,351.9363708496094,-330.7134552001953,351.9363708496094,-160.7134552001953,231.93637084960938,-160.7134552001953
DECORATION,-22.5,-22.5,22.5,-22.5,22.5,22.5,-22.5,22.5,264.69057605195155,-291.8075612247982,219.69063312421224,-291.73589184355626,219.61896374297035,-336.7358347712956,264.61890667070963,-336.8075041525375
LIGHTING,-25,-100,25,-100,25,100,-25,100,383.1933825804267,-358.0533836374629,419.780865130598,-323.9747081843161,283.4661633180108,-177.62477798363085,246.8786807678395,-211.70345343677766
DECORATION,-27.2,-0.7,27.2,-0.7,27.2,0.7,-27.2,0.7,223.65674641034713,-351.40266776213315,278.0567464103471,-351.40266776213315,278.0567464103471,-350.00266776213317,223.65674641034713,-350.00266776213317
DECORATION,-20.2,0,20.2,0,20.2,0,-20.2,0,230.65675048828126,-351.2026672363281,271.05675048828124,-351.2026672363281,271.05675048828124,-351.2026672363281,230.65675048828126,-351.2026672363281
