in_product_family,in_bounding_box_x1,in_bounding_box_y1,in_bounding_box_x2,in_bounding_box_y2,in_bounding_box_x3,in_bounding_box_y3,in_bounding_box_x4,in_bounding_box_y4,out_bounding_box_x1,out_bounding_box_y1,out_bounding_box_x2,out_bounding_box_y2,out_bounding_box_x3,out_bounding_box_y3,out_bounding_box_x4,out_bounding_box_y4
ROOM,-615.3278,18.55852,1.292,18.55852,1.292,341.58219,-615.3278,341.58219,-615.3278,18.55852,1.292,18.55852,1.292,341.58219,-615.3278,341.58219
SOFA,-130.3,-83.7,130.3,-83.7,130.3,83.7,-130.3,83.7,-447.4962890625,18.56435089111328,-186.8962890625,18.56435089111328,-186.8962890625,185.96435089111327,-447.4962890625,185.96435089111327
TABLE,-100,-50,100,-50,100,50,-100,50,-147.85195159912112,234.5879669189453,-147.85195159912107,34.5879669189453,-47.851951599121065,34.58796691894533,-47.85195159912112,234.5879669189453
STORAGE_FURNITURE,-75.25,-20.35,75.25,-20.35,75.25,20.35,-75.25,20.35,-292.72784423828125,300.8721984863281,-142.22784423828125,300.8721984863281,-142.22784423828125,341.57219848632815,-292.72784423828125,341.57219848632815
