in_product_family,in_bounding_box_x1,in_bounding_box_y1,in_bounding_box_x2,in_bounding_box_y2,in_bounding_box_x3,in_bounding_box_y3,in_bounding_box_x4,in_bounding_box_y4,out_bounding_box_x1,out_bounding_box_y1,out_bounding_box_x2,out_bounding_box_y2,out_bounding_box_x3,out_bounding_box_y3,out_bounding_box_x4,out_bounding_box_y4
ROOM,-56.46204,-235,666.38247,-235,666.38247,528.26669,-56.46204,528.26669,-56.46204,-235,666.38247,-235,666.38247,528.26669,-56.46204,528.26669
TABLE,-70.3,-35,70.3,-35,70.3,35,-70.3,35,506.3912353515625,318.2073547363281,506.3912353515625,458.8073547363281,436.3912353515625,458.80735473632814,436.3912353515625,318.20735473632817
SOFA,-109,-49,109,-49,109,49,-109,49,380.4755859375,-92.39938354492185,598.4755859375,-92.3993835449219,598.4755859375,5.600616455078097,380.4755859375,5.600616455078153
SEATING,-36.5,-40.5,36.5,-40.5,36.5,40.5,-36.5,40.5,630.2390297735833,128.32185050876456,582.8268928278467,183.82941098694369,521.2363120232917,131.2214234170167,568.6484489690283,75.71386293883756
STORAGE_FURNITURE,-73.5,-19.9,73.5,-19.9,73.5,19.9,-73.5,19.9,420.6997375488281,-219.99036254882813,567.6997375488281,-219.99036254882813,567.6997375488281,-180.19036254882812,420.6997375488281,-180.19036254882812
TABLE,-55,-37.5,55,-37.5,55,37.5,-55,37.5,424.283447265625,30.68700408935547,534.283447265625,30.68700408935547,534.283447265625,105.68700408935547,424.283447265625,105.68700408935547
