in_product_family,in_bounding_box_x1,in_bounding_box_y1,in_bounding_box_x2,in_bounding_box_y2,in_bounding_box_x3,in_bounding_box_y3,in_bounding_box_x4,in_bounding_box_y4,out_bounding_box_x1,out_bounding_box_y1,out_bounding_box_x2,out_bounding_box_y2,out_bounding_box_x3,out_bounding_box_y3,out_bounding_box_x4,out_bounding_box_y4
ROOM,-600,-100,-184.46124,-100,-184.46124,102.20804,-600,102.20804,-600,-100,-184.46124,-100,-184.46124,102.20804,-600,102.20804
LIGHTING,-13.5,-13.5,13.5,-13.5,13.5,13.5,-13.5,13.5,-438.5303039550781,60.38544464111328,-411.5303039550781,60.38544464111328,-411.5303039550781,87.38544464111328,-438.5303039550781,87.38544464111328
LIGHTING,-47,-48,47,-48,47,48,-47,48,-391.4582481227574,-50.41052033087851,-391.4773934039047,43.58947771943109,-487.4773914127316,43.5699250918764,-487.4582461315843,-50.4300729584332
RADIATOR,-39.85,-3.95,39.85,-3.95,39.85,3.95,-39.85,3.95,-395.2222534179688,-99.9899932861328,-315.5222534179687,-99.98999328613283,-315.5222534179687,-92.08999328613282,-395.2222534179688,-92.0899932861328
DECORATION,-115,-80,115,-80,115,80,-115,80,-628.1304295197803,-55.87301120198126,-398.1304485996671,-55.77932690444848,-398.1956202849073,104.22065982258673,-628.1956012050204,104.12697552505395
SOFA,-65.5,-39,65.5,-39,65.5,39,-65.5,39,-599.989990234375,-109.78999328613281,-468.989990234375,-109.78999328613281,-468.989990234375,-31.789993286132812,-599.989990234375,-31.789993286132812
TABLE,-80,-30.1,80,-30.1,80,30.1,-80,30.1,-600.0128784179688,40.44150390625,-440.01287841796875,40.44150390625,-440.01287841796875,100.64150390625,-600.0128784179688,100.64150390625
VEGETATION,-19.1,-10.35,19.1,-10.35,19.1,10.35,-19.1,10.35,-559.6232666015625,102.19803771972656,-597.8232666015625,102.19803771972656,-597.8232666015625,81.49803771972657,-559.6232666015625,81.49803771972657
SEATING,-32.65,-33.3,32.65,-33.3,32.65,33.3,-32.65,33.3,-529.5370239257812,9.950221252441409,-464.2370239257813,9.950221252441409,-464.2370239257813,76.5502212524414,-529.5370239257812,76.5502212524414
