in_product_family,in_bounding_box_x1,in_bounding_box_y1,in_bounding_box_x2,in_bounding_box_y2,in_bounding_box_x3,in_bounding_box_y3,in_bounding_box_x4,in_bounding_box_y4,out_bounding_box_x1,out_bounding_box_y1,out_bounding_box_x2,out_bounding_box_y2,out_bounding_box_x3,out_bounding_box_y3,out_bounding_box_x4,out_bounding_box_y4
ROOM,-546.22182,-449.64516,529.12903,-449.64516,529.12903,231.6129,-546.22182,231.6129,-546.22182,-449.64516,529.12903,-449.64516,529.12903,231.6129,-546.22182,231.6129
SOFA,-130.3,-83.7,130.3,-83.7,130.3,83.7,-130.3,83.7,-523.162188720703,-174.87367553710934,-523.1621887207032,-435.47367553710933,-355.7621887207032,-435.47367553710944,-355.7621887207031,-174.8736755371094
TABLE,-85.1,-47,85.1,-47,85.1,47,-85.1,47,-397.54921875,-88.94557189941406,-227.34921875,-88.94557189941406,-227.34921875,5.0544281005859375,-397.54921875,5.0544281005859375
