in_product_family,in_bounding_box_x1,in_bounding_box_y1,in_bounding_box_x2,in_bounding_box_y2,in_bounding_box_x3,in_bounding_box_y3,in_bounding_box_x4,in_bounding_box_y4,out_bounding_box_x1,out_bounding_box_y1,out_bounding_box_x2,out_bounding_box_y2,out_bounding_box_x3,out_bounding_box_y3,out_bounding_box_x4,out_bounding_box_y4
ROOM,114.11893,-499.64744,500.27129,-499.64744,500.27129,31.40245,114.11893,31.40245,114.11893,-499.64744,500.27129,-499.64744,500.27129,31.40245,114.11893,31.40245
TABLE,-105.1,-45,105.1,-45,105.1,45,-105.1,45,198.59189453125,-130.3767318725586,408.79189453125,-130.3767318725586,408.79189453125,-40.376731872558594,198.59189453125,-40.376731872558594
STORAGE_FURNITURE,-21,-28.5,21,-28.5,21,28.5,-21,28.5,328.10473770824916,-390.31592916650237,293.20936826463435,-366.94258555901587,261.48840194018834,-414.3005869467789,296.38377138380315,-437.6739305542654
SEATING,-27.2,-26.7,27.2,-26.7,27.2,26.7,-27.2,26.7,177.25474324096254,-419.15290764633056,222.45255509173987,-449.4269526998369,252.17009196411558,-405.05998297866944,206.97228011333826,-374.7859379251631
TABLE,-80,-40,80,-40,80,40,-80,40,353.06598496753105,-376.58222687441486,220.1312442299507,-287.5409178935138,175.6105897395002,-354.0082882623039,308.54533047708054,-443.04959724320497
SEATING,-25.5,-24.4,25.5,-24.4,25.5,24.4,-25.5,24.4,319.9917907714844,-189.11177673339844,370.9917907714844,-189.11177673339844,370.9917907714844,-140.31177673339843,319.9917907714844,-140.31177673339843
SEATING,-40.5,-32.65,40.5,-32.65,40.5,32.65,-40.5,32.65,420.23303681432515,-328.9339487979344,354.05039550978717,-282.2342915191614,316.4024001973936,-335.58893938565933,382.5850415019316,-382.28859666443236
SEATING,-40.5,-32.65,40.5,-32.65,40.5,32.65,-40.5,32.65,330.13187104284077,-265.35695294832504,263.9492297383028,-218.657295669552,226.30123442590923,-272.01194353604996,292.4838757304472,-318.711600814823
