in_product_family,in_bounding_box_x1,in_bounding_box_y1,in_bounding_box_x2,in_bounding_box_y2,in_bounding_box_x3,in_bounding_box_y3,in_bounding_box_x4,in_bounding_box_y4,out_bounding_box_x1,out_bounding_box_y1,out_bounding_box_x2,out_bounding_box_y2,out_bounding_box_x3,out_bounding_box_y3,out_bounding_box_x4,out_bounding_box_y4
ROOM,139.18266,-403.31588,629.42303,-403.31588,629.42303,348.03955,139.18266,348.03955,139.18266,-403.31588,629.42303,-403.31588,629.42303,348.03955,139.18266,348.03955
SOFA,-123.3,-125,123.3,-125,123.3,125,-123.3,125,285.8453857421875,11.66552734375,532.4453857421875,11.66552734375,532.4453857421875,261.66552734375,285.8453857421875,261.66552734375
