in_product_family,in_bounding_box_x1,in_bounding_box_y1,in_bounding_box_x2,in_bounding_box_y2,in_bounding_box_x3,in_bounding_box_y3,in_bounding_box_x4,in_bounding_box_y4,out_bounding_box_x1,out_bounding_box_y1,out_bounding_box_x2,out_bounding_box_y2,out_bounding_box_x3,out_bounding_box_y3,out_bounding_box_x4,out_bounding_box_y4
ROOM,-178.14758,-86,506.01,-86,506.01,389.94378,-178.14758,389.94378,-178.14758,-86,506.01,-86,506.01,389.94378,-178.14758,389.94378
TABLE,-60,-60,60,-60,60,60,-60,60,35.653358459472656,-14.407829284667969,155.65335845947266,-14.407829284667969,155.65335845947266,105.59217071533203,35.653358459472656,105.59217071533203
STORAGE_FURNITURE,-100,-20.05,100,-20.05,100,20.05,-100,20.05,259.4406433105469,-82.89475708007812,459.4406433105469,-82.89475708007812,459.4406433105469,-42.79475708007813,259.4406433105469,-42.79475708007813
SEATING,-22.75,-26.05,22.75,-26.05,22.75,26.05,-22.75,26.05,73.01451110839844,-69.69569854736328,118.51451110839844,-69.69569854736328,118.51451110839844,-17.59569854736328,73.01451110839844,-17.59569854736328
SEATING,-22.75,-26.05,22.75,-26.05,22.75,26.05,-22.75,26.05,210.87762145996092,25.290374755859368,210.87762145996095,70.79037475585938,158.77762145996095,70.79037475585938,158.77762145996093,25.290374755859382
SEATING,-22.75,-26.05,22.75,-26.05,22.75,26.05,-22.75,26.05,110.41154479980469,158.2972839355469,64.91154479980469,158.2972839355469,64.91154479980469,106.19728393554688,110.41154479980469,106.19728393554686
SEATING,-22.75,-26.05,22.75,-26.05,22.75,26.05,-22.75,26.05,-17.922412184064637,60.92271966758551,-16.428552497491548,15.447249540968553,35.64335944968964,17.157800962297298,34.14949976311655,62.633271088914256
SOFA,-130.3,-83.7,130.3,-83.7,130.3,83.7,-130.3,83.7,514.1057861328125,270.07957763671874,253.5057861328125,270.0795776367188,253.5057861328125,102.67957763671876,514.1057861328125,102.67957763671873
TABLE,-45,-27.5,45,-27.5,45,27.5,-45,27.5,381.34521484375,102.6695785522461,291.34521484375,102.6695785522461,291.34521484375,47.6695785522461,381.34521484375,47.66957855224609
