in_product_family,in_bounding_box_x1,in_bounding_box_y1,in_bounding_box_x2,in_bounding_box_y2,in_bounding_box_x3,in_bounding_box_y3,in_bounding_box_x4,in_bounding_box_y4,out_bounding_box_x1,out_bounding_box_y1,out_bounding_box_x2,out_bounding_box_y2,out_bounding_box_x3,out_bounding_box_y3,out_bounding_box_x4,out_bounding_box_y4
ROOM,-100.02746,-185.34113,728.45678,-185.34113,728.45678,392.84455,-100.02746,392.84455,-100.02746,-185.34113,728.45678,-185.34113,728.45678,392.84455,-100.02746,392.84455
SOFA,-83.5,-46.95,83.5,-46.95,83.5,46.95,-83.5,46.95,500.7173645019531,213.79104614257812,500.71736450195317,380.7910461425781,406.81736450195314,380.7910461425781,406.8173645019531,213.79104614257812
SOFA,-83.5,-46.95,83.5,-46.95,83.5,46.95,-83.5,46.95,226.0589599609375,125.247509765625,393.0589599609375,125.247509765625,393.0589599609375,219.147509765625,226.0589599609375,219.147509765625
STORAGE_FURNITURE,-75,-22.5,75,-22.5,75,22.5,-75,22.5,373.1632080078125,392.83453369140625,223.1632080078125,392.83453369140625,223.1632080078125,347.83453369140625,373.1632080078125,347.83453369140625
SEATING,-36.5,-43,36.5,-43,36.5,43,-36.5,43,84.30371093750001,333.7910461425781,84.30371093749999,260.7910461425781,170.3037109375,260.7910461425781,170.3037109375,333.7910461425781
SEATING,-36.5,-40.5,36.5,-40.5,36.5,40.5,-36.5,40.5,77.74871548333059,180.9512454964624,132.7379630008412,132.9389277284359,186.01190463385691,193.9543941519751,131.0226571163463,241.9667119200016
TABLE,-70,-45,70,-45,70,45,-70,45,235.79083251953125,-28.406661987304688,375.79083251953125,-28.406661987304688,375.79083251953125,61.59333801269531,235.79083251953125,61.59333801269531
STORAGE_FURNITURE,-44.95,-18.25,44.95,-18.25,44.95,18.25,-44.95,18.25,-99.85024017113835,360.54892231447513,-99.3873741833765,270.6501138959128,-62.8878579733929,270.83804057614987,-63.350723961154756,360.7368489947122
STORAGE_FURNITURE,-44.95,-18.25,44.95,-18.25,44.95,18.25,-44.95,18.25,26.5934192713477,390.6056213240962,-63.30658072865231,390.60562135168504,-63.30658073985356,354.10562135168504,26.593419260146447,354.1056213240962
