in_product_family,in_bounding_box_x1,in_bounding_box_y1,in_bounding_box_x2,in_bounding_box_y2,in_bounding_box_x3,in_bounding_box_y3,in_bounding_box_x4,in_bounding_box_y4,out_bounding_box_x1,out_bounding_box_y1,out_bounding_box_x2,out_bounding_box_y2,out_bounding_box_x3,out_bounding_box_y3,out_bounding_box_x4,out_bounding_box_y4
ROOM,35.46903,-271.21534,1822,-271.21534,1822,793.17994,35.46903,793.17994,35.46903,-271.21534,1822,-271.21534,1822,793.17994,35.46903,793.17994
SOFA,-130.3,-83.7,130.3,-83.7,130.3,83.7,-130.3,83.7,1206.90546875,774.415478515625,1206.90546875,513.815478515625,1374.30546875,513.815478515625,1374.30546875,774.415478515625
STORAGE_FURNITURE,-74.5,-27.5,74.5,-27.5,74.5,27.5,-74.5,27.5,1574.5789794921875,765.1398315429688,1574.5789794921875,616.1398315429688,1629.5789794921875,616.1398315429688,1629.5789794921875,765.1398315429688
STORAGE_FURNITURE,-74.5,-27.5,74.5,-27.5,74.5,27.5,-74.5,27.5,1574.5789794921875,623.4835205078125,1574.5789794921875,474.4835205078125,1629.5789794921875,474.4835205078125,1629.5789794921875,623.4835205078125
TABLE,-25,-75,25,-75,25,75,-25,75,1405.90283203125,529.331298828125,1455.90283203125,529.331298828125,1455.90283203125,679.331298828125,1405.90283203125,679.331298828125
LIGHTING,-20,-89.05,20,-89.05,20,89.05,-20,89.05,1600.0445706248504,400.44241006708705,1628.1866438697268,428.8681679897883,1501.6209567188996,554.1707491126004,1473.4788834740232,525.7449911898992
