in_product_family,in_bounding_box_x1,in_bounding_box_y1,in_bounding_box_x2,in_bounding_box_y2,in_bounding_box_x3,in_bounding_box_y3,in_bounding_box_x4,in_bounding_box_y4,out_bounding_box_x1,out_bounding_box_y1,out_bounding_box_x2,out_bounding_box_y2,out_bounding_box_x3,out_bounding_box_y3,out_bounding_box_x4,out_bounding_box_y4
ROOM,-253.5,-192.35944,403.2399,-192.35944,403.2399,253.25696,-253.5,253.25696,-253.5,-192.35944,403.2399,-192.35944,403.2399,253.25696,-253.5,253.25696
SOFA,-121.65,-78.15,121.65,-78.15,121.65,78.15,-121.65,78.15,401.17883897914425,253.24696981025252,157.87883897914423,253.24696939873186,157.878839243512,96.94696939873185,401.178839243512,96.94696981025251
STORAGE_FURNITURE,-90,-22.5,90,-22.5,90,22.5,-90,22.5,107.90492248535156,-123.05374908447266,287.90492248535156,-123.05374908447266,287.90492248535156,-78.05374908447266,107.90492248535156,-78.05374908447266
TABLE,-80.85,-41.25,80.85,-41.25,80.85,41.25,-80.85,41.25,54.194825172424295,-10.947274780273446,54.19482517242434,150.75272521972653,-28.305174827575662,150.75272521972659,-28.305174827575705,-10.947274780273418
RADIATOR,-30,-5,30,-5,30,5,-30,5,388.731201171875,253.24696350097656,328.731201171875,253.24696350097656,328.731201171875,243.24696350097656,388.731201171875,243.24696350097656
TABLE,-60,-25,60,-25,60,25,-60,25,138.86647033691406,34.02714920043945,258.86647033691406,34.02714920043945,258.86647033691406,84.02714920043945,138.86647033691406,84.02714920043945
