in_product_family,in_bounding_box_x1,in_bounding_box_y1,in_bounding_box_x2,in_bounding_box_y2,in_bounding_box_x3,in_bounding_box_y3,in_bounding_box_x4,in_bounding_box_y4,out_bounding_box_x1,out_bounding_box_y1,out_bounding_box_x2,out_bounding_box_y2,out_bounding_box_x3,out_bounding_box_y3,out_bounding_box_x4,out_bounding_box_y4
ROOM,-199,-243,191.50911,-243,191.50911,243,-199,243,-199,-243,191.50911,-243,191.50911,243,-199,243
SOFA,-121.25,-79.45,121.25,-79.45,121.25,79.45,-121.25,79.45,-139.11139106750488,-58.826459121704104,103.38860893249512,-58.826459121704104,103.38860893249512,100.0735408782959,-139.11139106750488,100.0735408782959
TABLE,-60.3,-35,60.3,-35,60.3,35,-60.3,35,60.30117758032865,256.49000549316406,-60.298822419671346,256.49000549316406,-60.29882241967133,186.49000549316406,60.30117758032866,186.49000549316406
STORAGE_FURNITURE,-61.5,-21,61.5,-21,61.5,21,-61.5,21,191.4991149902344,-188.546630859375,191.49911499023435,-65.546630859375,149.49911499023435,-65.546630859375,149.4991149902344,-188.546630859375
TABLE,-90,-45,90,-45,90,45,-90,45,-87.74438309669495,-250.99000549316406,92.25561690330505,-250.99000549316406,92.25561690330505,-160.99000549316406,-87.74438309669495,-160.99000549316406
TABLE,-87,-49,87,-49,87,49,-87,49,-69.35826873779297,78.58354187011719,104.64173126220703,78.58354187011719,104.64173126220703,176.5835418701172,-69.35826873779297,176.5835418701172
