in_product_family,in_bounding_box_x1,in_bounding_box_y1,in_bounding_box_x2,in_bounding_box_y2,in_bounding_box_x3,in_bounding_box_y3,in_bounding_box_x4,in_bounding_box_y4,out_bounding_box_x1,out_bounding_box_y1,out_bounding_box_x2,out_bounding_box_y2,out_bounding_box_x3,out_bounding_box_y3,out_bounding_box_x4,out_bounding_box_y4
ROOM,1739.27135,-650.91896,2218.18906,-650.91896,2218.18906,-327.39032,1739.27135,-327.39032,1739.27135,-650.91896,2218.18906,-650.91896,2218.18906,-327.39032,1739.27135,-327.39032
DECORATION,-90,-1.5,90,-1.5,90,1.5,-90,1.5,2022.707275390625,-650.9089965820312,2202.707275390625,-650.9089965820312,2202.707275390625,-647.9089965820312,2022.707275390625,-647.9089965820312
SOFA,-91,-45,91,-45,91,45,-91,45,2035.82763671875,-650.9089965820312,2217.82763671875,-650.9089965820312,2217.82763671875,-560.9089965820312,2035.82763671875,-560.9089965820312
TABLE,-73.45,-46.2,73.45,-46.2,73.45,46.2,-73.45,46.2,1739.2814453125,-607.8234130859375,1886.1814453125,-607.8234130859375,1886.1814453125,-515.4234130859375,1739.2814453125,-515.4234130859375
SEATING,-21.25,-20.05,21.25,-20.05,21.25,20.05,-21.25,20.05,1780.995774570142,-469.87840430572527,1738.588882211391,-472.6900729336595,1741.241774257983,-512.702223135681,1783.648666616734,-509.89055450774674
SEATING,-21.25,-20.05,21.25,-20.05,21.25,20.05,-21.25,20.05,1833.4633818420182,-472.5993859477755,1791.0454978176506,-469.9587203318158,1788.5539521423568,-509.98124149363076,1830.9718361667244,-512.6219071095904
SEATING,-21.25,-20.05,21.25,-20.05,21.25,20.05,-21.25,20.05,1883.4114337756632,-474.0250899998735,1841.238323478198,-468.7640285254336,1836.2743572399618,-508.555598476689,1878.447467537427,-513.8166599511288
SEATING,-21.25,-20.05,21.25,-20.05,21.25,20.05,-21.25,20.05,1927.9824219705301,-560.7581588479113,1929.4834300078583,-518.2846732966656,1889.4084471700949,-516.8684280661512,1887.9074391327667,-559.3419136173969
SEATING,-21.25,-20.05,21.25,-20.05,21.25,20.05,-21.25,20.05,1926.2440822936437,-610.1346622785712,1928.6731789207597,-567.7041368331312,1888.6387302063563,-565.4122127214288,1886.2096335792403,-607.8427381668688
