in_product_family,in_bounding_box_x1,in_bounding_box_y1,in_bounding_box_x2,in_bounding_box_y2,in_bounding_box_x3,in_bounding_box_y3,in_bounding_box_x4,in_bounding_box_y4,out_bounding_box_x1,out_bounding_box_y1,out_bounding_box_x2,out_bounding_box_y2,out_bounding_box_x3,out_bounding_box_y3,out_bounding_box_x4,out_bounding_box_y4
ROOM,-502.40769,-325,-60.40768,-325,-60.40768,325,-502.40769,325,-502.40769,-325,-60.40768,-325,-60.40768,325,-502.40769,325
RADIATOR,-44.85,-5.5,44.85,-5.5,44.85,5.5,-44.85,5.5,-502.3976745605469,248.05606994628906,-502.3976745605469,158.35606994628907,-491.3976745605469,158.35606994628907,-491.3976745605469,248.05606994628906
RADIATOR,-44.85,-5.5,44.85,-5.5,44.85,5.5,-44.85,5.5,-502.3976745605469,-122.29999389648438,-502.3976745605469,-211.99999389648437,-491.3976745605469,-211.99999389648437,-491.3976745605469,-122.29999389648438
