in_product_family,in_bounding_box_x1,in_bounding_box_y1,in_bounding_box_x2,in_bounding_box_y2,in_bounding_box_x3,in_bounding_box_y3,in_bounding_box_x4,in_bounding_box_y4,out_bounding_box_x1,out_bounding_box_y1,out_bounding_box_x2,out_bounding_box_y2,out_bounding_box_x3,out_bounding_box_y3,out_bounding_box_x4,out_bounding_box_y4
ROOM,-1063.69033,34.32681,-474.47124,34.32681,-474.47124,832.28091,-1063.69033,832.28091,-1063.69033,34.32681,-474.47124,34.32681,-474.47124,832.28091,-1063.69033,832.28091
SOFA,-130.3,-83.7,130.3,-83.7,130.3,83.7,-130.3,83.7,-519.7567014845577,356.5663022168711,-780.3567014845576,356.5663027635976,-780.3567018357548,189.1663027635976,-519.7567018357549,189.16630221687114
STORAGE_FURNITURE,-90,-22.5,90,-22.5,90,22.5,-90,22.5,-707.3017578125,34.33680725097656,-527.3017578125,34.33680725097656,-527.3017578125,79.33680725097656,-707.3017578125,79.33680725097656
TABLE,-60,-25,60,-25,60,25,-60,25,-667.8802490234375,139.15631103515625,-547.8802490234375,139.15631103515625,-547.8802490234375,189.15631103515625,-667.8802490234375,189.15631103515625
TABLE,-55,-55,55,-55,55,55,-55,55,-777.2888793945312,414.31817626953125,-667.2888793945312,414.31817626953125,-667.2888793945312,524.3181762695312,-777.2888793945312,524.3181762695312
