in_product_family,in_bounding_box_x1,in_bounding_box_y1,in_bounding_box_x2,in_bounding_box_y2,in_bounding_box_x3,in_bounding_box_y3,in_bounding_box_x4,in_bounding_box_y4,out_bounding_box_x1,out_bounding_box_y1,out_bounding_box_x2,out_bounding_box_y2,out_bounding_box_x3,out_bounding_box_y3,out_bounding_box_x4,out_bounding_box_y4
ROOM,-320.37684,156.48501,303.88852,156.48501,303.88852,391.48513,-320.37684,391.48513,-320.37684,156.48501,303.88852,156.48501,303.88852,391.48513,-320.37684,391.48513
RADIATOR,-50.45,-7.5,50.45,-7.5,50.45,7.5,-50.45,7.5,-320.3668212890625,257.70599670410155,-320.3668212890625,156.80599670410157,-305.3668212890625,156.80599670410157,-305.3668212890625,257.70599670410155
