in_product_family,in_bounding_box_x1,in_bounding_box_y1,in_bounding_box_x2,in_bounding_box_y2,in_bounding_box_x3,in_bounding_box_y3,in_bounding_box_x4,in_bounding_box_y4,out_bounding_box_x1,out_bounding_box_y1,out_bounding_box_x2,out_bounding_box_y2,out_bounding_box_x3,out_bounding_box_y3,out_bounding_box_x4,out_bounding_box_y4
ROOM,30.21039,-701.24073,481.22647,-701.24073,481.22647,-348.90946,30.21039,-348.90946,30.21039,-701.24073,481.22647,-701.24073,481.22647,-348.90946,30.21039,-348.90946
SOFA,-105,-45,105,-45,105,45,-105,45,38.91611480712895,-480.83349609375,38.916114807128864,-690.83349609375,128.91611480712885,-690.83349609375,128.91611480712896,-480.83349609375
SEATING,-51.2,-51.1,51.2,-51.1,51.2,51.1,-51.2,51.1,30.220396423339864,-365.14326171874995,30.22039642333982,-467.54326171875,132.4203964233398,-467.54326171875005,132.42039642333987,-365.14326171875
STORAGE_FURNITURE,-58.5,-25,58.5,-25,58.5,25,-58.5,25,481.21649169921875,-600.6746215820312,481.21649169921875,-483.67462158203125,431.21649169921875,-483.67462158203125,431.21649169921875,-600.6746215820312
