in_product_family,in_bounding_box_x1,in_bounding_box_y1,in_bounding_box_x2,in_bounding_box_y2,in_bounding_box_x3,in_bounding_box_y3,in_bounding_box_x4,in_bounding_box_y4,out_bounding_box_x1,out_bounding_box_y1,out_bounding_box_x2,out_bounding_box_y2,out_bounding_box_x3,out_bounding_box_y3,out_bounding_box_x4,out_bounding_box_y4
ROOM,-268.07356,-400,500,-400,500,384.97979,-268.07356,384.97979,-268.07356,-400,500,-400,500,384.97979,-268.07356,384.97979
SOFA,-130.3,-83.7,130.3,-83.7,130.3,83.7,-130.3,83.7,1.7726562499999545,-62.50586242675783,1.7726562500000398,-323.1058624267579,169.17265625000005,-323.10586242675777,169.17265624999996,-62.50586242675777
STORAGE_FURNITURE,-80,-22.05,80,-22.05,80,22.05,-80,22.05,-268.06354980468745,-98.50140380859374,-268.0635498046875,-258.50140380859375,-223.96354980468755,-258.50140380859375,-223.96354980468746,-98.50140380859376
TABLE,-85.1,-47,85.1,-47,85.1,47,-85.1,47,499.9900207519532,-284.8064361572265,499.99002075195307,-114.60643615722655,405.99002075195307,-114.60643615722658,405.9900207519532,-284.8064361572266
