in_product_family,in_bounding_box_x1,in_bounding_box_y1,in_bounding_box_x2,in_bounding_box_y2,in_bounding_box_x3,in_bounding_box_y3,in_bounding_box_x4,in_bounding_box_y4,out_bounding_box_x1,out_bounding_box_y1,out_bounding_box_x2,out_bounding_box_y2,out_bounding_box_x3,out_bounding_box_y3,out_bounding_box_x4,out_bounding_box_y4
ROOM,-168.88336,-600.9068,320.94721,-600.9068,320.94721,666.0927,-168.88336,666.0927,-168.88336,-600.9068,320.94721,-600.9068,320.94721,666.0927,-168.88336,666.0927
RADIATOR,-50.45,-7.5,50.45,-7.5,50.45,7.5,-50.45,7.5,-141.04074096679685,551.3999755859375,-141.0407409667969,652.2999755859375,-156.0407409667969,652.2999755859375,-156.04074096679685,551.3999755859375
RADIATOR,-50.45,-7.5,50.45,-7.5,50.45,7.5,-50.45,7.5,312.6324157714844,545.6411254882812,312.6324157714844,646.5411254882813,297.6324157714844,646.5411254882813,297.6324157714844,545.6411254882812
RADIATOR,-50.45,-7.5,50.45,-7.5,50.45,7.5,-50.45,7.5,283.6116027832031,-468.864208984375,283.6116027832031,-569.764208984375,298.6116027832031,-569.764208984375,298.6116027832031,-468.864208984375
RADIATOR,-50.45,-7.5,50.45,-7.5,50.45,7.5,-50.45,7.5,-151.0333251953125,-361.95530395507814,-151.0333251953125,-462.8553039550781,-136.0333251953125,-462.8553039550781,-136.0333251953125,-361.95530395507814
