in_product_family,in_bounding_box_x1,in_bounding_box_y1,in_bounding_box_x2,in_bounding_box_y2,in_bounding_box_x3,in_bounding_box_y3,in_bounding_box_x4,in_bounding_box_y4,out_bounding_box_x1,out_bounding_box_y1,out_bounding_box_x2,out_bounding_box_y2,out_bounding_box_x3,out_bounding_box_y3,out_bounding_box_x4,out_bounding_box_y4
ROOM,1558.47684,38.12281,2104.96653,38.12281,2104.96653,1097.28333,1558.47684,1097.28333,1558.47684,38.12281,2104.96653,38.12281,2104.96653,1097.28333,1558.47684,1097.28333
SOFA,-110.5,-45.5,110.5,-45.5,110.5,45.5,-110.5,45.5,1565.0027339581725,986.7450100554303,1563.479164870939,765.7502618435408,1654.4770023699525,765.1229098664447,1656.000571457186,986.1176580783342
SOFA,-110.5,-45.5,110.5,-45.5,110.5,45.5,-110.5,45.5,1563.4729488019225,765.7412258757428,1561.949379714689,544.7464776638533,1652.9472172137025,544.1191256867572,1654.470786300936,765.1138738986467
TABLE,-105,-37.5,105,-37.5,105,37.5,-105,37.5,1775.572021484375,644.3464965820312,1775.572021484375,854.3464965820312,1700.572021484375,854.3464965820312,1700.572021484375,644.3464965820312
