in_product_family,in_bounding_box_x1,in_bounding_box_y1,in_bounding_box_x2,in_bounding_box_y2,in_bounding_box_x3,in_bounding_box_y3,in_bounding_box_x4,in_bounding_box_y4,out_bounding_box_x1,out_bounding_box_y1,out_bounding_box_x2,out_bounding_box_y2,out_bounding_box_x3,out_bounding_box_y3,out_bounding_box_x4,out_bounding_box_y4
ROOM,-422.55599,-979.49468,87.44391,-979.49468,87.44391,29,-422.55599,29,-422.55599,-979.49468,87.44391,-979.49468,87.44391,29,-422.55599,29
TABLE,-129.8,-44.75,129.8,-44.75,129.8,44.75,-129.8,44.75,-238.728042602539,-319.41780395507806,-238.72804260253912,-579.0178039550781,-149.22804260253912,-579.0178039550782,-149.228042602539,-319.41780395507817
STORAGE_FURNITURE,-105,-25,105,-25,105,25,-105,25,-362.54382324218744,-226.00969696044922,-362.54382324218756,-16.009696960449205,-412.54382324218756,-16.009696960449233,-412.54382324218744,-226.00969696044922
STORAGE_FURNITURE,-105,-25,105,-25,105,25,-105,25,-317.5413818359375,-31.000593662261938,-107.5413818359375,-31.000593662261988,-107.5413818359375,18.999406337738012,-317.5413818359375,18.999406337738062
STORAGE_FURNITURE,-105,-25,105,-25,105,25,-105,25,-12.529293060302763,-181.01000213623047,-12.529293060302706,28.98999786376953,-62.529293060302706,28.98999786376953,-62.52929306030276,-181.01000213623047
SOFA,-146,-76.8,146,-76.8,146,76.8,-146,76.8,85.82569770812984,-907.3817749023438,85.82569770812992,-615.3817749023438,-67.77430229187007,-615.3817749023438,-67.77430229187016,-907.3817749023438
STORAGE_FURNITURE,-100,-20.05,100,-20.05,100,20.05,-100,20.05,-420.9199645996094,-627.3479614257812,-420.91996459960933,-827.3479614257812,-380.81996459960936,-827.3479614257812,-380.8199645996094,-627.3479614257812
