in_product_family,in_bounding_box_x1,in_bounding_box_y1,in_bounding_box_x2,in_bounding_box_y2,in_bounding_box_x3,in_bounding_box_y3,in_bounding_box_x4,in_bounding_box_y4,out_bounding_box_x1,out_bounding_box_y1,out_bounding_box_x2,out_bounding_box_y2,out_bounding_box_x3,out_bounding_box_y3,out_bounding_box_x4,out_bounding_box_y4
ROOM,1026.83871,110.22839,1558.80552,110.22839,1558.80552,345.22839,1026.83871,345.22839,1026.83871,110.22839,1558.80552,110.22839,1558.80552,345.22839,1026.83871,345.22839
SOFA,-95,-49.5,95,-49.5,95,49.5,-95,49.5,1097.307861328125,110.23838806152344,1287.307861328125,110.23838806152344,1287.307861328125,209.23838806152344,1097.307861328125,209.23838806152344
TABLE,-60.15,-24.85,60.15,-24.85,60.15,24.85,-60.15,24.85,1129.5727783203124,228.37634887695313,1249.8727783203126,228.37634887695313,1249.8727783203126,278.07634887695315,1129.5727783203124,278.07634887695315
STORAGE_FURNITURE,-67.6,-21.5,67.6,-21.5,67.6,21.5,-67.6,21.5,1254.656884765625,345.2183837890625,1119.456884765625,345.2183837890625,1119.456884765625,302.2183837890625,1254.656884765625,302.2183837890625
