in_product_family,in_bounding_box_x1,in_bounding_box_y1,in_bounding_box_x2,in_bounding_box_y2,in_bounding_box_x3,in_bounding_box_y3,in_bounding_box_x4,in_bounding_box_y4,out_bounding_box_x1,out_bounding_box_y1,out_bounding_box_x2,out_bounding_box_y2,out_bounding_box_x3,out_bounding_box_y3,out_bounding_box_x4,out_bounding_box_y4
ROOM,-95.14164,-285.5,656.51,-285.5,656.51,230.5,-95.14164,230.5,-95.14164,-285.5,656.51,-285.5,656.51,230.5,-95.14164,230.5
SOFA,-109.85,-92.25,109.85,-92.25,109.85,92.25,-109.85,92.25,436.80576171875,-285.4917907714844,656.50576171875,-285.4917907714844,656.50576171875,-100.99179077148438,436.80576171875,-100.99179077148438
TABLE,-90,-45,90,-45,90,45,-90,45,178.2099914550781,149.88708877563477,178.20999145507815,-30.11291122436525,268.2099914550781,-30.11291122436522,268.2099914550781,149.88708877563477
TABLE,-50,-50,50,-50,50,50,-50,50,449.6910400390625,-181.46200561523438,549.6910400390625,-181.46200561523438,549.6910400390625,-81.46200561523438,449.6910400390625,-81.46200561523438
