in_product_family,in_bounding_box_x1,in_bounding_box_y1,in_bounding_box_x2,in_bounding_box_y2,in_bounding_box_x3,in_bounding_box_y3,in_bounding_box_x4,in_bounding_box_y4,out_bounding_box_x1,out_bounding_box_y1,out_bounding_box_x2,out_bounding_box_y2,out_bounding_box_x3,out_bounding_box_y3,out_bounding_box_x4,out_bounding_box_y4
ROOM,-283,533.01,1109.33214,533.01,1109.33214,1074.98477,-283,1074.98477,-283,533.01,1109.33214,533.01,1109.33214,1074.98477,-283,1074.98477
SOFA,-109.85,-92.25,109.85,-92.25,109.85,92.25,-109.85,92.25,-63.29390563964846,1074.9783325195312,-282.99390563964846,1074.9783325195312,-282.9939056396484,890.4783325195312,-63.29390563964843,890.4783325195312
SOFA,-109.85,-92.25,109.85,-92.25,109.85,92.25,-109.85,92.25,221.24560699462893,1074.9783325195312,1.5456069946289261,1074.9783325195312,1.5456069946288977,890.4783325195312,221.24560699462887,890.4783325195312
SEATING,-25.9,-25.9,25.9,-25.9,25.9,25.9,-25.9,25.9,284.02654418945315,930.4743286132813,335.8265441894531,930.4743286132813,335.8265441894531,982.2743286132812,284.02654418945315,982.2743286132812
SEATING,-49.4,-58.9,49.4,-58.9,49.4,58.9,-49.4,58.9,-282.98999745184733,858.8424425194771,-282.98999522393393,760.0424425194772,-165.18999522393395,760.0424451758354,-165.18999745184732,858.8424451758353
SEATING,-39.35,-37.85,39.35,-37.85,39.35,37.85,-39.35,37.85,339.2747436523438,1074.974755859375,260.5747436523437,1074.974755859375,260.5747436523437,999.274755859375,339.2747436523438,999.274755859375
DECORATION,-6.1,-6.95,6.1,-6.95,6.1,6.95,-6.1,6.95,-41.24736832654515,1058.7259825604265,-29.047369338724852,1058.7309521865445,-29.053031453728288,1072.6309510333235,-41.25303044154858,1072.6259814072055
VEGETATION,-10.7,-10.7,10.7,-10.7,10.7,10.7,-10.7,10.7,-22.01697616577148,1077.9337646484375,-43.41697616577148,1077.9337646484375,-43.41697616577149,1056.5337646484375,-22.01697616577149,1056.5337646484375
DECORATION,-21.8,-19.15,21.8,-19.15,21.8,19.15,-21.8,19.15,-10.384169769287105,1078.3095458984376,-53.98416976928711,1078.3095458984376,-53.984169769287114,1040.0095458984374,-10.384169769287112,1040.0095458984374
