in_product_family,in_bounding_box_x1,in_bounding_box_y1,in_bounding_box_x2,in_bounding_box_y2,in_bounding_box_x3,in_bounding_box_y3,in_bounding_box_x4,in_bounding_box_y4,out_bounding_box_x1,out_bounding_box_y1,out_bounding_box_x2,out_bounding_box_y2,out_bounding_box_x3,out_bounding_box_y3,out_bounding_box_x4,out_bounding_box_y4
ROOM,-188.7732,-351.07293,408.2268,-351.07293,408.2268,343.96033,-188.7732,343.96033,-188.7732,-351.07293,408.2268,-351.07293,408.2268,343.96033,-188.7732,343.96033
SOFA,-125.5,-81.75,125.5,-81.75,125.5,81.75,-125.5,81.75,97.53616333007812,-155.21021270751953,348.5361633300781,-155.21021270751953,348.5361633300781,8.289787292480469,97.53616333007812,8.289787292480469
STORAGE_FURNITURE,-75,-22.5,75,-22.5,75,22.5,-75,22.5,129.13186645507812,-351.06292724609375,279.1318664550781,-351.06292724609375,279.1318664550781,-306.06292724609375,129.13186645507812,-306.06292724609375
SEATING,-41.7,-39.55,41.7,-39.55,41.7,39.55,-41.7,39.55,330.0211795471833,-335.8063351182342,397.2617734857023,-286.46808903271545,350.4673458434417,-222.6943362684846,283.2267519049227,-272.0325823540033
