in_product_family,in_bounding_box_x1,in_bounding_box_y1,in_bounding_box_x2,in_bounding_box_y2,in_bounding_box_x3,in_bounding_box_y3,in_bounding_box_x4,in_bounding_box_y4,out_bounding_box_x1,out_bounding_box_y1,out_bounding_box_x2,out_bounding_box_y2,out_bounding_box_x3,out_bounding_box_y3,out_bounding_box_x4,out_bounding_box_y4
ROOM,-305.81828,-337.35274,361.79893,-337.35274,361.79893,244.92788,-305.81828,244.92788,-305.81828,-337.35274,361.79893,-337.35274,361.79893,244.92788,-305.81828,244.92788
STORAGE_FURNITURE,-90,-20.6,90,-20.6,90,20.6,-90,20.6,-250.0980224609375,-113.1096206665039,-70.0980224609375,-113.1096206665039,-70.0980224609375,-71.90962066650391,-250.0980224609375,-71.90962066650391
SOFA,-99,-48.5,99,-48.5,99,48.5,-99,48.5,-78.34594717019809,242.74900798392196,-276.3459471701981,242.74900837349992,-276.3459473610519,145.74900837349992,-78.34594736105191,145.74900798392196
TABLE,-87,-49,87,-49,87,49,-87,49,194.87159729003912,57.75393676757815,194.871597290039,231.75393676757815,96.871597290039,231.7539367675781,96.87159729003912,57.7539367675781
