in_product_family,in_bounding_box_x1,in_bounding_box_y1,in_bounding_box_x2,in_bounding_box_y2,in_bounding_box_x3,in_bounding_box_y3,in_bounding_box_x4,in_bounding_box_y4,out_bounding_box_x1,out_bounding_box_y1,out_bounding_box_x2,out_bounding_box_y2,out_bounding_box_x3,out_bounding_box_y3,out_bounding_box_x4,out_bounding_box_y4
ROOM,-601.0143,-338.54838,131.43367,-338.54838,131.43367,72.00061,-601.0143,72.00061,-601.0143,-338.54838,131.43367,-338.54838,131.43367,72.00061,-601.0143,72.00061
TABLE,-60,-25,60,-25,60,25,-60,25,-24.88431930541994,-49.4969072341919,-24.884319305419904,70.5030927658081,-74.88431930541991,70.5030927658081,-74.88431930541994,-49.49690723419189
TABLE,-75.35,-40.75,75.35,-40.75,75.35,40.75,-75.35,40.75,-131.64381561279296,-288.5443878173828,19.056184387207026,-288.5443878173828,19.056184387207026,-207.0443878173828,-131.64381561279296,-207.0443878173828
SOFA,-121.65,-78.15,121.65,-78.15,121.65,78.15,-121.65,78.15,131.42567672729487,-171.30540313720707,131.42567672729498,71.99459686279293,-24.874323272705027,71.99459686279302,-24.87432327270514,-171.305403137207
STORAGE_FURNITURE,-73.5,-19.9,73.5,-19.9,73.5,19.9,-73.5,19.9,-135.30275878906252,-75.00938904285431,-135.30275878906247,71.99061095714569,-175.10275878906248,71.99061095714569,-175.10275878906253,-75.00938904285431
VEGETATION,-28.9,-28.85,28.9,-28.85,28.9,28.85,-28.9,28.85,-172.37914123535157,-140.9563003540039,-114.57914123535156,-140.9563003540039,-114.57914123535156,-83.25630035400391,-172.37914123535157,-83.25630035400391
