in_product_family,in_bounding_box_x1,in_bounding_box_y1,in_bounding_box_x2,in_bounding_box_y2,in_bounding_box_x3,in_bounding_box_y3,in_bounding_box_x4,in_bounding_box_y4,out_bounding_box_x1,out_bounding_box_y1,out_bounding_box_x2,out_bounding_box_y2,out_bounding_box_x3,out_bounding_box_y3,out_bounding_box_x4,out_bounding_box_y4
ROOM,-210.59661,-181.9168,289.44382,-181.9168,289.44382,397.19531,-210.59661,397.19531,-210.59661,-181.9168,289.44382,-181.9168,289.44382,397.19531,-210.59661,397.19531
TABLE,-87.5,-45,87.5,-45,87.5,45,-87.5,45,-41.83547592163086,166.99249267578125,133.16452407836914,166.99249267578125,133.16452407836914,256.99249267578125,-41.83547592163086,256.99249267578125
SEATING,-24.15,-28.45,24.15,-28.45,24.15,28.45,-24.15,28.45,-25.946440958976744,110.08250122070312,22.353559041023253,110.08250122070312,22.353559041023253,166.9825012207031,-25.946440958976744,166.9825012207031
SEATING,-24.15,-28.45,24.15,-28.45,24.15,28.45,-24.15,28.45,60.32233581542969,110.08250122070312,108.6223358154297,110.08250122070312,108.6223358154297,166.9825012207031,60.32233581542969,166.9825012207031
SEATING,-24.15,-28.45,24.15,-28.45,24.15,28.45,-24.15,28.45,-17.94024600982666,257.0025146484375,30.35975399017334,257.0025146484375,30.35975399017334,313.9025146484375,-17.94024600982666,313.9025146484375
SEATING,-24.15,-28.45,24.15,-28.45,24.15,28.45,-24.15,28.45,69.393212890625,257.0025146484375,117.693212890625,257.0025146484375,117.693212890625,313.9025146484375,69.393212890625,313.9025146484375
SEATING,-24.15,-28.45,24.15,-28.45,24.15,28.45,-24.15,28.45,190.07452697753905,183.62372741699218,190.07452697753908,231.92372741699216,133.17452697753907,231.9237274169922,133.17452697753905,183.6237274169922
SOFA,-121.65,-78.15,121.65,-78.15,121.65,78.15,-121.65,78.15,-210.57612333374803,59.450210231397236,-210.56338450865115,-183.84978943510987,-54.263384722892596,-183.8416058002449,-54.27612354798947,59.4583938662622
TABLE,-58.85,-25.3,58.85,-25.3,58.85,25.3,-58.85,25.3,289.4316214639407,-166.8243526699356,289.42545854481926,-49.12435283128467,238.8254586141843,-49.12700231053314,238.83162153330574,-166.82700214918407
