in_product_family,in_bounding_box_x1,in_bounding_box_y1,in_bounding_box_x2,in_bounding_box_y2,in_bounding_box_x3,in_bounding_box_y3,in_bounding_box_x4,in_bounding_box_y4,out_bounding_box_x1,out_bounding_box_y1,out_bounding_box_x2,out_bounding_box_y2,out_bounding_box_x3,out_bounding_box_y3,out_bounding_box_x4,out_bounding_box_y4
ROOM,-620.95949,-787.66195,-20.96748,-787.66195,-20.96748,-268.39966,-620.95949,-268.39966,-620.95949,-787.66195,-20.96748,-787.66195,-20.96748,-268.39966,-620.95949,-268.39966
SOFA,-95.75,-43.75,95.75,-43.75,95.75,43.75,-95.75,43.75,-414.92694091796875,-270.1437072753906,-606.4269409179688,-270.1437072753906,-606.4269409179688,-357.6437072753906,-414.92694091796875,-357.6437072753906
TABLE,-57.5,-57.2,57.5,-57.2,57.5,57.2,-57.5,57.2,-177.19923400878906,-416.41420288085936,-62.19923400878906,-416.41420288085936,-62.19923400878906,-302.0142028808594,-177.19923400878906,-302.0142028808594
