in_product_family,in_bounding_box_x1,in_bounding_box_y1,in_bounding_box_x2,in_bounding_box_y2,in_bounding_box_x3,in_bounding_box_y3,in_bounding_box_x4,in_bounding_box_y4,out_bounding_box_x1,out_bounding_box_y1,out_bounding_box_x2,out_bounding_box_y2,out_bounding_box_x3,out_bounding_box_y3,out_bounding_box_x4,out_bounding_box_y4
ROOM,-600,-100,-184.45924,-100,-184.45924,102.20804,-600,102.20804,-600,-100,-184.45924,-100,-184.45924,102.20804,-600,102.20804
TABLE,-60,-30,60,-30,60,30,-60,30,-478.2168152136511,99.9970335098138,-598.2168052577854,99.94815194194084,-598.1923644738489,39.948156919873696,-478.1923744297146,39.997038487746664
SEATING,-32.65,-33.3,32.65,-33.3,32.65,33.3,-32.65,33.3,-569.1789916992187,-4.2954185485839815,-503.8789916992188,-4.2954185485839815,-503.8789916992188,62.30458145141601,-569.1789916992187,62.30458145141601
LIGHTING,-13.5,-13.5,13.5,-13.5,13.5,13.5,-13.5,13.5,-445.9632263183594,59.65467071533203,-418.9632263183594,59.65467071533203,-418.9632263183594,86.65467071533203,-445.9632263183594,86.65467071533203
LIGHTING,-47,-48,47,-48,47,48,-47,48,-391.4582481227574,-50.41052033087851,-391.4773934039047,43.58947771943109,-487.4773914127316,43.5699250918764,-487.4582461315843,-50.4300729584332
RADIATOR,-39.85,-3.95,39.85,-3.95,39.85,3.95,-39.85,3.95,-395.2222534179688,-99.9899932861328,-315.5222534179687,-99.98999328613283,-315.5222534179687,-92.08999328613282,-395.2222534179688,-92.0899932861328
DECORATION,-115,-80,115,-80,115,80,-115,80,-628.1304295197803,-55.87301120198126,-398.1304485996671,-55.77932690444848,-398.1956202849073,104.22065982258673,-628.1956012050204,104.12697552505395
SOFA,-65.5,-39,65.5,-39,65.5,39,-65.5,39,-599.989990234375,-109.78999328613281,-468.989990234375,-109.78999328613281,-468.989990234375,-31.789993286132812,-599.989990234375,-31.789993286132812
VEGETATION,-19.1,-10.35,19.1,-10.35,19.1,10.35,-19.1,10.35,-599.9900146484375,78.31818237304688,-561.7900146484375,78.31818237304687,-561.7900146484375,99.01818237304687,-599.9900146484375,99.01818237304688
