in_product_family,in_bounding_box_x1,in_bounding_box_y1,in_bounding_box_x2,in_bounding_box_y2,in_bounding_box_x3,in_bounding_box_y3,in_bounding_box_x4,in_bounding_box_y4,out_bounding_box_x1,out_bounding_box_y1,out_bounding_box_x2,out_bounding_box_y2,out_bounding_box_x3,out_bounding_box_y3,out_bounding_box_x4,out_bounding_box_y4
ROOM,-30.23919,-481.97021,449.86725,-481.97021,449.86725,-85.97021,-30.23919,-85.97021,-30.23919,-481.97021,449.86725,-481.97021,449.86725,-85.97021,-30.23919,-85.97021
SOFA,-123.3,-125,123.3,-125,123.3,125,-123.3,125,142.01443481445318,-229.85023803710934,142.01443481445307,-476.45023803710933,392.01443481445307,-476.45023803710944,392.0144348144532,-229.85023803710942
STORAGE_FURNITURE,-75,-22.55,75,-22.55,75,22.55,-75,22.55,448.9630554199219,-481.960205078125,448.96305541992183,-331.960205078125,403.86305541992186,-331.960205078125,403.8630554199219,-481.960205078125
STORAGE_FURNITURE,-90,-24.1,90,-24.1,90,24.1,-90,24.1,290.76470947265625,-85.98021545410155,110.76470947265625,-85.98021545410157,110.76470947265625,-134.18021545410159,290.76470947265625,-134.18021545410156
STORAGE_FURNITURE,-55,-21.75,55,-21.75,55,21.75,-55,21.75,-8.007232666015625,-481.9602355957031,101.99276733398438,-481.9602355957031,101.99276733398438,-438.4602355957031,-8.007232666015625,-438.4602355957031
