in_product_family,in_bounding_box_x1,in_bounding_box_y1,in_bounding_box_x2,in_bounding_box_y2,in_bounding_box_x3,in_bounding_box_y3,in_bounding_box_x4,in_bounding_box_y4,out_bounding_box_x1,out_bounding_box_y1,out_bounding_box_x2,out_bounding_box_y2,out_bounding_box_x3,out_bounding_box_y3,out_bounding_box_x4,out_bounding_box_y4
ROOM,457.13104,-270.54398,1208.84451,-270.54398,1208.84451,571.06563,457.13104,571.06563,457.13104,-270.54398,1208.84451,-270.54398,1208.84451,571.06563,457.13104,571.06563
STORAGE_FURNITURE,-90,-22.5,90,-22.5,90,22.5,-90,22.5,952.0491943359375,259.5520324707031,952.0491943359375,439.5520324707031,907.0491943359375,439.5520324707031,907.0491943359375,259.5520324707031
SOFA,-121.65,-78.15,121.65,-78.15,121.65,78.15,-121.65,78.15,620.6730590820313,474.8490661621094,620.6730590820312,231.5490661621094,776.9730590820312,231.54906616210934,776.9730590820313,474.84906616210935
STORAGE_FURNITURE,-73.5,-19.9,73.5,-19.9,73.5,19.9,-73.5,19.9,756.9939575195312,571.0655883789062,609.9939575195312,571.0655883789062,609.9939575195312,531.2655883789063,756.9939575195312,531.2655883789063
TABLE,-70,-45,70,-45,70,45,-70,45,817.0692749023438,-195.57263946533203,817.0692749023438,-55.572639465332045,727.0692749023438,-55.57263946533202,727.0692749023438,-195.57263946533203
SEATING,-29,-28,29,-28,29,28,-29,28,609.1511840820312,-83.28184509277344,551.1511840820312,-83.28184509277344,551.1511840820312,-139.28184509277344,609.1511840820312,-139.28184509277344
SEATING,-29,-28,29,-28,29,28,-29,28,702.9520263671875,-151.27803802490234,702.9520263671875,-93.27803802490233,646.9520263671875,-93.27803802490236,646.9520263671875,-151.27803802490234
