in_product_family,in_bounding_box_x1,in_bounding_box_y1,in_bounding_box_x2,in_bounding_box_y2,in_bounding_box_x3,in_bounding_box_y3,in_bounding_box_x4,in_bounding_box_y4,out_bounding_box_x1,out_bounding_box_y1,out_bounding_box_x2,out_bounding_box_y2,out_bounding_box_x3,out_bounding_box_y3,out_bounding_box_x4,out_bounding_box_y4
ROOM,-513.82996,-329.0398,341.47101,-329.0398,341.47101,213.70346,-513.82996,213.70346,-513.82996,-329.0398,341.47101,-329.0398,341.47101,213.70346,-513.82996,213.70346
SOFA,-100,-51,100,-51,100,51,-100,51,-53.49891185760501,85.23246669769286,-53.49891185760495,-114.76753330230714,48.50108814239505,-114.76753330230711,48.50108814239499,85.23246669769289
TABLE,-80.85,-41.25,80.85,-41.25,80.85,41.25,-80.85,41.25,-312.714501953125,-62.38304328918457,-151.014501953125,-62.38304328918457,-151.014501953125,20.11695671081543,-312.714501953125,20.11695671081543
