in_product_family,in_bounding_box_x1,in_bounding_box_y1,in_bounding_box_x2,in_bounding_box_y2,in_bounding_box_x3,in_bounding_box_y3,in_bounding_box_x4,in_bounding_box_y4,out_bounding_box_x1,out_bounding_box_y1,out_bounding_box_x2,out_bounding_box_y2,out_bounding_box_x3,out_bounding_box_y3,out_bounding_box_x4,out_bounding_box_y4
ROOM,-163.12899,148.54418,526.73765,148.54418,526.73765,1271.95318,-163.12899,1271.95318,-163.12899,148.54418,526.73765,148.54418,526.73765,1271.95318,-163.12899,1271.95318
RADIATOR,-29.45,-7.5,29.45,-7.5,29.45,7.5,-29.45,7.5,246.77827749371124,966.0842766906047,247.45057442529205,907.1881136845498,262.44959726214813,907.3593268250203,261.7773003305673,966.2554898310752
SOFA,-100,-51,100,-51,100,51,-100,51,162.92984771728516,700.9132080078125,-37.070152282714844,700.9132080078125,-37.070152282714844,598.9132080078125,162.92984771728516,598.9132080078125
SEATING,-37.5,-39.8,37.5,-39.8,37.5,39.8,-37.5,39.8,-74.67296408622033,610.8375678290067,-104.64143556197119,542.0851808347568,-31.672235498740605,510.27864310849327,-1.7037640229897448,579.0310301027432
TABLE,-55,-37.5,55,-37.5,55,37.5,-55,37.5,100.18672837798084,443.46242805964056,96.97478092483907,553.4155243942062,22.00676069672619,551.2255602216095,25.218708149867965,441.2724638870439
STORAGE_FURNITURE,-50.6,-15.65,50.6,-15.65,50.6,15.65,-50.6,15.65,317.7285322461929,669.7044777943663,315.78523996454163,770.8858180459566,284.49101121083834,770.2847800181337,286.4343034924896,669.1034397665434
SEATING,-37.5,-39.8,37.5,-39.8,37.5,39.8,-37.5,39.8,209.01566307714847,396.3123355064581,241.50258827170043,463.9111497815886,169.75771338769528,498.39060638807314,137.27078819314332,430.79179211294263
SEATING,-37.5,-39.8,37.5,-39.8,37.5,39.8,-37.5,39.8,242.94693661847242,542.6730770870931,217.84574940482307,613.3478986324309,142.83620547137133,586.7071719363444,167.93739268502068,516.0323503910066
SEATING,-37.5,-39.8,37.5,-39.8,37.5,39.8,-37.5,39.8,-93.36028861673148,467.6936223283697,-73.82442552861619,395.28264212921476,3.0277614560869495,416.0167048200678,-16.508101632028346,488.42768501922274
