in_product_family,in_bounding_box_x1,in_bounding_box_y1,in_bounding_box_x2,in_bounding_box_y2,in_bounding_box_x3,in_bounding_box_y3,in_bounding_box_x4,in_bounding_box_y4,out_bounding_box_x1,out_bounding_box_y1,out_bounding_box_x2,out_bounding_box_y2,out_bounding_box_x3,out_bounding_box_y3,out_bounding_box_x4,out_bounding_box_y4
ROOM,169.91647,-96.75996,536.9521,-96.75996,536.9521,191.24004,169.91647,191.24004,169.91647,-96.75996,536.9521,-96.75996,536.9521,191.24004,169.91647,191.24004
SOFA,-112,-49.75,112,-49.75,112,49.75,-112,49.75,169.92260742187506,127.24793434143068,169.92260742187494,-96.75206565856932,269.42260742187494,-96.75206565856935,269.42260742187506,127.24793434143065
TABLE,-55,-37.5,55,-37.5,55,37.5,-55,37.5,406.6593017578125,-45.02726364135743,406.6593017578125,64.97273635864258,331.6593017578125,64.97273635864258,331.6593017578125,-45.027263641357415
STORAGE_FURNITURE,-80,-20,80,-20,80,20,-80,20,536.9420776367188,-96.7598361968994,536.9420776367188,63.2401638031006,496.9420776367187,63.24016380310057,496.9420776367188,-96.75983619689943
