in_product_family,in_bounding_box_x1,in_bounding_box_y1,in_bounding_box_x2,in_bounding_box_y2,in_bounding_box_x3,in_bounding_box_y3,in_bounding_box_x4,in_bounding_box_y4,out_bounding_box_x1,out_bounding_box_y1,out_bounding_box_x2,out_bounding_box_y2,out_bounding_box_x3,out_bounding_box_y3,out_bounding_box_x4,out_bounding_box_y4
ROOM,-572.67685,388.16227,195,388.16227,195,904.54448,-572.67685,904.54448,-572.67685,388.16227,195,388.16227,195,904.54448,-572.67685,904.54448
SOFA,-121.85,-46.9,121.85,-46.9,121.85,46.9,-121.85,46.9,-224.0373550415039,583.9242797851563,19.662644958496088,583.9242797851563,19.662644958496088,677.7242797851562,-224.0373550415039,677.7242797851562
STORAGE_FURNITURE,-70,-20,70,-20,70,20,-70,20,194.9900054931641,709.8589477539062,194.99000549316403,849.8589477539062,154.99000549316403,849.8589477539062,154.9900054931641,709.8589477539062
