in_product_family,in_bounding_box_x1,in_bounding_box_y1,in_bounding_box_x2,in_bounding_box_y2,in_bounding_box_x3,in_bounding_box_y3,in_bounding_box_x4,in_bounding_box_y4,out_bounding_box_x1,out_bounding_box_y1,out_bounding_box_x2,out_bounding_box_y2,out_bounding_box_x3,out_bounding_box_y3,out_bounding_box_x4,out_bounding_box_y4
ROOM,483.06637,-1053.6301,1518.76135,-1053.6301,1518.76135,472.25242,483.06637,472.25242,483.06637,-1053.6301,1518.76135,-1053.6301,1518.76135,472.25242,483.06637,472.25242
TABLE,-70,-35,70,-35,70,35,-70,35,724.4929809570312,-767.0860595703125,724.4929809570312,-627.0860595703125,654.4929809570312,-627.0860595703125,654.4929809570312,-767.0860595703125
TABLE,-70,-35,70,-35,70,35,-70,35,724.4929809570312,-906.8074951171875,724.4929809570312,-766.8074951171875,654.4929809570312,-766.8074951171875,654.4929809570312,-906.8074951171875
SEATING,-18.15,-18.15,18.15,-18.15,18.15,18.15,-18.15,18.15,724.5030151367188,-692.4458984375,760.8030151367187,-692.4458984375,760.8030151367187,-656.1458984375,724.5030151367188,-656.1458984375
SEATING,-18.15,-18.15,18.15,-18.15,18.15,18.15,-18.15,18.15,724.5030151367188,-752.4125732421875,760.8030151367187,-752.4125732421875,760.8030151367187,-716.1125732421875,724.5030151367188,-716.1125732421875
SEATING,-18.15,-18.15,18.15,-18.15,18.15,18.15,-18.15,18.15,724.5029541015625,-892.3069213867187,760.8029541015625,-892.3069213867187,760.8029541015625,-856.0069213867188,724.5029541015625,-856.0069213867188
