in_product_family,in_bounding_box_x1,in_bounding_box_y1,in_bounding_box_x2,in_bounding_box_y2,in_bounding_box_x3,in_bounding_box_y3,in_bounding_box_x4,in_bounding_box_y4,out_bounding_box_x1,out_bounding_box_y1,out_bounding_box_x2,out_bounding_box_y2,out_bounding_box_x3,out_bounding_box_y3,out_bounding_box_x4,out_bounding_box_y4
ROOM,-195.01,36.5125,362.86779,36.5125,362.86779,304.98183,-195.01,304.98183,-195.01,36.5125,362.86779,36.5125,362.86779,304.98183,-195.01,304.98183
STORAGE_FURNITURE,-73.5,-17.5,73.5,-17.5,73.5,17.5,-73.5,17.5,332.9673156738281,58.90303802490233,185.96731567382812,58.90303802490236,185.96731567382812,23.903038024902354,332.9673156738281,23.903038024902333
TABLE,-87.5,-45,87.5,-45,87.5,45,-87.5,45,64.93572998046875,134.8837890625,239.93572998046875,134.8837890625,239.93572998046875,224.8837890625,64.93572998046875,224.8837890625
SEATING,-23.9,-25.95,23.9,-25.95,23.9,25.95,-23.9,25.95,13.025730895996105,209.28433837890626,13.025730895996084,161.48433837890627,64.92573089599608,161.48433837890624,64.92573089599611,209.28433837890623
SEATING,-23.9,-25.95,23.9,-25.95,23.9,25.95,-23.9,25.95,291.8054595788539,159.0021443029102,293.687651146476,206.76507297047385,241.8279022375523,208.80870774787104,239.94571066993024,161.0457790803074
