in_product_family,in_bounding_box_x1,in_bounding_box_y1,in_bounding_box_x2,in_bounding_box_y2,in_bounding_box_x3,in_bounding_box_y3,in_bounding_box_x4,in_bounding_box_y4,out_bounding_box_x1,out_bounding_box_y1,out_bounding_box_x2,out_bounding_box_y2,out_bounding_box_x3,out_bounding_box_y3,out_bounding_box_x4,out_bounding_box_y4
ROOM,729.13642,-953.35311,1912.01724,-953.35311,1912.01724,-253.35311,729.13642,-253.35311,729.13642,-953.35311,1912.01724,-953.35311,1912.01724,-253.35311,729.13642,-253.35311
TABLE,-105,-37.5,105,-37.5,105,37.5,-105,37.5,1637.083984375,-738.356201171875,1847.083984375,-738.356201171875,1847.083984375,-663.356201171875,1637.083984375,-663.356201171875
SEATING,-53.5,-20,53.5,-20,53.5,20,-53.5,20,729.1464233398438,-813.230712890625,729.1464233398438,-920.230712890625,769.1464233398438,-920.230712890625,769.1464233398438,-813.230712890625
SEATING,-53.5,-20,53.5,-20,53.5,20,-53.5,20,729.136474609375,-706.2207641601562,729.136474609375,-813.2207641601562,769.136474609375,-813.2207641601562,769.136474609375,-706.2207641601562
TABLE,-90,-45,90,-45,90,45,-90,45,890.2413940429688,-894.3104248046875,890.2413940429688,-714.3104248046875,800.2413940429688,-714.3104248046875,800.2413940429688,-894.3104248046875
SOFA,-112.3,-50,112.3,-50,112.3,50,-112.3,50,1096.069775390625,-253.36309814453125,871.469775390625,-253.36309814453125,871.469775390625,-353.36309814453125,1096.069775390625,-353.36309814453125
SOFA,-112.3,-50,112.3,-50,112.3,50,-112.3,50,1276.2618408203125,-477.9631164550781,1276.2618408203125,-253.3631164550781,1176.2618408203125,-253.36311645507814,1176.2618408203125,-477.96311645507814
