in_product_family,in_bounding_box_x1,in_bounding_box_y1,in_bounding_box_x2,in_bounding_box_y2,in_bounding_box_x3,in_bounding_box_y3,in_bounding_box_x4,in_bounding_box_y4,out_bounding_box_x1,out_bounding_box_y1,out_bounding_box_x2,out_bounding_box_y2,out_bounding_box_x3,out_bounding_box_y3,out_bounding_box_x4,out_bounding_box_y4
ROOM,-687.87879,-392.20988,-378.21404,-392.20988,-378.21404,134.94763,-687.87879,134.94763,-687.87879,-392.20988,-378.21404,-392.20988,-378.21404,134.94763,-687.87879,134.94763
SOFA,-110.5,-45.5,110.5,-45.5,110.5,45.5,-110.5,45.5,-687.8787841796875,-171.19989013671875,-687.8787841796875,-392.19989013671875,-596.8787841796875,-392.19989013671875,-596.8787841796875,-171.19989013671875
LIGHTING,-30,-9.05,30,-9.05,30,9.05,-30,9.05,-516.320157475509,-280.3853786700936,-509.34643654704354,-220.79202991025392,-527.3237634229286,-218.68829076350016,-534.2974843513939,-278.28163952333983
TABLE,-87.5,-45,87.5,-45,87.5,45,-87.5,45,-488.9692936789262,-147.08130052087057,-483.6097885841334,27.836610812242753,-573.5675715554488,30.592927718136195,-578.9270766502416,-144.32498361497713
DECORATION,-22.5,-22.5,22.5,-22.5,22.5,22.5,-22.5,22.5,-622.3680032337044,-316.32440613094366,-667.3679461639782,-316.2527383411263,-667.4396139537956,-361.2526812714001,-622.4396710235218,-361.32434906121745
