in_product_family,in_bounding_box_x1,in_bounding_box_y1,in_bounding_box_x2,in_bounding_box_y2,in_bounding_box_x3,in_bounding_box_y3,in_bounding_box_x4,in_bounding_box_y4,out_bounding_box_x1,out_bounding_box_y1,out_bounding_box_x2,out_bounding_box_y2,out_bounding_box_x3,out_bounding_box_y3,out_bounding_box_x4,out_bounding_box_y4
ROOM,-418.00386,-267.97139,177.83203,-267.97139,177.83203,403.23444,-418.00386,403.23444,-418.00386,-267.97139,177.83203,-267.97139,177.83203,403.23444,-418.00386,403.23444
DECORATION,-100.3,-7.05,100.3,-7.05,100.3,7.05,-100.3,7.05,-412.5868009091103,20.0427677071104,-412.6276619145431,-180.55722813131985,-398.52766220705627,-180.56010021594898,-398.48680120162345,20.039895622481268
DECORATION,-100.3,-7.05,100.3,-7.05,100.3,7.05,-100.3,7.05,-412.5888718927936,403.22479172018853,-412.6297328982264,202.62479588175825,-398.52973319073953,202.6219237971291,-398.4888721853067,403.2219196355594
RADIATOR,-54.95,-5.5,54.95,-5.5,54.95,5.5,-54.95,5.5,-417.95111204943623,171.1254537127325,-417.9938609926357,61.22546202698281,-406.99386182481726,61.22118324285911,-406.9511128816178,171.1211749286088
DECORATION,-24.95,-1.05,24.95,-1.05,24.95,1.05,-24.95,1.05,-321.8508792029948,401.1244517118231,-271.9508792029948,401.1244517118231,-271.9508792029948,403.2244517118231,-321.8508792029948,403.2244517118231
