in_product_family,in_bounding_box_x1,in_bounding_box_y1,in_bounding_box_x2,in_bounding_box_y2,in_bounding_box_x3,in_bounding_box_y3,in_bounding_box_x4,in_bounding_box_y4,out_bounding_box_x1,out_bounding_box_y1,out_bounding_box_x2,out_bounding_box_y2,out_bounding_box_x3,out_bounding_box_y3,out_bounding_box_x4,out_bounding_box_y4
ROOM,-329.74138,-795.78358,325.78283,-795.78358,325.78283,-575.78358,-329.74138,-575.78358,-329.74138,-795.78358,325.78283,-795.78358,325.78283,-575.78358,-329.74138,-575.78358
TABLE,-50,-50,50,-50,50,50,-50,50,-54.20212173461914,-775.6036376953125,45.79787826538086,-775.6036376953125,45.79787826538086,-675.6036376953125,-54.20212173461914,-675.6036376953125
STORAGE_FURNITURE,-90,-25,90,-25,90,25,-90,25,92.2868230342865,-575.7935791015625,-87.7131769657135,-575.7935791015625,-87.7131769657135,-625.7935791015625,92.2868230342865,-625.7935791015625
