in_product_family,in_bounding_box_x1,in_bounding_box_y1,in_bounding_box_x2,in_bounding_box_y2,in_bounding_box_x3,in_bounding_box_y3,in_bounding_box_x4,in_bounding_box_y4,out_bounding_box_x1,out_bounding_box_y1,out_bounding_box_x2,out_bounding_box_y2,out_bounding_box_x3,out_bounding_box_y3,out_bounding_box_x4,out_bounding_box_y4
ROOM,-64.25515,-139.06608,384.55384,-139.06608,384.55384,555.829,-64.25515,555.829,-64.25515,-139.06608,384.55384,-139.06608,384.55384,555.829,-64.25515,555.829
RADIATOR,-33.5,-2.5,33.5,-2.5,33.5,2.5,-33.5,2.5,331.9423522949219,555.8190307617188,264.9423522949219,555.8190307617188,264.9423522949219,550.8190307617188,331.9423522949219,550.8190307617188
RADIATOR,-33.5,-2.5,33.5,-2.5,33.5,2.5,-33.5,2.5,45.94587326049806,80.76997756958008,45.94587326049803,13.769977569580078,50.94587326049803,13.769977569580078,50.94587326049806,80.76997756958008
TABLE,-80,-30.1,80,-30.1,80,30.1,-80,30.1,384.54384765625,362.67266845703125,384.54384765624997,522.6726684570312,324.34384765625,522.6726684570312,324.34384765625003,362.67266845703125
SEATING,-32.65,-33.3,32.65,-33.3,32.65,33.3,-32.65,33.3,257.7338439941406,466.3667358398437,257.7338439941406,401.0667358398438,324.33384399414064,401.0667358398438,324.33384399414064,466.3667358398437
STORAGE_FURNITURE,-50,-17.5,50,-17.5,50,17.5,-50,17.5,45.94587326049806,195.489990234375,45.94587326049803,95.489990234375,80.94587326049803,95.489990234375,80.94587326049806,195.489990234375
STORAGE_FURNITURE,-60,-11.25,60,-11.25,60,11.25,-60,11.25,264.5438537597656,246.97320556640625,384.5438537597656,246.97320556640625,384.5438537597656,269.47320556640625,264.5438537597656,269.47320556640625
TABLE,-40.5,-35.5,40.5,-35.5,40.5,35.5,-40.5,35.5,-64.24514389038086,-79.07144165039062,16.75485610961914,-79.07144165039062,16.75485610961914,-8.071441650390625,-64.24514389038086,-8.071441650390625
