in_product_family,in_bounding_box_x1,in_bounding_box_y1,in_bounding_box_x2,in_bounding_box_y2,in_bounding_box_x3,in_bounding_box_y3,in_bounding_box_x4,in_bounding_box_y4,out_bounding_box_x1,out_bounding_box_y1,out_bounding_box_x2,out_bounding_box_y2,out_bounding_box_x3,out_bounding_box_y3,out_bounding_box_x4,out_bounding_box_y4
ROOM,113.77902,-205.7907,410.56412,-205.7907,410.56412,196.5787,113.77902,196.5787,113.77902,-205.7907,410.56412,-205.7907,410.56412,196.5787,113.77902,196.5787
SOFA,-71.8,-28.55,71.8,-28.55,71.8,28.55,-71.8,28.55,113.78901977539063,-205.7906463623047,257.38901977539064,-205.7906463623047,257.38901977539064,-148.69064636230468,113.78901977539063,-148.69064636230468
STORAGE_FURNITURE,-60,-20,60,-20,60,20,-60,20,233.78850937444088,-10.802724976736975,113.78850944754905,-10.79853618654844,113.78711318415287,-50.79853616217904,233.7871131110447,-50.802724952367576
TABLE,-65.15,-30,65.15,-30,65.15,30,-65.15,30,408.5024108886719,-27.98551025390624,408.5024108886719,102.31448974609377,348.5024108886719,102.31448974609374,348.5024108886719,-27.98551025390627
