in_product_family,in_bounding_box_x1,in_bounding_box_y1,in_bounding_box_x2,in_bounding_box_y2,in_bounding_box_x3,in_bounding_box_y3,in_bounding_box_x4,in_bounding_box_y4,out_bounding_box_x1,out_bounding_box_y1,out_bounding_box_x2,out_bounding_box_y2,out_bounding_box_x3,out_bounding_box_y3,out_bounding_box_x4,out_bounding_box_y4
ROOM,-369.79766,1849.97423,196.81352,1849.97423,196.81352,2095.48449,-369.79766,2095.48449,-369.79766,1849.97423,196.81352,1849.97423,196.81352,2095.48449,-369.79766,2095.48449
SOFA,-130.3,-83.7,130.3,-83.7,130.3,83.7,-130.3,83.7,-369.44285278320314,1831.1629150390625,-108.84285278320311,1831.1629150390625,-108.84285278320311,1998.5629150390625,-369.44285278320314,1998.5629150390625
TABLE,-70,-45.5,70,-45.5,70,45.5,-70,45.5,56.679077148437514,2131.45751953125,56.679077148437486,1991.45751953125,147.6790771484375,1991.45751953125,147.6790771484375,2131.45751953125
SEATING,-40.5,-32.65,40.5,-32.65,40.5,32.65,-40.5,32.65,105.29156202805412,2114.5661857300183,46.089811487632666,2059.2837044818893,90.65704637038338,2011.556861144982,149.85879691080484,2066.8393423931107
STORAGE_FURNITURE,-71,-19,71,-19,71,19,-71,19,40.74184608459473,2111.4541015625,-101.25815391540527,2111.4541015625,-101.25815391540527,2073.4541015625,40.74184608459473,2073.4541015625
TABLE,-49.95,-22.35,49.95,-22.35,49.95,22.35,-49.95,22.35,-323.63231201171874,1956.062353515625,-223.73231201171876,1956.062353515625,-223.73231201171876,2000.762353515625,-323.63231201171874,2000.762353515625
