in_product_family,in_bounding_box_x1,in_bounding_box_y1,in_bounding_box_x2,in_bounding_box_y2,in_bounding_box_x3,in_bounding_box_y3,in_bounding_box_x4,in_bounding_box_y4,out_bounding_box_x1,out_bounding_box_y1,out_bounding_box_x2,out_bounding_box_y2,out_bounding_box_x3,out_bounding_box_y3,out_bounding_box_x4,out_bounding_box_y4
ROOM,25.3029,-520.56052,1301.90873,-520.56052,1301.90873,222.33454,25.3029,222.33454,25.3029,-520.56052,1301.90873,-520.56052,1301.90873,222.33454,25.3029,222.33454
STORAGE_FURNITURE,-55,-21.75,55,-21.75,55,21.75,-55,21.75,1298.979247745997,-520.912719845546,1298.979248347753,-410.91271984554606,1255.479248347753,-410.91271960757894,1255.479247745997,-520.912719607579
STORAGE_FURNITURE,-55,-21.75,55,-21.75,55,21.75,-55,21.75,1304.0228268475596,-289.8689118621476,1304.0228274493154,-179.86891186214763,1260.5228274493154,-179.8689116241805,1260.5228268475596,-289.8689116241805
SEATING,-56.4,-17.5,56.4,-17.5,56.4,17.5,-56.4,17.5,1268.8074951171875,-296.53850708007815,1268.8074951171875,-409.3385070800781,1303.8074951171875,-409.3385070800781,1303.8074951171875,-296.53850708007815
STORAGE_FURNITURE,-94.55,-23.9,94.55,-23.9,94.55,23.9,-94.55,23.9,918.0364501953125,221.85199584960935,728.9364501953125,221.85199584960938,728.9364501953125,174.0519958496094,918.0364501953125,174.05199584960937
SOFA,-163.65,-78.8,163.65,-78.8,163.65,78.8,-163.65,78.8,344.55753784179683,-327.14755859375003,344.55753784179694,0.15244140624997726,186.95753784179692,0.1524414062500341,186.95753784179684,-327.14755859375
