in_product_family,in_bounding_box_x1,in_bounding_box_y1,in_bounding_box_x2,in_bounding_box_y2,in_bounding_box_x3,in_bounding_box_y3,in_bounding_box_x4,in_bounding_box_y4,out_bounding_box_x1,out_bounding_box_y1,out_bounding_box_x2,out_bounding_box_y2,out_bounding_box_x3,out_bounding_box_y3,out_bounding_box_x4,out_bounding_box_y4
ROOM,473.38556,-76.01696,1865.79577,-76.01696,1865.79577,281.4544,473.38556,281.4544,473.38556,-76.01696,1865.79577,-76.01696,1865.79577,281.4544,473.38556,281.4544
SOFA,-123.3,-125,123.3,-125,123.3,125,-123.3,125,1575.1716796875,-78.58388900756836,1821.7716796875,-78.58388900756836,1821.7716796875,171.41611099243164,1575.1716796875,171.41611099243164
SEATING,-35,-32.5,35,-32.5,35,32.5,-35,32.5,1398.2049267608115,16.697175528104523,1446.9634908850894,-33.528340144098266,1493.6014697235635,11.747469399873992,1444.8429055992856,61.97298507207678
SEATING,-35,-32.5,35,-32.5,35,32.5,-35,32.5,1384.54443359375,185.86695861816406,1384.54443359375,115.86695861816406,1449.54443359375,115.86695861816406,1449.54443359375,185.86695861816406
STORAGE_FURNITURE,-90,-23.05,90,-23.05,90,23.05,-90,23.05,1553.2578125,235.3444091796875,1733.2578125,235.3444091796875,1733.2578125,281.4444091796875,1553.2578125,281.4444091796875
STORAGE_FURNITURE,-111,-31.9,111,-31.9,111,31.9,-111,31.9,1119.6753904012546,40.24510186440932,1119.6753908487453,262.2451018644093,1055.8753908487454,262.24510199301255,1055.8753904012547,40.245101993012554
SEATING,-50,-25,50,-25,50,25,-50,25,814.2946166992188,223.82289123535156,814.2946166992188,123.82289123535156,864.2946166992188,123.82289123535156,864.2946166992188,223.82289123535156
SEATING,-49.4,-58.9,49.4,-58.9,49.4,58.9,-49.4,58.9,922.1144653320313,-25.479795837402342,1020.9144653320312,-25.479795837402342,1020.9144653320312,92.32020416259766,922.1144653320313,92.32020416259766
