in_product_family,in_bounding_box_x1,in_bounding_box_y1,in_bounding_box_x2,in_bounding_box_y2,in_bounding_box_x3,in_bounding_box_y3,in_bounding_box_x4,in_bounding_box_y4,out_bounding_box_x1,out_bounding_box_y1,out_bounding_box_x2,out_bounding_box_y2,out_bounding_box_x3,out_bounding_box_y3,out_bounding_box_x4,out_bounding_box_y4
ROOM,-386.70708,-940.47504,-12.02135,-940.47504,-12.02135,-512.15,-386.70708,-512.15,-386.70708,-940.47504,-12.02135,-940.47504,-12.02135,-512.15,-386.70708,-512.15
SOFA,-105,-45,105,-45,105,45,-105,45,-111.29798889160159,-801.4942016601562,-111.29798889160153,-591.4942016601562,-201.29798889160153,-591.4942016601562,-201.2979888916016,-801.4942016601562
STORAGE_FURNITURE,-80,-20,80,-20,80,20,-80,20,-386.6970825195312,-623.6572875976562,-386.6970825195313,-783.6572875976562,-346.6970825195313,-783.6572875976562,-346.6970825195312,-623.6572875976562
TABLE,-29.75,-29.9,29.75,-29.9,29.75,29.9,-29.75,29.9,-299.8614501953125,-760.6178344726562,-240.3614501953125,-760.6178344726562,-240.3614501953125,-700.8178344726563,-299.8614501953125,-700.8178344726563
TABLE,-29.75,-29.9,29.75,-29.9,29.75,29.9,-29.75,29.9,-299.8614501953125,-700.8178344726563,-240.3614501953125,-700.8178344726563,-240.3614501953125,-641.0178344726563,-299.8614501953125,-641.0178344726563
SEATING,-36.5,-40.5,36.5,-40.5,36.5,40.5,-36.5,40.5,-250.99475973144638,-936.5617010538056,-186.72874766527903,-901.936858915375,-225.14809305175675,-830.6279962118194,-289.4141051179241,-865.25283835025
DECORATION,-30.15,-28.95,30.15,-28.95,30.15,28.95,-30.15,28.95,-183.85620727539063,-918.9119750976563,-123.55620727539062,-918.9119750976563,-123.55620727539062,-861.0119750976562,-183.85620727539063,-861.0119750976562
