in_product_family,in_bounding_box_x1,in_bounding_box_y1,in_bounding_box_x2,in_bounding_box_y2,in_bounding_box_x3,in_bounding_box_y3,in_bounding_box_x4,in_bounding_box_y4,out_bounding_box_x1,out_bounding_box_y1,out_bounding_box_x2,out_bounding_box_y2,out_bounding_box_x3,out_bounding_box_y3,out_bounding_box_x4,out_bounding_box_y4
ROOM,-552.94751,-769.10594,462.82686,-769.10594,462.82686,-401.04559,-552.94751,-401.04559,-552.94751,-769.10594,462.82686,-769.10594,462.82686,-401.04559,-552.94751,-401.04559
TABLE,-100,-50,100,-50,100,50,-100,50,-390.1413269042969,-611.160400390625,-190.14132690429688,-611.160400390625,-190.14132690429688,-511.160400390625,-390.1413269042969,-511.160400390625
SEATING,-29,-28.5,29,-28.5,29,28.5,-29,28.5,-317.08063609818026,-452.82557535788374,-375.0171978850192,-455.53755034298143,-372.35198108931974,-512.4752058921163,-314.4154193024808,-509.76323090701857
SEATING,-29,-28.5,29,-28.5,29,28.5,-29,28.5,-256.48921946679957,-455.4552976317522,-314.43293797843984,-452.9007947361186,-316.94339772070043,-509.8454836182478,-258.99967920906016,-512.3999865138813
SEATING,-29,-28.5,29,-28.5,29,28.5,-29,28.5,-198.3549421230496,-453.7421628661272,-256.29866063468984,-451.1876599704936,-258.80912037695043,-508.1323488526228,-200.8654018653102,-510.6868517482564
SEATING,-29,-28.5,29,-28.5,29,28.5,-29,28.5,-257.8547668457031,-669.4199829101562,-199.85476684570312,-669.4199829101562,-199.85476684570312,-612.4199829101562,-257.8547668457031,-612.4199829101562
SEATING,-29,-28.5,29,-28.5,29,28.5,-29,28.5,-315.86474609375,-669.4199829101562,-257.86474609375,-669.4199829101562,-257.86474609375,-612.4199829101562,-315.86474609375,-612.4199829101562
SEATING,-29,-28.5,29,-28.5,29,28.5,-29,28.5,-373.8747253417969,-669.4199829101562,-315.8747253417969,-669.4199829101562,-315.8747253417969,-612.4199829101562,-373.8747253417969,-612.4199829101562
