in_product_family,in_bounding_box_x1,in_bounding_box_y1,in_bounding_box_x2,in_bounding_box_y2,in_bounding_box_x3,in_bounding_box_y3,in_bounding_box_x4,in_bounding_box_y4,out_bounding_box_x1,out_bounding_box_y1,out_bounding_box_x2,out_bounding_box_y2,out_bounding_box_x3,out_bounding_box_y3,out_bounding_box_x4,out_bounding_box_y4
ROOM,-387.09124,-188.13342,620.87657,-188.13342,620.87657,585.49387,-387.09124,585.49387,-387.09124,-188.13342,620.87657,-188.13342,620.87657,585.49387,-387.09124,585.49387
TABLE,-90,-45,90,-45,90,45,-90,45,-60.381765365600614,122.54807281494139,-60.38176536560056,-57.45192718505861,29.618234634399442,-57.45192718505858,29.618234634399386,122.54807281494142
SOFA,-68.5,-52,68.5,-52,68.5,52,-68.5,52,-91.25660174072583,212.2758634932643,-206.94912542058398,285.65324396289856,-262.6516624194304,197.8282624832982,-146.95913873957227,124.45088201366394
SOFA,-68.5,-52,68.5,-52,68.5,52,-68.5,52,-187.6989222489537,-153.7142300465408,-109.97086475953137,-40.89867669098145,-195.6118687666713,18.10656403091579,-273.33992625609363,-94.70898932464354
STORAGE_FURNITURE,-90,-20,90,-20,90,20,-90,20,-387.0812377929687,161.11993408203125,-387.0812377929688,-18.880065917968736,-347.0812377929688,-18.880065917968764,-347.0812377929687,161.11993408203125
