in_product_family,in_bounding_box_x1,in_bounding_box_y1,in_bounding_box_x2,in_bounding_box_y2,in_bounding_box_x3,in_bounding_box_y3,in_bounding_box_x4,in_bounding_box_y4,out_bounding_box_x1,out_bounding_box_y1,out_bounding_box_x2,out_bounding_box_y2,out_bounding_box_x3,out_bounding_box_y3,out_bounding_box_x4,out_bounding_box_y4
ROOM,-490.97727,452.04315,109.71704,452.04315,109.71704,942.71432,-490.97727,942.71432,-490.97727,452.04315,109.71704,452.04315,109.71704,942.71432,-490.97727,942.71432
SOFA,-135.35,-81.25,135.35,-81.25,135.35,81.25,-135.35,81.25,-122.17466735839841,634.9108032226562,-122.17466735839847,905.6108032226563,-284.67466735839844,905.6108032226563,-284.67466735839844,634.9108032226562
