in_product_family,in_bounding_box_x1,in_bounding_box_y1,in_bounding_box_x2,in_bounding_box_y2,in_bounding_box_x3,in_bounding_box_y3,in_bounding_box_x4,in_bounding_box_y4,out_bounding_box_x1,out_bounding_box_y1,out_bounding_box_x2,out_bounding_box_y2,out_bounding_box_x3,out_bounding_box_y3,out_bounding_box_x4,out_bounding_box_y4
ROOM,18.3005,-1255.12795,465.51233,-1255.12795,465.51233,-867.13047,18.3005,-867.13047,18.3005,-1255.12795,465.51233,-1255.12795,465.51233,-867.13047,18.3005,-867.13047
STORAGE_FURNITURE,-75.25,-20.35,75.25,-20.35,75.25,20.35,-75.25,20.35,465.5023132324219,-1148.2855224609375,465.50231323242184,-997.7855224609375,424.80231323242185,-997.7855224609375,424.8023132324219,-1148.2855224609375
SOFA,-125.5,-81.75,125.5,-81.75,125.5,81.75,-125.5,81.75,18.30834197998051,-956.96728515625,18.308341979980426,-1207.96728515625,181.8083419799804,-1207.96728515625,181.80834197998053,-956.96728515625
VEGETATION,-17.5,-17.5,17.5,-17.5,17.5,17.5,-17.5,17.5,464.0523376464844,-947.7696533203125,464.0523376464844,-912.7696533203125,429.0523376464844,-912.7696533203125,429.0523376464844,-947.7696533203125
VEGETATION,-17.5,-17.5,17.5,-17.5,17.5,17.5,-17.5,17.5,464.0523376464844,-1233.5614013671875,464.0523376464844,-1198.5614013671875,429.0523376464844,-1198.5614013671875,429.0523376464844,-1233.5614013671875
LIGHTING,-18.05,-12.5,18.05,-12.5,18.05,12.5,-18.05,12.5,26.214778347189156,-879.552774311047,12.437635996349723,-912.9204285385275,35.54542978269366,-922.461385845203,49.322572133533086,-889.0937316177225
