in_product_family,in_bounding_box_x1,in_bounding_box_y1,in_bounding_box_x2,in_bounding_box_y2,in_bounding_box_x3,in_bounding_box_y3,in_bounding_box_x4,in_bounding_box_y4,out_bounding_box_x1,out_bounding_box_y1,out_bounding_box_x2,out_bounding_box_y2,out_bounding_box_x3,out_bounding_box_y3,out_bounding_box_x4,out_bounding_box_y4
ROOM,-1109.24387,49.51581,-121.20441,49.51581,-121.20441,745.95425,-1109.24387,745.95425,-1109.24387,49.51581,-121.20441,49.51581,-121.20441,745.95425,-1109.24387,745.95425
SOFA,-123.3,-125,123.3,-125,123.3,125,-123.3,125,-1063.095309244245,297.1928783611376,-820.4168991635511,253.3893479017499,-776.0094270838799,499.4136890216749,-1018.6878371645739,543.2172194810626
STORAGE_FURNITURE,-80,-20,80,-20,80,20,-80,20,-1034.2718022134409,700.5021773433803,-876.3079592600252,675.0576431682657,-869.9468257162465,714.5486039066197,-1027.9106686696623,739.9931380817343
TABLE,-100,-47.65,100,-47.65,100,47.65,-100,47.65,-607.9318241960269,454.05354554825254,-410.94414008721515,419.4724479738987,-394.4662470930356,513.3370794517475,-591.4539312018474,547.9181770261014
STORAGE_FURNITURE,-60,-11.25,60,-11.25,60,11.25,-60,11.25,-449.7176912768371,639.5329509495054,-567.7375626137689,661.2426255121068,-571.8081265942567,639.113899636432,-453.7882552573248,617.4042250738307
