in_product_family,in_bounding_box_x1,in_bounding_box_y1,in_bounding_box_x2,in_bounding_box_y2,in_bounding_box_x3,in_bounding_box_y3,in_bounding_box_x4,in_bounding_box_y4,out_bounding_box_x1,out_bounding_box_y1,out_bounding_box_x2,out_bounding_box_y2,out_bounding_box_x3,out_bounding_box_y3,out_bounding_box_x4,out_bounding_box_y4
ROOM,-2707.32368,-2711.67521,-1408.70619,-2711.67521,-1408.70619,-1552.75634,-2707.32368,-1552.75634,-2707.32368,-2711.67521,-1408.70619,-2711.67521,-1408.70619,-1552.75634,-2707.32368,-1552.75634
STORAGE_FURNITURE,-112.5,-25,112.5,-25,112.5,25,-112.5,25,-2653.0279470943983,-1962.235885204017,-2430.1140769225644,-1992.803948358474,-2423.3211739993517,-1943.267532764733,-2646.2350441711856,-1912.699469610276
STORAGE_FURNITURE,-112.5,-25,112.5,-25,112.5,25,-112.5,25,-2430.8619223479263,-1993.8984068251061,-2653.612560633157,-1962.1627306306063,-2660.6649331208237,-2011.6628724717689,-2437.914294835593,-2043.3985486662687
