in_product_family,in_bounding_box_x1,in_bounding_box_y1,in_bounding_box_x2,in_bounding_box_y2,in_bounding_box_x3,in_bounding_box_y3,in_bounding_box_x4,in_bounding_box_y4,out_bounding_box_x1,out_bounding_box_y1,out_bounding_box_x2,out_bounding_box_y2,out_bounding_box_x3,out_bounding_box_y3,out_bounding_box_x4,out_bounding_box_y4
ROOM,21.8567,18.23956,647.69929,18.23956,647.69929,1475.91204,21.8567,1475.91204,21.8567,18.23956,647.69929,18.23956,647.69929,1475.91204,21.8567,1475.91204
SOFA,-135.35,-81.25,135.35,-81.25,135.35,81.25,-135.35,81.25,515.8785034179688,851.2017211914062,245.17850341796876,851.2017211914062,245.17850341796876,688.7017211914062,515.8785034179688,688.7017211914062
SOFA,-135.35,-81.25,135.35,-81.25,135.35,81.25,-135.35,81.25,258.6726440429687,273.7490539550781,529.3726440429688,273.7490539550781,529.3726440429688,436.2490539550781,258.6726440429687,436.2490539550781
