in_product_family,in_bounding_box_x1,in_bounding_box_y1,in_bounding_box_x2,in_bounding_box_y2,in_bounding_box_x3,in_bounding_box_y3,in_bounding_box_x4,in_bounding_box_y4,out_bounding_box_x1,out_bounding_box_y1,out_bounding_box_x2,out_bounding_box_y2,out_bounding_box_x3,out_bounding_box_y3,out_bounding_box_x4,out_bounding_box_y4
ROOM,-115.52492,-299.45213,437.74844,-299.45213,437.74844,260.40492,-115.52492,260.40492,-115.52492,-299.45213,437.74844,-299.45213,437.74844,260.40492,-115.52492,260.40492
SOFA,-91,-45,91,-45,91,45,-91,45,-115.52490234374997,260.3949279785156,-115.52490234375003,78.39492797851564,-25.524902343750036,78.39492797851561,-25.524902343749964,260.3949279785156
STORAGE_FURNITURE,-45,-20,45,-20,45,20,-45,20,113.80374145507812,220.39491271972656,203.80374145507812,220.39491271972656,203.80374145507812,260.39491271972656,113.80374145507812,260.39491271972656
TABLE,-90,-45,90,-45,90,45,-90,45,221.84112548828128,36.436138153076186,221.84112548828122,-143.56386184692383,311.8411254882812,-143.56386184692383,311.8411254882813,36.43613815307616
