in_product_family,in_bounding_box_x1,in_bounding_box_y1,in_bounding_box_x2,in_bounding_box_y2,in_bounding_box_x3,in_bounding_box_y3,in_bounding_box_x4,in_bounding_box_y4,out_bounding_box_x1,out_bounding_box_y1,out_bounding_box_x2,out_bounding_box_y2,out_bounding_box_x3,out_bounding_box_y3,out_bounding_box_x4,out_bounding_box_y4
ROOM,162.49577,-804.06614,670,-804.06614,670,-324.2619,162.49577,-324.2619,162.49577,-804.06614,670,-804.06614,670,-324.2619,162.49577,-324.2619
SOFA,-109.85,-92.25,109.85,-92.25,109.85,92.25,-109.85,92.25,378.24321899414065,-374.6754150390625,158.54321899414066,-374.6754150390625,158.5432189941406,-559.1754150390625,378.2432189941406,-559.1754150390625
SOFA,-109.85,-92.25,109.85,-92.25,109.85,92.25,-109.85,92.25,158.5795349121094,-744.7716064453125,378.2795349121094,-744.7716064453125,378.27953491210934,-560.2716064453125,158.57953491210935,-560.2716064453125
STORAGE_FURNITURE,-90,-22.5,90,-22.5,90,22.5,-90,22.5,669.989990234375,-659.0513916015625,669.989990234375,-479.0513916015625,624.989990234375,-479.0513916015625,624.989990234375,-659.0513916015625
TABLE,-80,-45,80,-45,80,45,-80,45,468.28955078125,-632.2935791015625,468.28955078125,-472.2935791015625,378.28955078125,-472.2935791015625,378.28955078125,-632.2935791015625
