in_product_family,in_bounding_box_x1,in_bounding_box_y1,in_bounding_box_x2,in_bounding_box_y2,in_bounding_box_x3,in_bounding_box_y3,in_bounding_box_x4,in_bounding_box_y4,out_bounding_box_x1,out_bounding_box_y1,out_bounding_box_x2,out_bounding_box_y2,out_bounding_box_x3,out_bounding_box_y3,out_bounding_box_x4,out_bounding_box_y4
ROOM,-434,-171.5,420.27175,-171.5,420.27175,176.5,-434,176.5,-434,-171.5,420.27175,-171.5,420.27175,176.5,-434,176.5
RADIATOR,-33.5,-2.5,33.5,-2.5,33.5,2.5,-33.5,2.5,-433.989990234375,70.70402145385742,-433.989990234375,3.704021453857422,-428.989990234375,3.704021453857422,-428.989990234375,70.70402145385742
TABLE,-90,-45,90,-45,90,45,-90,45,96.09034729003906,-21.78502082824707,276.09034729003906,-21.78502082824707,276.09034729003906,68.21497917175293,96.09034729003906,68.21497917175293
SOFA,-93,-55,93,-55,93,55,-93,55,-340.23219299316406,-68.38851928710938,-154.23219299316406,-68.38851928710938,-154.23219299316406,41.611480712890625,-340.23219299316406,41.611480712890625
STORAGE_FURNITURE,-84.75,-20.95,84.75,-20.95,84.75,20.95,-84.75,20.95,108.05145263671875,170.96910400390627,-61.44854736328125,170.96910400390624,-61.44854736328125,129.06910400390623,108.05145263671875,129.06910400390626
