in_product_family,in_bounding_box_x1,in_bounding_box_y1,in_bounding_box_x2,in_bounding_box_y2,in_bounding_box_x3,in_bounding_box_y3,in_bounding_box_x4,in_bounding_box_y4,out_bounding_box_x1,out_bounding_box_y1,out_bounding_box_x2,out_bounding_box_y2,out_bounding_box_x3,out_bounding_box_y3,out_bounding_box_x4,out_bounding_box_y4
ROOM,-196.58638,-485.44,607.42,-485.44,607.42,203.01,-196.58638,203.01,-196.58638,-485.44,607.42,-485.44,607.42,203.01,-196.58638,203.01
TABLE,-85.1,-47,85.1,-47,85.1,47,-85.1,47,363.79522094726565,-252.07666015625,193.59522094726563,-252.07666015625,193.59522094726563,-346.07666015625,363.79522094726565,-346.07666015625
SOFA,-95,-49.5,95,-49.5,95,49.5,-95,49.5,358.5999755859375,27.644584655761705,358.5999755859375,-162.35541534423828,457.5999755859375,-162.35541534423828,457.5999755859375,27.644584655761733
STORAGE_FURNITURE,-48.5,-17.75,48.5,-17.75,48.5,17.75,-48.5,17.75,153.42572784423828,203.00180053710938,56.42572784423828,203.00180053710938,56.42572784423828,167.50180053710938,153.42572784423828,167.50180053710938
STORAGE_FURNITURE,-48.5,-17.75,48.5,-17.75,48.5,17.75,-48.5,17.75,406.5157165527344,203,309.5157165527344,203,309.5157165527344,167.5,406.5157165527344,167.5
