in_product_family,in_bounding_box_x1,in_bounding_box_y1,in_bounding_box_x2,in_bounding_box_y2,in_bounding_box_x3,in_bounding_box_y3,in_bounding_box_x4,in_bounding_box_y4,out_bounding_box_x1,out_bounding_box_y1,out_bounding_box_x2,out_bounding_box_y2,out_bounding_box_x3,out_bounding_box_y3,out_bounding_box_x4,out_bounding_box_y4
ROOM,-432.48802,-171.036,188.328,-171.036,188.328,115.108,-432.48802,115.108,-432.48802,-171.036,188.328,-171.036,188.328,115.108,-432.48802,115.108
STORAGE_FURNITURE,-38.4,-19.9,38.4,-19.9,38.4,19.9,-38.4,19.9,-165.84003295898438,-171.02599182128907,-89.04003295898437,-171.02599182128907,-89.04003295898437,-131.22599182128906,-165.84003295898438,-131.22599182128906
STORAGE_FURNITURE,-38.4,-19.9,38.4,-19.9,38.4,19.9,-38.4,19.9,-89.03003158569337,-171.02599182128907,-12.23003158569336,-171.02599182128907,-12.23003158569336,-131.22599182128906,-89.03003158569337,-131.22599182128906
STORAGE_FURNITURE,-38.4,-19.9,38.4,-19.9,38.4,19.9,-38.4,19.9,-12.220030212402342,-171.02599182128907,64.57996978759766,-171.02599182128907,64.57996978759766,-131.22599182128906,-12.220030212402342,-131.22599182128906
