in_product_family,in_bounding_box_x1,in_bounding_box_y1,in_bounding_box_x2,in_bounding_box_y2,in_bounding_box_x3,in_bounding_box_y3,in_bounding_box_x4,in_bounding_box_y4,out_bounding_box_x1,out_bounding_box_y1,out_bounding_box_x2,out_bounding_box_y2,out_bounding_box_x3,out_bounding_box_y3,out_bounding_box_x4,out_bounding_box_y4
ROOM,-83.60252,-779.25136,781.31028,-779.25136,781.31028,71.22779,-83.60252,71.22779,-83.60252,-779.25136,781.31028,-779.25136,781.31028,71.22779,-83.60252,71.22779
TABLE,-90,-45,90,-45,90,45,-90,45,495.02850341796875,-192.59036254882815,675.0285034179688,-192.5903625488281,675.0285034179688,-102.5903625488281,495.02850341796875,-102.59036254882815
SOFA,-83.5,-46.95,83.5,-46.95,83.5,46.95,-83.5,46.95,-39.67721176147461,-294.3822052001953,127.32278823852539,-294.3822052001953,127.32278823852539,-200.48220520019532,-39.67721176147461,-200.48220520019532
SOFA,-83.5,-46.95,83.5,-46.95,83.5,46.95,-83.5,46.95,335.78639526367186,-181.61087036132812,335.7863952636719,-14.61087036132814,241.8863952636719,-14.61087036132811,241.88639526367186,-181.61087036132812
