in_product_family,in_bounding_box_x1,in_bounding_box_y1,in_bounding_box_x2,in_bounding_box_y2,in_bounding_box_x3,in_bounding_box_y3,in_bounding_box_x4,in_bounding_box_y4,out_bounding_box_x1,out_bounding_box_y1,out_bounding_box_x2,out_bounding_box_y2,out_bounding_box_x3,out_bounding_box_y3,out_bounding_box_x4,out_bounding_box_y4
ROOM,-169.95946,337.53314,307.12212,337.53314,307.12212,967.51495,-169.95946,967.51495,-169.95946,337.53314,307.12212,337.53314,307.12212,967.51495,-169.95946,967.51495
SOFA,-110.5,-45.5,110.5,-45.5,110.5,45.5,-110.5,45.5,-55.93318622833797,337.5508482734808,165.0668137380018,337.546991095848,165.06840198761532,428.5469910819879,-55.931597978724454,428.55084825962075
SOFA,-110.5,-45.5,110.5,-45.5,110.5,45.5,-110.5,45.5,307.11016248553676,436.5407708403593,307.11401962950964,657.5407708066997,216.1140196433695,657.5423590424532,216.1101624993966,436.5423590761128
