in_product_family,in_bounding_box_x1,in_bounding_box_y1,in_bounding_box_x2,in_bounding_box_y2,in_bounding_box_x3,in_bounding_box_y3,in_bounding_box_x4,in_bounding_box_y4,out_bounding_box_x1,out_bounding_box_y1,out_bounding_box_x2,out_bounding_box_y2,out_bounding_box_x3,out_bounding_box_y3,out_bounding_box_x4,out_bounding_box_y4
ROOM,-567.81967,-96.63677,-27.18421,-96.63677,-27.18421,473.36323,-567.81967,473.36323,-567.81967,-96.63677,-27.18421,-96.63677,-27.18421,473.36323,-567.81967,473.36323
TABLE,-63,-31.05,63,-31.05,63,31.05,-63,31.05,-100.61773681640625,305.67945556640626,-226.61773681640625,305.67945556640626,-226.61773681640625,243.57945556640624,-100.61773681640625,243.57945556640627
TABLE,-63,-31.05,63,-31.05,63,31.05,-63,31.05,-421.72001953125005,260.5417175292969,-421.72001953125,386.5417175292969,-483.82001953124995,386.5417175292969,-483.82001953125,260.5417175292969
