in_product_family,in_bounding_box_x1,in_bounding_box_y1,in_bounding_box_x2,in_bounding_box_y2,in_bounding_box_x3,in_bounding_box_y3,in_bounding_box_x4,in_bounding_box_y4,out_bounding_box_x1,out_bounding_box_y1,out_bounding_box_x2,out_bounding_box_y2,out_bounding_box_x3,out_bounding_box_y3,out_bounding_box_x4,out_bounding_box_y4
ROOM,-474.04511,95.91392,178.59994,95.91392,178.59994,610.56299,-474.04511,610.56299,-474.04511,95.91392,178.59994,95.91392,178.59994,610.56299,-474.04511,610.56299
SOFA,-105,-45,105,-45,105,45,-105,45,-108.45172119140621,327.54669189453125,-108.45172119140629,537.5466918945312,-198.4517211914063,537.5466918945312,-198.4517211914062,327.54669189453125
SOFA,-105,-45,105,-45,105,45,-105,45,-226.291259765625,608.9525146484375,-436.291259765625,608.9525146484375,-436.291259765625,518.9525146484375,-226.291259765625,518.9525146484375
STORAGE_FURNITURE,-105,-20,105,-20,105,20,-105,20,-426.5971375573094,279.9031982219708,-426.59713734503435,489.9031982219708,-466.59713734503435,489.9031982624042,-466.5971375573094,279.9031982624042
SEATING,-36.5,-40.5,36.5,-40.5,36.5,40.5,-36.5,40.5,-288.77940368652344,204.02789306640625,-215.77940368652344,204.02789306640625,-215.77940368652344,285.02789306640625,-288.77940368652344,285.02789306640625
SEATING,-36.5,-40.5,36.5,-40.5,36.5,40.5,-36.5,40.5,-396.07354736328125,204.02789306640625,-323.07354736328125,204.02789306640625,-323.07354736328125,285.02789306640625,-396.07354736328125,285.02789306640625
TABLE,-49.85,-49.85,49.85,-49.85,49.85,49.85,-49.85,49.85,-352.4025512695313,345.6745971679687,-252.70255126953126,345.6745971679687,-252.70255126953126,445.3745971679688,-352.4025512695313,445.3745971679688
