in_product_family,in_bounding_box_x1,in_bounding_box_y1,in_bounding_box_x2,in_bounding_box_y2,in_bounding_box_x3,in_bounding_box_y3,in_bounding_box_x4,in_bounding_box_y4,out_bounding_box_x1,out_bounding_box_y1,out_bounding_box_x2,out_bounding_box_y2,out_bounding_box_x3,out_bounding_box_y3,out_bounding_box_x4,out_bounding_box_y4
ROOM,-414.00043,-435.04181,185.99333,-435.04181,185.99333,184.11416,-414.00043,184.11416,-414.00043,-435.04181,185.99333,-435.04181,185.99333,184.11416,-414.00043,184.11416
SOFA,-93,-55,93,-55,93,55,-93,55,-137.71209716796878,122.67070007324217,-137.71209716796872,-63.32929992675783,-27.71209716796872,-63.3292999267578,-27.71209716796878,122.6707000732422
TABLE,-87.5,-45,87.5,-45,87.5,45,-87.5,45,-235.17965698242188,4.774139404296861,-410.1796569824219,4.774139404296889,-410.1796569824219,-85.22586059570311,-235.17965698242188,-85.22586059570314
SEATING,-23.9,-25.95,23.9,-25.95,23.9,25.95,-23.9,25.95,-276.2853308390363,58.31012304559686,-324.0565957521815,56.6529421266561,-322.2572717000262,4.784141938533999,-274.486006786881,6.441322857474759
SEATING,-23.9,-25.95,23.9,-25.95,23.9,25.95,-23.9,25.95,-353.8880116820228,56.64306146486855,-401.65017568379136,58.544558209058465,-403.7147715211022,6.685639554418554,-355.95260751933364,4.784142810228648
SEATING,-23.9,-25.95,23.9,-25.95,23.9,25.95,-23.9,25.95,-395.80487670898435,-137.13585968017577,-348.0048767089844,-137.13585968017577,-348.0048767089844,-85.23585968017578,-395.80487670898435,-85.23585968017578
SEATING,-23.9,-25.95,23.9,-25.95,23.9,25.95,-23.9,25.95,-315.7314208984375,-137.13585968017577,-267.9314208984375,-137.13585968017577,-267.9314208984375,-85.23585968017578,-315.7314208984375,-85.23585968017578
TABLE,-44.35,-45,44.35,-45,44.35,45,-44.35,45,7.007975006103514,-17.10255241394043,95.70797500610351,-17.10255241394043,95.70797500610351,72.89744758605957,7.007975006103514,72.89744758605957
STORAGE_FURNITURE,-65,-20.45,65,-20.45,65,20.45,-65,20.45,184.74175456293113,-168.3360900386743,185.20007499436633,-38.33689795509969,144.30032917730324,-38.19270329628662,143.84200874586804,-168.19189537986125
