in_product_family,in_bounding_box_x1,in_bounding_box_y1,in_bounding_box_x2,in_bounding_box_y2,in_bounding_box_x3,in_bounding_box_y3,in_bounding_box_x4,in_bounding_box_y4,out_bounding_box_x1,out_bounding_box_y1,out_bounding_box_x2,out_bounding_box_y2,out_bounding_box_x3,out_bounding_box_y3,out_bounding_box_x4,out_bounding_box_y4
ROOM,-696.97433,-489.59478,339.41871,-489.59478,339.41871,394.39902,-696.97433,394.39902,-696.97433,-489.59478,339.41871,-489.59478,339.41871,394.39902,-696.97433,394.39902
SOFA,-109.85,-92.25,109.85,-92.25,109.85,92.25,-109.85,92.25,-401.9924011230468,-230.43375244140623,-401.99240112304693,-450.1337524414062,-217.49240112304693,-450.1337524414063,-217.49240112304682,-230.43375244140628
STORAGE_FURNITURE,-73.5,-17.5,73.5,-17.5,73.5,17.5,-73.5,17.5,124.78244781494138,-370.4910583496094,124.78244781494143,-223.49105834960938,89.78244781494143,-223.49105834960938,89.78244781494138,-370.4910583496094
TABLE,-100,-50,100,-50,100,50,-100,50,18.676630020141573,-116.26230812072755,18.67663002014163,83.73769187927245,-81.32336997985837,83.73769187927248,-81.32336997985843,-116.26230812072752
SEATING,-24.15,-27.25,24.15,-27.25,24.15,27.25,-24.15,27.25,-47.836840057373045,-170.7722930908203,0.4631599426269517,-170.7722930908203,0.4631599426269517,-116.27229309082031,-47.836840057373045,-116.27229309082031
SEATING,-24.15,-27.25,24.15,-27.25,24.15,27.25,-24.15,27.25,73.17993378866154,-37.314940707319806,73.93691524831799,10.979127034689004,19.443608996982984,11.83327795707567,18.686627537326547,-36.46078978493314
SEATING,-24.15,-27.25,24.15,-27.25,24.15,27.25,-24.15,27.25,-135.8333740234375,10.83258571624755,-135.8333740234375,-37.46741428375245,-81.3333740234375,-37.46741428375243,-81.3333740234375,10.832585716247564
SEATING,-24.15,-27.25,24.15,-27.25,24.15,27.25,-24.15,27.25,-1.7598567962646463,138.24768829345703,-50.05985679626464,138.24768829345703,-50.059856796264654,83.74768829345703,-1.7598567962646534,83.74768829345703
