in_product_family,in_bounding_box_x1,in_bounding_box_y1,in_bounding_box_x2,in_bounding_box_y2,in_bounding_box_x3,in_bounding_box_y3,in_bounding_box_x4,in_bounding_box_y4,out_bounding_box_x1,out_bounding_box_y1,out_bounding_box_x2,out_bounding_box_y2,out_bounding_box_x3,out_bounding_box_y3,out_bounding_box_x4,out_bounding_box_y4
ROOM,16,-604.2306,421.01,-604.2306,421.01,-14,16,-14,16,-604.2306,421.01,-604.2306,421.01,-14,16,-14
VEGETATION,-51.95,-37.2,51.95,-37.2,51.95,37.2,-51.95,37.2,377.565966796875,-14.010002899169912,273.665966796875,-14.010002899169926,273.665966796875,-88.41000289916994,377.565966796875,-88.41000289916991
TABLE,-90,-40,90,-40,90,40,-90,40,229.54194641113278,-385.7652282714844,229.54194641113284,-205.76522827148438,149.54194641113284,-205.76522827148438,149.54194641113278,-385.7652282714844
SEATING,-29,-28.5,29,-28.5,29,28.5,-29,28.5,92.53194427490234,-299.53326416015625,92.53194427490234,-357.53326416015625,149.53194427490234,-357.53326416015625,149.53194427490234,-299.53326416015625
SEATING,-29,-28.5,29,-28.5,29,28.5,-29,28.5,92.53194427490234,-213.63034057617188,92.53194427490234,-271.6303405761719,149.53194427490234,-271.6303405761719,149.53194427490234,-213.63034057617188
SEATING,-29,-28.5,29,-28.5,29,28.5,-29,28.5,286.5519714355469,-364.283935546875,286.5519714355469,-306.283935546875,229.55197143554688,-306.283935546875,229.55197143554688,-364.283935546875
SEATING,-29,-28.5,29,-28.5,29,28.5,-29,28.5,286.5519714355469,-292.35260009765625,286.5519714355469,-234.35260009765625,229.55197143554688,-234.35260009765625,229.55197143554688,-292.35260009765625
STORAGE_FURNITURE,-55,-15,55,-15,55,15,-55,15,16.00999641418459,-75.0833740234375,16.00999641418455,-185.0833740234375,46.00999641418455,-185.0833740234375,46.00999641418459,-75.0833740234375
STORAGE_FURNITURE,-72.5,-22.5,72.5,-22.5,72.5,22.5,-72.5,22.5,421,-393.095458984375,421,-248.095458984375,376,-248.095458984375,376,-393.095458984375
