in_product_family,in_bounding_box_x1,in_bounding_box_y1,in_bounding_box_x2,in_bounding_box_y2,in_bounding_box_x3,in_bounding_box_y3,in_bounding_box_x4,in_bounding_box_y4,out_bounding_box_x1,out_bounding_box_y1,out_bounding_box_x2,out_bounding_box_y2,out_bounding_box_x3,out_bounding_box_y3,out_bounding_box_x4,out_bounding_box_y4
ROOM,-1302.81937,280.61591,-191.26,280.61591,-191.26,891.09013,-1302.81937,891.09013,-1302.81937,280.61591,-191.26,280.61591,-191.26,891.09013,-1302.81937,891.09013
SOFA,-130.3,-83.7,130.3,-83.7,130.3,83.7,-130.3,83.7,-1136.6822998046875,891.0801513671875,-1136.6822998046875,630.4801513671874,-969.2822998046875,630.4801513671875,-969.2822998046876,891.0801513671876
STORAGE_FURNITURE,-48.5,-17.75,48.5,-17.75,48.5,17.75,-48.5,17.75,-191.27000427246094,389.1910095214844,-191.27000427246094,486.1910095214844,-226.77000427246094,486.1910095214844,-226.77000427246094,389.1910095214844
TABLE,-58.85,-25.3,58.85,-25.3,58.85,25.3,-58.85,25.3,-654.6818808112489,698.3160347472947,-653.9382453316905,816.0136855576382,-704.5372353996886,816.3333793152053,-705.280870879247,698.6357285048618
TABLE,-52.45,-52.45,52.45,-52.45,52.45,52.45,-52.45,52.45,-1031.3261596679688,388.47581176757814,-926.4261596679687,388.47581176757814,-926.4261596679687,493.3758117675781,-1031.3261596679688,493.3758117675781
SEATING,-23.9,-25.95,23.9,-25.95,23.9,25.95,-23.9,25.95,-892.4991024841289,532.361469339662,-930.83861573694,560.9083032015375,-961.8340273986836,519.2802542931505,-923.4945141458725,490.733420431275
SEATING,-23.9,-25.95,23.9,-25.95,23.9,25.95,-23.9,25.95,-1055.0338727291187,546.7662848986176,-1084.9562008818841,509.49036401236407,-1044.4829729740063,477.00147633185117,-1014.560644821241,514.2773972181047
SEATING,-23.9,-25.95,23.9,-25.95,23.9,25.95,-23.9,25.95,-904.0005608455798,360.3572222662919,-878.2268094176201,400.6133241308508,-921.9358405216077,428.59779482355185,-947.7095919495674,388.34169295899295
SEATING,-56.4,-17.5,56.4,-17.5,56.4,17.5,-56.4,17.5,-313.54132690429685,280.62591552734375,-200.74132690429687,280.62591552734375,-200.74132690429687,315.62591552734375,-313.54132690429685,315.62591552734375
