in_product_family,in_bounding_box_x1,in_bounding_box_y1,in_bounding_box_x2,in_bounding_box_y2,in_bounding_box_x3,in_bounding_box_y3,in_bounding_box_x4,in_bounding_box_y4,out_bounding_box_x1,out_bounding_box_y1,out_bounding_box_x2,out_bounding_box_y2,out_bounding_box_x3,out_bounding_box_y3,out_bounding_box_x4,out_bounding_box_y4
ROOM,-464.17718,-179,1115.00018,-179,1115.00018,521,-464.17718,521,-464.17718,-179,1115.00018,-179,1115.00018,521,-464.17718,521
TABLE,-89.65,-44.75,89.65,-44.75,89.65,44.75,-89.65,44.75,140.0417556762695,166.25199279785153,140.04175567626956,345.55199279785154,50.54175567626956,345.5519927978516,50.5417556762695,166.25199279785159
STORAGE_FURNITURE,-48.5,-17.75,48.5,-17.75,48.5,17.75,-48.5,17.75,598.3549194335938,268.1520080566406,598.3549194335938,365.1520080566406,562.8549194335938,365.1520080566406,562.8549194335938,268.1520080566406
STORAGE_FURNITURE,-37.5,-3,37.5,-3,37.5,3,-37.5,3,598.3549194335938,335.3234558105469,598.3549194335938,410.3234558105469,592.3549194335938,410.3234558105469,592.3549194335938,335.3234558105469
STORAGE_FURNITURE,-48.5,-17.75,48.5,-17.75,48.5,17.75,-48.5,17.75,598.3549194335938,365.1520080566406,598.3549194335938,462.1520080566406,562.8549194335938,462.1520080566406,562.8549194335938,365.1520080566406
STORAGE_FURNITURE,-90,-24.5,90,-24.5,90,24.5,-90,24.5,607.603759765625,461.86505126953125,607.603759765625,281.86505126953125,656.603759765625,281.86505126953125,656.603759765625,461.86505126953125
SOFA,-163.65,-78.8,163.65,-78.8,163.65,78.8,-163.65,78.8,1115.0000732421875,193.68999633789065,1115.0000732421875,520.9899963378907,957.4000732421874,520.9899963378906,957.4000732421875,193.6899963378906
