in_product_family,in_bounding_box_x1,in_bounding_box_y1,in_bounding_box_x2,in_bounding_box_y2,in_bounding_box_x3,in_bounding_box_y3,in_bounding_box_x4,in_bounding_box_y4,out_bounding_box_x1,out_bounding_box_y1,out_bounding_box_x2,out_bounding_box_y2,out_bounding_box_x3,out_bounding_box_y3,out_bounding_box_x4,out_bounding_box_y4
ROOM,-345.66951,-913.25419,364.74468,-913.25419,364.74468,-78.12432,-345.66951,-78.12432,-345.66951,-913.25419,364.74468,-913.25419,364.74468,-78.12432,-345.66951,-78.12432
STORAGE_FURNITURE,-75.25,-20.35,75.25,-20.35,75.25,20.35,-75.25,20.35,364.73467407226565,-831.321533203125,364.7346740722656,-680.821533203125,324.0346740722656,-680.821533203125,324.03467407226566,-831.321533203125
SOFA,-95,-49.5,95,-49.5,95,49.5,-95,49.5,7.964904785156222,-665.5804443359375,7.964904785156278,-855.5804443359375,106.96490478515628,-855.5804443359375,106.96490478515622,-665.5804443359375
SOFA,-91,-45,91,-45,91,45,-91,45,306.18511962890625,-553.3070068359375,124.18511962890625,-553.3070068359375,124.18511962890625,-643.3070068359375,306.18511962890625,-643.3070068359375
TABLE,-90,-45,90,-45,90,45,-90,45,-194.48440551757815,-586.6715698242188,-194.4844055175781,-766.6715698242188,-104.4844055175781,-766.6715698242188,-104.48440551757815,-586.6715698242188
TABLE,-55,-30,55,-30,55,30,-55,30,185.6443633788248,-701.7522583141424,185.64436342781582,-811.7522583141424,245.64436342781582,-811.7522582874201,245.6443633788248,-701.7522582874201
STORAGE_FURNITURE,-70,-15,70,-15,70,15,-70,15,92.84150314331055,-450.97625732421875,-47.15849685668945,-450.97625732421875,-47.15849685668945,-480.97625732421875,92.84150314331055,-480.97625732421875
STORAGE_FURNITURE,-100,-24.5,100,-24.5,100,24.5,-100,24.5,-272.65879821777344,-913.2442016601562,-72.65879821777344,-913.2442016601562,-72.65879821777344,-864.2442016601562,-272.65879821777344,-864.2442016601562
