in_product_family,in_bounding_box_x1,in_bounding_box_y1,in_bounding_box_x2,in_bounding_box_y2,in_bounding_box_x3,in_bounding_box_y3,in_bounding_box_x4,in_bounding_box_y4,out_bounding_box_x1,out_bounding_box_y1,out_bounding_box_x2,out_bounding_box_y2,out_bounding_box_x3,out_bounding_box_y3,out_bounding_box_x4,out_bounding_box_y4
ROOM,24.55737,-179.61934,643.23745,-179.61934,643.23745,139.49489,24.55737,139.49489,24.55737,-179.61934,643.23745,-179.61934,643.23745,139.49489,24.55737,139.49489
SOFA,-91.05,-47.55,91.05,-47.55,91.05,47.55,-91.05,47.55,136.3543273925781,-179.16732482910157,318.45432739257814,-179.16732482910157,318.45432739257814,-84.06732482910157,136.3543273925781,-84.06732482910157
STORAGE_FURNITURE,-67.6,-21.5,67.6,-21.5,67.6,21.5,-67.6,21.5,262.48208018278183,139.48488584037298,127.28208018278185,139.4848864984942,127.28207997346816,96.4848864984942,262.48207997346816,96.48488584037298
DECORATION,-75,-100,75,-100,75,100,-75,100,316.55931091308594,-92.82626152038577,316.55931091308594,57.17373847961423,116.55931091308595,57.173738479614286,116.55931091308592,-92.82626152038571
TABLE,-40,-40,40,-40,40,40,-40,40,253.76205444335938,17.469602584838874,173.76205444335938,17.46960258483886,173.76205444335938,-62.53039741516114,253.76205444335938,-62.530397415161126
SEATING,-24.2,-23.55,24.2,-23.55,24.2,23.55,-24.2,23.55,443.47749017707076,41.575968991991324,491.8774901770708,41.57596887421961,491.87749029167924,88.67596887421962,443.4774902916792,88.67596899199133
SEATING,-24.2,-23.55,24.2,-23.55,24.2,23.55,-24.2,23.55,381.35462646484376,41.57596893310547,429.75462646484374,41.57596893310547,429.75462646484374,88.67596893310547,381.35462646484376,88.67596893310547
SEATING,-24.2,-23.55,24.2,-23.55,24.2,23.55,-24.2,23.55,333.3648431464489,60.108306268069796,335.11889271042617,11.740100697394432,382.18795226370736,13.447037359859891,380.4339026997301,61.815242930535256
SEATING,-24.2,-23.55,24.2,-23.55,24.2,23.55,-24.2,23.55,338.1306945800781,12.38009948730468,338.1306945800781,-36.019900512695315,385.23069458007814,-36.0199005126953,385.23069458007814,12.380099487304694
