in_product_family,in_bounding_box_x1,in_bounding_box_y1,in_bounding_box_x2,in_bounding_box_y2,in_bounding_box_x3,in_bounding_box_y3,in_bounding_box_x4,in_bounding_box_y4,out_bounding_box_x1,out_bounding_box_y1,out_bounding_box_x2,out_bounding_box_y2,out_bounding_box_x3,out_bounding_box_y3,out_bounding_box_x4,out_bounding_box_y4
ROOM,-243.4052,-677.41096,459.79167,-677.41096,459.79167,-33.79848,-243.4052,-33.79848,-243.4052,-677.41096,459.79167,-677.41096,459.79167,-33.79848,-243.4052,-33.79848
SOFA,-123.3,-125,123.3,-125,123.3,125,-123.3,125,213.18165893554686,-343.5796813964844,459.7816589355469,-343.5796813964844,459.7816589355469,-93.57968139648438,213.18165893554686,-93.57968139648438
SEATING,-37.5,-39.8,37.5,-39.8,37.5,39.8,-37.5,39.8,104.51851196289064,-140.76992797851562,104.51851196289061,-215.76992797851562,184.1185119628906,-215.76992797851562,184.11851196289064,-140.76992797851562
STORAGE_FURNITURE,-75.25,-20.35,75.25,-20.35,75.25,20.35,-75.25,20.35,336.7186584472656,-33.80847778320312,186.21865844726562,-33.80847778320313,186.21865844726562,-74.50847778320313,336.7186584472656,-74.50847778320312
TABLE,-90,-45,90,-45,90,45,-90,45,321.5787353515625,-614.6817016601562,321.5787353515625,-434.68170166015625,231.57873535156253,-434.68170166015625,231.57873535156247,-614.6817016601562
SEATING,-68.95,-18.9,68.95,-18.9,68.95,18.9,-68.95,18.9,212.3459991455078,-588.5929443359375,212.34599914550782,-450.6929443359375,174.54599914550784,-450.6929443359375,174.5459991455078,-588.5929443359375
SEATING,-68.95,-18.9,68.95,-18.9,68.95,18.9,-68.95,18.9,379.2883666992187,-586.0735961914063,379.2883666992188,-448.17359619140626,341.4883666992188,-448.17359619140626,341.4883666992187,-586.0735961914063
