in_product_family,in_bounding_box_x1,in_bounding_box_y1,in_bounding_box_x2,in_bounding_box_y2,in_bounding_box_x3,in_bounding_box_y3,in_bounding_box_x4,in_bounding_box_y4,out_bounding_box_x1,out_bounding_box_y1,out_bounding_box_x2,out_bounding_box_y2,out_bounding_box_x3,out_bounding_box_y3,out_bounding_box_x4,out_bounding_box_y4
ROOM,-945.43599,-206.37644,246.30104,-206.37644,246.30104,488.94118,-945.43599,488.94118,-945.43599,-206.37644,246.30104,-206.37644,246.30104,488.94118,-945.43599,488.94118
TABLE,-65,-65,65,-65,65,65,-65,65,-515.9922485351562,-121.89961624145508,-385.99224853515625,-121.89961624145508,-385.99224853515625,8.100383758544922,-515.9922485351562,8.100383758544922
STORAGE_FURNITURE,-60,-17.5,60,-17.5,60,17.5,-60,17.5,-271.4896240234375,368.9311828613281,-271.4896240234375,488.9311828613281,-306.4896240234375,488.9311828613281,-306.4896240234375,368.9311828613281
SOFA,-107.8,-40.7,107.8,-40.7,107.8,40.7,-107.8,40.7,162.37817459106446,201.24779052734377,-53.221825408935544,201.24779052734374,-53.221825408935544,119.84779052734373,162.37817459106446,119.84779052734376
SOFA,-107.8,-40.7,107.8,-40.7,107.8,40.7,-107.8,40.7,-154.5241806030274,73.65752487182615,-154.52418060302733,-141.94247512817384,-73.12418060302731,-141.9424751281738,-73.12418060302737,73.65752487182618
