in_product_family,in_bounding_box_x1,in_bounding_box_y1,in_bounding_box_x2,in_bounding_box_y2,in_bounding_box_x3,in_bounding_box_y3,in_bounding_box_x4,in_bounding_box_y4,out_bounding_box_x1,out_bounding_box_y1,out_bounding_box_x2,out_bounding_box_y2,out_bounding_box_x3,out_bounding_box_y3,out_bounding_box_x4,out_bounding_box_y4
ROOM,-581.495,-223.995,176.4,-223.995,176.4,62.005,-581.495,62.005,-581.495,-223.995,176.4,-223.995,176.4,62.005,-581.495,62.005
SOFA,-65.5,-39,65.5,-39,65.5,39,-65.5,39,-471.01849365234375,-223.98500061035156,-340.01849365234375,-223.98500061035156,-340.01849365234375,-145.98500061035156,-471.01849365234375,-145.98500061035156
SOFA,-65.5,-39,65.5,-39,65.5,39,-65.5,39,-545.9174267957087,-7.177083818825665,-572.4970328809165,-135.4522744846562,-496.11943843866635,-151.27829948195557,-469.5398323534584,-23.00310881612505
TABLE,-64.9,-41.35,64.9,-41.35,64.9,41.35,-64.9,41.35,-289.5940765380859,-128.66552124023437,-159.79407653808593,-128.66552124023437,-159.79407653808593,-45.965521240234374,-289.5940765380859,-45.965521240234374
SEATING,-48.2,-25.2,48.2,-25.2,48.2,25.2,-48.2,25.2,-246.9403106689453,-149.0395538330078,-150.54031066894532,-149.0395538330078,-150.54031066894532,-98.63955383300781,-246.9403106689453,-98.63955383300781
SEATING,-48.2,-25.2,48.2,-25.2,48.2,25.2,-48.2,25.2,-297.3326141357422,-149.0395538330078,-200.9326141357422,-149.0395538330078,-200.9326141357422,-98.63955383300781,-297.3326141357422,-98.63955383300781
SEATING,-48.2,-25.2,48.2,-25.2,48.2,25.2,-48.2,25.2,-201.87633977231184,-25.639568994952814,-298.27633977231187,-25.639569188640937,-298.27633967104754,-76.03956918864094,-201.8763396710475,-76.03956899495282
SEATING,-48.2,-25.2,48.2,-25.2,48.2,25.2,-48.2,25.2,-151.48399052914777,-25.639530847980158,-247.8839905291478,-25.63953104166828,-247.88399042788348,-76.03953104166828,-151.48399042788344,-76.03953084798016
