in_product_family,in_bounding_box_x1,in_bounding_box_y1,in_bounding_box_x2,in_bounding_box_y2,in_bounding_box_x3,in_bounding_box_y3,in_bounding_box_x4,in_bounding_box_y4,out_bounding_box_x1,out_bounding_box_y1,out_bounding_box_x2,out_bounding_box_y2,out_bounding_box_x3,out_bounding_box_y3,out_bounding_box_x4,out_bounding_box_y4
ROOM,-227.06791,-221.13617,492.9321,-221.13617,492.9321,268.96619,-227.06791,268.96619,-227.06791,-221.13617,492.9321,-221.13617,492.9321,268.96619,-227.06791,268.96619
RADIATOR,-49.9,-3.95,49.9,-3.95,49.9,3.95,-49.9,3.95,-227.05791015625,53.08069076538086,-227.05791015625002,-46.71930923461914,-219.15791015625,-46.71930923461914,-219.15791015624998,53.08069076538086
LIGHTING,-12.5,-12.5,12.5,-12.5,12.5,12.5,-12.5,12.5,1.151881217956543,-7.219539642333984,26.151881217956543,-7.219539642333984,26.151881217956543,17.780460357666016,1.151881217956543,17.780460357666016
LIGHTING,-12.5,-12.5,12.5,-12.5,12.5,12.5,-12.5,12.5,330.0143127441406,-103.99102020263672,355.0143127441406,-103.99102020263672,355.0143127441406,-78.99102020263672,330.0143127441406,-78.99102020263672
