in_product_family,in_bounding_box_x1,in_bounding_box_y1,in_bounding_box_x2,in_bounding_box_y2,in_bounding_box_x3,in_bounding_box_y3,in_bounding_box_x4,in_bounding_box_y4,out_bounding_box_x1,out_bounding_box_y1,out_bounding_box_x2,out_bounding_box_y2,out_bounding_box_x3,out_bounding_box_y3,out_bounding_box_x4,out_bounding_box_y4
ROOM,-286.50242,132.49372,643.5014,132.49372,643.5014,602.51727,-286.50242,602.51727,-286.50242,132.49372,643.5014,132.49372,643.5014,602.51727,-286.50242,602.51727
TABLE,-37,-37,37,-37,37,37,-37,37,-64.67257308959961,306.59210205078125,9.32742691040039,306.59210205078125,9.32742691040039,380.59210205078125,-64.67257308959961,380.59210205078125
SEATING,-20.65,-24.5,20.65,-24.5,20.65,24.5,-20.65,24.5,-6.472196197509771,422.6020812988281,-47.77219619750977,422.6020812988281,-47.77219619750976,373.6020812988281,-6.4721961975097635,373.6020812988281
SEATING,-20.65,-24.5,20.65,-24.5,20.65,24.5,-20.65,24.5,-44.16136779785156,264.58209228515625,-2.861367797851564,264.58209228515625,-2.861367797851564,313.58209228515625,-44.16136779785156,313.58209228515625
SEATING,-20.65,-24.5,20.65,-24.5,20.65,24.5,-20.65,24.5,-121.68257141113281,362.8789428710938,-121.68257141113281,321.5789428710938,-72.68257141113281,321.5789428710937,-72.68257141113281,362.8789428710937
SOFA,-101,-46.8,101,-46.8,101,46.8,-101,46.8,-286.4861572265625,602.506591796875,-286.48615722656245,400.506591796875,-192.8861572265625,400.506591796875,-192.88615722656255,602.506591796875
TABLE,-30,-29.95,30,-29.95,30,29.95,-30,29.95,-172.35572814941406,479.9524353027344,-112.35572814941406,479.9524353027344,-112.35572814941406,539.8524353027344,-172.35572814941406,539.8524353027344
STORAGE_FURNITURE,-80.05,-21.5,80.05,-21.5,80.05,21.5,-80.05,21.5,665.355673085158,285.8330449993361,505.2556731095426,285.8358392714584,505.254922617967,242.83583927800765,665.3549225935824,242.8330450058854
