in_product_family,in_bounding_box_x1,in_bounding_box_y1,in_bounding_box_x2,in_bounding_box_y2,in_bounding_box_x3,in_bounding_box_y3,in_bounding_box_x4,in_bounding_box_y4,out_bounding_box_x1,out_bounding_box_y1,out_bounding_box_x2,out_bounding_box_y2,out_bounding_box_x3,out_bounding_box_y3,out_bounding_box_x4,out_bounding_box_y4
ROOM,-990.64111,3.45363,15.02101,3.45363,15.02101,512.65358,-990.64111,512.65358,-990.64111,3.45363,15.02101,3.45363,15.02101,512.65358,-990.64111,512.65358
SOFA,-123.3,-125,123.3,-125,123.3,125,-123.3,125,-245.26464843750003,260.35618896484374,-245.26464843749997,506.9561889648437,-495.2646484375,506.95618896484376,-495.2646484375,260.3561889648438
SOFA,-123.3,-47.05,123.3,-47.05,123.3,47.05,-123.3,47.05,-623.9510009765625,126.85415954589841,-377.3510009765625,126.85415954589847,-377.35100097656255,220.95415954589845,-623.9510009765625,220.9541595458984
STORAGE_FURNITURE,-77.5,-15,77.5,-15,77.5,15,-77.5,15,-334.17637211335136,13.416134512614072,-179.19419950064272,15.766915711405215,-179.64918941008617,45.76346524934882,-334.63136202279475,43.41268405055767
