in_product_family,in_bounding_box_x1,in_bounding_box_y1,in_bounding_box_x2,in_bounding_box_y2,in_bounding_box_x3,in_bounding_box_y3,in_bounding_box_x4,in_bounding_box_y4,out_bounding_box_x1,out_bounding_box_y1,out_bounding_box_x2,out_bounding_box_y2,out_bounding_box_x3,out_bounding_box_y3,out_bounding_box_x4,out_bounding_box_y4
ROOM,-206.95292,-759.64192,295.25,-759.64192,295.25,202.9425,-206.95292,202.9425,-206.95292,-759.64192,295.25,-759.64192,295.25,202.9425,-206.95292,202.9425
SOFA,-123.3,-125,123.3,-125,123.3,125,-123.3,125,94.53232078552247,-460.7750244140625,-152.06767921447752,-460.7750244140625,-152.06767921447755,-710.7750244140625,94.53232078552244,-710.7750244140625
TABLE,-105,-37.5,105,-37.5,105,37.5,-105,37.5,-26.68224525451663,-90.40821838378908,-26.682245254516573,-300.40821838378906,48.31775474548343,-300.40821838378906,48.31775474548337,-90.40821838378905
SEATING,-29,-28.5,29,-28.5,29,28.5,-29,28.5,-84.6922492980957,-284.1572723388672,-26.692249298095703,-284.1572723388672,-26.692249298095703,-227.1572723388672,-84.6922492980957,-227.1572723388672
