in_product_family,in_bounding_box_x1,in_bounding_box_y1,in_bounding_box_x2,in_bounding_box_y2,in_bounding_box_x3,in_bounding_box_y3,in_bounding_box_x4,in_bounding_box_y4,out_bounding_box_x1,out_bounding_box_y1,out_bounding_box_x2,out_bounding_box_y2,out_bounding_box_x3,out_bounding_box_y3,out_bounding_box_x4,out_bounding_box_y4
ROOM,-696.97433,-489.59478,338.86476,-489.59478,338.86476,394.39902,-696.97433,394.39902,-696.97433,-489.59478,338.86476,-489.59478,338.86476,394.39902,-696.97433,394.39902
SOFA,-109.85,-92.25,109.85,-92.25,109.85,92.25,-109.85,92.25,-401.9924011230468,-230.43375244140623,-401.99240112304693,-450.1337524414062,-217.49240112304693,-450.1337524414063,-217.49240112304682,-230.43375244140628
STORAGE_FURNITURE,-73.5,-17.5,73.5,-17.5,73.5,17.5,-73.5,17.5,162.81756591796872,-362.56707763671875,162.81756591796878,-215.56707763671875,127.81756591796878,-215.56707763671875,127.81756591796872,-362.56707763671875
TABLE,-100,-50,100,-50,100,50,-100,50,68.44653892517087,-48.01638793945314,68.44653892517093,151.98361206054688,-31.553461074829073,151.98361206054688,-31.55346107482913,-48.01638793945311
DECORATION,-20,-2,20,-2,20,2,-20,2,162.37542722741074,-4.433180810889297,162.37542726477676,35.5668191891107,158.37542726477676,35.566819192847305,158.37542722741074,-4.433180807152695
SEATING,-24.15,-27.25,24.15,-27.25,24.15,27.25,-24.15,27.25,4.287149047851564,-126.96553039550781,52.58714904785156,-126.96553039550781,52.58714904785156,-72.46553039550781,4.287149047851564,-72.46553039550781
SEATING,-24.15,-27.25,24.15,-27.25,24.15,27.25,-24.15,27.25,123.8869465960293,-13.735140365474326,124.64392681590488,34.558927395967316,70.15062054264257,35.4130769194294,69.393640322767,-12.880990842012235
SEATING,-24.15,-27.25,24.15,-27.25,24.15,27.25,-24.15,27.25,-86.06015396118164,39.582263374328605,-86.06015396118164,-8.717736625671392,-31.560153961181634,-8.717736625671378,-31.560153961181648,39.58226337432862
