in_product_family,in_bounding_box_x1,in_bounding_box_y1,in_bounding_box_x2,in_bounding_box_y2,in_bounding_box_x3,in_bounding_box_y3,in_bounding_box_x4,in_bounding_box_y4,out_bounding_box_x1,out_bounding_box_y1,out_bounding_box_x2,out_bounding_box_y2,out_bounding_box_x3,out_bounding_box_y3,out_bounding_box_x4,out_bounding_box_y4
ROOM,-394,-29,440.0528,-29,440.0528,400,-394,400,-394,-29,440.0528,-29,440.0528,400,-394,400
SOFA,-130.3,-83.7,130.3,-83.7,130.3,83.7,-130.3,83.7,138.90037231445308,399.9900024414062,138.90037231445316,139.3900024414062,306.30037231445317,139.39000244140627,306.30037231445306,399.9900024414063
STORAGE_FURNITURE,-75.25,-20.35,75.25,-20.35,75.25,20.35,-75.25,20.35,438.79860870693915,245.98067684829934,439.6155134061903,396.4784597778573,398.91611297274835,396.69937686263813,398.0992082734972,246.2015939330802
STORAGE_FURNITURE,-75.25,-20.35,75.25,-20.35,75.25,20.35,-75.25,20.35,437.9817041655788,95.48289391788435,438.79860886482993,245.9806768474423,398.099208431388,246.20159393222318,397.2823037321368,95.70381100266522
TABLE,-87.5,-45,87.5,-45,87.5,45,-87.5,45,-242.2996368408203,153.01380920410156,-67.29963684082031,153.01380920410156,-67.29963684082031,243.01380920410156,-242.2996368408203,243.01380920410156
