in_product_family,in_bounding_box_x1,in_bounding_box_y1,in_bounding_box_x2,in_bounding_box_y2,in_bounding_box_x3,in_bounding_box_y3,in_bounding_box_x4,in_bounding_box_y4,out_bounding_box_x1,out_bounding_box_y1,out_bounding_box_x2,out_bounding_box_y2,out_bounding_box_x3,out_bounding_box_y3,out_bounding_box_x4,out_bounding_box_y4
ROOM,1165.27318,-500.43353,1920.21481,-500.43353,1920.21481,505.00443,1165.27318,505.00443,1165.27318,-500.43353,1920.21481,-500.43353,1920.21481,505.00443,1165.27318,505.00443
SOFA,-110.5,-45.5,110.5,-45.5,110.5,45.5,-110.5,45.5,1437.3363034311064,-183.06637584764644,1437.3363039907686,-404.06637584764644,1528.3363039907686,-404.0663756171973,1528.3363034311064,-183.0663756171973
STORAGE_FURNITURE,-78.1,-20.1,78.1,-20.1,78.1,20.1,-78.1,20.1,1241.1982177734376,-233.27200927734373,1241.1982177734374,-389.4720092773437,1281.3982177734374,-389.4720092773438,1281.3982177734376,-233.27200927734378
