in_product_family,in_bounding_box_x1,in_bounding_box_y1,in_bounding_box_x2,in_bounding_box_y2,in_bounding_box_x3,in_bounding_box_y3,in_bounding_box_x4,in_bounding_box_y4,out_bounding_box_x1,out_bounding_box_y1,out_bounding_box_x2,out_bounding_box_y2,out_bounding_box_x3,out_bounding_box_y3,out_bounding_box_x4,out_bounding_box_y4
ROOM,9.42004,872.48162,465.42004,872.48162,465.42004,1628.48162,9.42004,1628.48162,9.42004,872.48162,465.42004,872.48162,465.42004,1628.48162,9.42004,1628.48162
SOFA,-84.75,-37.75,84.75,-37.75,84.75,37.75,-84.75,37.75,269.5310821533203,1458.9716796875,269.5310821533203,1628.4716796875,194.03108215332034,1628.4716796875,194.03108215332028,1458.9716796875
