in_product_family,in_bounding_box_x1,in_bounding_box_y1,in_bounding_box_x2,in_bounding_box_y2,in_bounding_box_x3,in_bounding_box_y3,in_bounding_box_x4,in_bounding_box_y4,out_bounding_box_x1,out_bounding_box_y1,out_bounding_box_x2,out_bounding_box_y2,out_bounding_box_x3,out_bounding_box_y3,out_bounding_box_x4,out_bounding_box_y4
ROOM,-2265.87254,-327.40334,-1334.02405,-327.40334,-1334.02405,336.94742,-2265.87254,336.94742,-2265.87254,-327.40334,-1334.02405,-327.40334,-1334.02405,336.94742,-2265.87254,336.94742
SOFA,-109.85,-92.25,109.85,-92.25,109.85,92.25,-109.85,92.25,-1515.0926967302853,-192.96713326155503,-1559.6160154044244,22.174132176391694,-1740.2876743634647,-15.21572806656998,-1695.7643556893256,-230.3569935045167
TABLE,-90,-45,90,-45,90,45,-90,45,-1669.1819556928895,134.54540563833928,-1493.0284572472815,171.55817350799737,-1511.5348411821105,259.63492273080135,-1687.6883396277185,222.62215486114326
SEATING,-60,-20,60,-20,60,20,-60,20,-1559.4933840053727,311.4464607349336,-1677.0344058089277,287.2781303545326,-1668.9782956821273,248.09778975334763,-1551.4372738785723,272.26612013374864
SEATING,-46.9,-24.65,46.9,-24.65,46.9,24.65,-46.9,24.65,-1639.7620968562574,91.08351892223607,-1547.545077737446,108.2433961024718,-1556.5640750187426,156.71140295276393,-1648.781094137554,139.55152577252818
SEATING,-46.9,-24.65,46.9,-24.65,46.9,24.65,-46.9,24.65,-1591.8740353328199,100.34360498180638,-1499.6570162140085,117.50348216204212,-1508.6760134953051,165.97148901233425,-1600.8930326141165,148.8116118320985
