in_product_family,in_bounding_box_x1,in_bounding_box_y1,in_bounding_box_x2,in_bounding_box_y2,in_bounding_box_x3,in_bounding_box_y3,in_bounding_box_x4,in_bounding_box_y4,out_bounding_box_x1,out_bounding_box_y1,out_bounding_box_x2,out_bounding_box_y2,out_bounding_box_x3,out_bounding_box_y3,out_bounding_box_x4,out_bounding_box_y4
ROOM,-193.84983,-106,408.01,-106,408.01,283.01,-193.84983,283.01,-193.84983,-106,408.01,-106,408.01,283.01,-193.84983,283.01
SOFA,-135.35,-81.25,135.35,-81.25,135.35,81.25,-135.35,81.25,193.0484977722168,283,-77.6515022277832,283,-77.6515022277832,120.50000000000001,193.0484977722168,120.49999999999999
STORAGE_FURNITURE,-18,-15.85,18,-15.85,18,15.85,-18,15.85,-93.26305389404297,-105.98999938964843,-57.26305389404297,-105.98999938964843,-57.26305389404297,-74.28999938964844,-93.26305389404297,-74.28999938964844
STORAGE_FURNITURE,-18,-15.85,18,-15.85,18,15.85,-18,15.85,-57.26305389404296,-105.98999786376953,-21.26305389404296,-105.98999786376953,-21.26305389404296,-74.28999786376954,-57.26305389404296,-74.28999786376954
STORAGE_FURNITURE,-18,-15.85,18,-15.85,18,15.85,-18,15.85,-94.0807113647461,-105.99025115966796,-58.080711364746094,-105.99025115966796,-58.080711364746094,-74.29025115966797,-94.0807113647461,-74.29025115966797
STORAGE_FURNITURE,-18,-15.85,18,-15.85,18,15.85,-18,15.85,-58.080711364746094,-105.98999786376953,-22.080711364746094,-105.98999786376953,-22.080711364746094,-74.28999786376954,-58.080711364746094,-74.28999786376954
STORAGE_FURNITURE,-18,-15.85,18,-15.85,18,15.85,-18,15.85,-22.08071136474608,-105.98999786376953,13.91928863525392,-105.98999786376953,13.91928863525392,-74.28999786376954,-22.08071136474608,-74.28999786376954
STORAGE_FURNITURE,-18,-15.85,18,-15.85,18,15.85,-18,15.85,-21.263053894042955,-105.98999786376953,14.736946105957045,-105.98999786376953,14.736946105957045,-74.28999786376954,-21.263053894042955,-74.28999786376954
STORAGE_FURNITURE,-40,-10.5,40,-10.5,40,10.5,-40,10.5,292.892578125,-95.15689849853516,372.892578125,-95.15689849853516,372.892578125,-74.15689849853516,292.892578125,-74.15689849853516
