in_product_family,in_bounding_box_x1,in_bounding_box_y1,in_bounding_box_x2,in_bounding_box_y2,in_bounding_box_x3,in_bounding_box_y3,in_bounding_box_x4,in_bounding_box_y4,out_bounding_box_x1,out_bounding_box_y1,out_bounding_box_x2,out_bounding_box_y2,out_bounding_box_x3,out_bounding_box_y3,out_bounding_box_x4,out_bounding_box_y4
ROOM,-235.01,168.02961,516.99,168.02961,516.99,806.29304,-235.01,806.29304,-235.01,168.02961,516.99,168.02961,516.99,806.29304,-235.01,806.29304
TABLE,-90,-45,90,-45,90,45,-90,45,395.2941589355469,465.5028076171875,215.29415893554688,465.5028076171875,215.29415893554688,375.5028076171875,395.2941589355469,375.5028076171875
STORAGE_FURNITURE,-105,-25,105,-25,105,25,-105,25,161.71072387695312,171.537109375,371.7107238769531,171.537109375,371.7107238769531,221.537109375,161.71072387695312,221.537109375
SOFA,-123.3,-47.05,123.3,-47.05,123.3,47.05,-123.3,47.05,-177.42228012084962,299.3200256347656,69.17771987915039,299.3200256347656,69.17771987915039,393.42002563476564,-177.42228012084962,393.42002563476564
STORAGE_FURNITURE,-90,-23.05,90,-23.05,90,23.05,-90,23.05,67.81095123291016,805.8890502929687,-112.18904876708984,805.8890502929687,-112.18904876708984,759.7890502929688,67.81095123291016,759.7890502929688
