in_product_family,in_bounding_box_x1,in_bounding_box_y1,in_bounding_box_x2,in_bounding_box_y2,in_bounding_box_x3,in_bounding_box_y3,in_bounding_box_x4,in_bounding_box_y4,out_bounding_box_x1,out_bounding_box_y1,out_bounding_box_x2,out_bounding_box_y2,out_bounding_box_x3,out_bounding_box_y3,out_bounding_box_x4,out_bounding_box_y4
ROOM,-287,-198.21156,187.38,-198.21156,187.38,444.42,-287,444.42,-287,-198.21156,187.38,-198.21156,187.38,444.42,-287,444.42
SOFA,-100,-51,100,-51,100,51,-100,51,-254.97998046874997,101.21258413791658,-254.97998046875003,-98.78741586208342,-152.97998046875003,-98.78741586208345,-152.97998046874997,101.21258413791655
STORAGE_FURNITURE,-50,-27.5,50,-27.5,50,27.5,-50,27.5,-297.989990234375,61.62565231323243,-297.989990234375,-38.37434768676757,-242.98999023437503,-38.374347686767585,-242.98999023437497,61.625652313232415
STORAGE_FURNITURE,-80,-20,80,-20,80,20,-80,20,187.37001037597662,-61.443616867065415,187.3700103759765,98.55638313293458,147.3700103759765,98.55638313293456,147.37001037597662,-61.443616867065444
TABLE,-45,-44.75,45,-44.75,45,44.75,-45,44.75,43.843544006347656,153.42074584960938,133.84354400634766,153.42074584960938,133.84354400634766,242.92074584960938,43.843544006347656,242.92074584960938
STORAGE_FURNITURE,-50.6,-15.65,50.6,-15.65,50.6,15.65,-50.6,15.65,192.01999511718753,181.0368865966797,192.01999511718748,282.2368865966797,160.71999511718747,282.2368865966797,160.71999511718752,181.03688659667966
STORAGE_FURNITURE,-73.5,-19.9,73.5,-19.9,73.5,19.9,-73.5,19.9,57.87709045410156,-198.20207824707032,204.87709045410156,-198.20207824707032,204.87709045410156,-158.4020782470703,57.87709045410156,-158.4020782470703
