in_product_family,in_bounding_box_x1,in_bounding_box_y1,in_bounding_box_x2,in_bounding_box_y2,in_bounding_box_x3,in_bounding_box_y3,in_bounding_box_x4,in_bounding_box_y4,out_bounding_box_x1,out_bounding_box_y1,out_bounding_box_x2,out_bounding_box_y2,out_bounding_box_x3,out_bounding_box_y3,out_bounding_box_x4,out_bounding_box_y4
ROOM,-294.45856,-291.9496,507.62,-291.9496,507.62,292.01,-294.45856,292.01,-294.45856,-291.9496,507.62,-291.9496,507.62,292.01,-294.45856,292.01
SOFA,-95,-49.5,95,-49.5,95,49.5,-95,49.5,10.020000457763707,239.6534881591797,10.020000457763636,49.6534881591797,109.02000045776364,49.65348815917967,109.0200004577637,239.6534881591797
SEATING,-46.5,-42.3,46.5,-42.3,46.5,42.3,-46.5,42.3,152.20364379882812,13.612418365478518,245.20364379882812,13.612418365478518,245.20364379882812,98.21241836547851,152.20364379882812,98.21241836547851
TABLE,-40,-40,40,-40,40,40,-40,40,157.1467742919922,140.46127319335938,237.1467742919922,140.46127319335938,237.1467742919922,220.46127319335938,157.1467742919922,220.46127319335938
TABLE,-64.5,-50,64.5,-50,64.5,50,-64.5,50,134.2036590576172,-184.02456665039062,263.2036590576172,-184.02456665039062,263.2036590576172,-84.02456665039062,134.2036590576172,-84.02456665039062
SEATING,-27.5,-26.5,27.5,-26.5,27.5,26.5,-27.5,26.5,171.20364379882812,-237.03456115722656,226.20364379882812,-237.03456115722656,226.20364379882812,-184.03456115722656,171.20364379882812,-184.03456115722656
SEATING,-27.5,-26.5,27.5,-26.5,27.5,26.5,-27.5,26.5,316.2136535644531,-160.19154357910156,316.2136535644531,-105.19154357910156,263.2136535644531,-105.19154357910156,263.2136535644531,-160.19154357910156
SEATING,-27.5,-26.5,27.5,-26.5,27.5,26.5,-27.5,26.5,225.35887145996094,-31.014560699462894,170.35887145996094,-31.014560699462887,170.35887145996094,-84.01456069946289,225.35887145996094,-84.01456069946289
SEATING,-27.5,-26.5,27.5,-26.5,27.5,26.5,-27.5,26.5,81.19365692138673,-106.3007354736328,81.1936569213867,-161.3007354736328,134.19365692138672,-161.3007354736328,134.19365692138672,-106.30073547363283
