in_product_family,in_bounding_box_x1,in_bounding_box_y1,in_bounding_box_x2,in_bounding_box_y2,in_bounding_box_x3,in_bounding_box_y3,in_bounding_box_x4,in_bounding_box_y4,out_bounding_box_x1,out_bounding_box_y1,out_bounding_box_x2,out_bounding_box_y2,out_bounding_box_x3,out_bounding_box_y3,out_bounding_box_x4,out_bounding_box_y4
ROOM,-220.93403,152.01417,66.62618,152.01417,66.62618,1184.94518,-220.93403,1184.94518,-220.93403,152.01417,66.62618,152.01417,66.62618,1184.94518,-220.93403,1184.94518
SOFA,-91,-45,91,-45,91,45,-91,45,-156.41236877441406,400.85272216796875,25.587631225585938,400.85272216796875,25.587631225585938,490.85272216796875,-156.41236877441406,490.85272216796875
SOFA,-91,-45,91,-45,91,45,-91,45,21.28075428719076,785.8264156155581,-160.71924571280925,785.8264164156919,-160.7192461084798,695.8264164156919,21.280753891520177,695.8264156155581
TABLE,-52.45,-52.45,52.45,-52.45,52.45,52.45,-52.45,52.45,-123.1725570678711,902.1197631835937,-18.27255706787109,902.1197631835937,-18.27255706787109,1007.0197631835938,-123.1725570678711,1007.0197631835938
DECORATION,-75,-100,75,-100,75,100,-75,100,28.382736206054673,515.7924194335938,28.3827362060547,665.7924194335938,-171.6172637939453,665.7924194335938,-171.6172637939453,515.7924194335938
TABLE,-50,-50,50,-50,50,50,-50,50,-124.80559539794922,546.600341796875,-24.80559539794922,546.600341796875,-24.80559539794922,646.600341796875,-124.80559539794922,646.600341796875
