in_product_family,in_bounding_box_x1,in_bounding_box_y1,in_bounding_box_x2,in_bounding_box_y2,in_bounding_box_x3,in_bounding_box_y3,in_bounding_box_x4,in_bounding_box_y4,out_bounding_box_x1,out_bounding_box_y1,out_bounding_box_x2,out_bounding_box_y2,out_bounding_box_x3,out_bounding_box_y3,out_bounding_box_x4,out_bounding_box_y4
ROOM,-52.78315,-800.13107,344.54675,-800.13107,344.54675,34.42426,-52.78315,34.42426,-52.78315,-800.13107,344.54675,-800.13107,344.54675,34.42426,-52.78315,34.42426
TABLE,-129.8,-44.75,129.8,-44.75,129.8,44.75,-129.8,44.75,184.96301281992726,-692.2793700742252,184.96301257069774,-432.6793700742252,95.46301257069776,-432.6793701601498,95.46301281992724,-692.2793701601498
SOFA,-109.85,-92.25,109.85,-92.25,109.85,92.25,-109.85,92.25,-10.871536254882841,-42.67558898925785,-10.871536254882784,-262.37558898925784,173.62846374511722,-262.3755889892578,173.62846374511716,-42.67558898925779
STORAGE_FURNITURE,-90,-25.7,90,-25.7,90,25.7,-90,25.7,344.53673095703124,-672.7926025390625,344.5367309570313,-492.7926025390625,293.13673095703126,-492.7926025390625,293.1367309570312,-672.7926025390625
STORAGE_FURNITURE,-80,-20.9,80,-20.9,80,20.9,-80,20.9,344.5367490122908,-275.08099371903756,344.5367495228655,-115.08099371903758,302.73674952286547,-115.08099358564992,302.7367490122908,-275.08099358564994
