in_product_family,in_bounding_box_x1,in_bounding_box_y1,in_bounding_box_x2,in_bounding_box_y2,in_bounding_box_x3,in_bounding_box_y3,in_bounding_box_x4,in_bounding_box_y4,out_bounding_box_x1,out_bounding_box_y1,out_bounding_box_x2,out_bounding_box_y2,out_bounding_box_x3,out_bounding_box_y3,out_bounding_box_x4,out_bounding_box_y4
ROOM,-908.63875,84.32769,-536.24139,84.32769,-536.24139,489.50496,-908.63875,489.50496,-908.63875,84.32769,-536.24139,84.32769,-536.24139,489.50496,-908.63875,489.50496
SOFA,-122,-47,122,-47,122,47,-122,47,-889.8759155273438,338.1397247314453,-889.8759155273438,94.13972473144531,-795.8759155273438,94.13972473144531,-795.8759155273438,338.1397247314453
SEATING,-55.65,-44.1,55.65,-44.1,55.65,44.1,-55.65,44.1,-538.8880415788017,428.8034104140639,-640.5981156063124,474.00021164289325,-676.4144486555733,393.3997756210924,-574.7043746280626,348.202974392263
SEATING,-55.65,-44.1,55.65,-44.1,55.65,44.1,-55.65,44.1,-798.4858493303985,473.5505119922169,-890.7269472295823,411.2667271172336,-841.369985630539,338.17000802731434,-749.1288877313552,400.45379290229766
STORAGE_FURNITURE,-60.25,-22.8,60.25,-22.8,60.25,22.8,-60.25,22.8,-542.6009399414062,121.22001647949219,-542.6009399414063,241.7200164794922,-588.2009399414063,241.7200164794922,-588.2009399414062,121.22001647949219
DECORATION,-38,-2,38,-2,38,2,-38,2,-637.8325805664062,97.33518981933594,-561.8325805664062,97.33518981933594,-561.8325805664062,101.33518981933594,-637.8325805664062,101.33518981933594
DECORATION,-75,-1.75,75,-1.75,75,1.75,-75,1.75,-908.6287231445312,285.6201629638672,-908.6287231445312,135.6201629638672,-905.1287231445312,135.6201629638672,-905.1287231445312,285.6201629638672
DECORATION,-54.05,-7.05,54.05,-7.05,54.05,7.05,-54.05,7.05,-740.9152099609375,481.8071716308594,-849.0152099609375,481.8071716308594,-849.0152099609375,467.70717163085936,-740.9152099609375,467.70717163085936
DECORATION,-54.05,-7.05,54.05,-7.05,54.05,7.05,-54.05,7.05,-574.025439453125,481.8071716308594,-682.125439453125,481.8071716308594,-682.125439453125,467.70717163085936,-574.025439453125,467.70717163085936
