in_product_family,in_bounding_box_x1,in_bounding_box_y1,in_bounding_box_x2,in_bounding_box_y2,in_bounding_box_x3,in_bounding_box_y3,in_bounding_box_x4,in_bounding_box_y4,out_bounding_box_x1,out_bounding_box_y1,out_bounding_box_x2,out_bounding_box_y2,out_bounding_box_x3,out_bounding_box_y3,out_bounding_box_x4,out_bounding_box_y4
ROOM,31.79963,194.45578,568.74593,194.45578,568.74593,701.80742,31.79963,701.80742,31.79963,194.45578,568.74593,194.45578,568.74593,701.80742,31.79963,701.80742
SOFA,-130.3,-83.7,130.3,-83.7,130.3,83.7,-130.3,83.7,402.53743286132806,165.12001342773434,402.53743286132817,425.72001342773433,235.13743286132816,425.72001342773444,235.13743286132808,165.1200134277344
TABLE,-60,-25,60,-25,60,25,-60,25,138.2671051025391,399.46331787109375,138.26710510253903,279.46331787109375,188.26710510253903,279.46331787109375,188.2671051025391,399.46331787109375
TABLE,-60,-60,60,-60,60,60,-60,60,143.2280731201172,501.989990234375,263.2280731201172,501.989990234375,263.2280731201172,621.989990234375,143.2280731201172,621.989990234375
DECORATION,-20,-1.1,20,-1.1,20,1.1,-20,1.1,31.809633636474622,598.7574462890625,31.809633636474597,558.7574462890625,34.0096336364746,558.7574462890625,34.00963363647462,598.7574462890625
DECORATION,-16.4,0,16.4,0,16.4,0,-16.4,0,32.00963211059571,595.1574462890625,32.009632110595696,562.3574462890625,32.009632110595696,562.3574462890625,32.00963211059571,595.1574462890625
DECORATION,-90,-1.5,90,-1.5,90,1.5,-90,1.5,312.9191131591797,701.7974243164062,132.9191131591797,701.7974243164062,132.9191131591797,698.7974243164062,312.9191131591797,698.7974243164062
LIGHTING,-14.25,-14.25,14.25,-14.25,14.25,14.25,-14.25,14.25,254.90066528320312,429.6094055175781,283.4006652832031,429.6094055175781,283.4006652832031,458.1094055175781,254.90066528320312,458.1094055175781
LIGHTING,-70.8,-20.95,70.8,-20.95,70.8,20.95,-70.8,20.95,110.1147233380815,307.4308662638431,26.658204520302846,193.03869228844496,60.50730119805131,168.34357831623504,143.96382001582998,282.73575229163316
