in_product_family,in_bounding_box_x1,in_bounding_box_y1,in_bounding_box_x2,in_bounding_box_y2,in_bounding_box_x3,in_bounding_box_y3,in_bounding_box_x4,in_bounding_box_y4,out_bounding_box_x1,out_bounding_box_y1,out_bounding_box_x2,out_bounding_box_y2,out_bounding_box_x3,out_bounding_box_y3,out_bounding_box_x4,out_bounding_box_y4
ROOM,395.51132,429.26676,899.01132,429.26676,899.01132,916.16803,395.51132,916.16803,395.51132,429.26676,899.01132,429.26676,899.01132,916.16803,395.51132,916.16803
SOFA,-163.65,-78.8,163.65,-78.8,163.65,78.8,-163.65,78.8,479.3020874023438,587.0221435546875,806.6020874023437,587.0221435546875,806.6020874023437,744.6221435546875,479.3020874023438,744.6221435546875
STORAGE_FURNITURE,-75.25,-20.35,75.25,-20.35,75.25,20.35,-75.25,20.35,719.4531860351562,916.1580444335938,568.9531860351562,916.1580444335938,568.9531860351562,875.4580444335937,719.4531860351562,875.4580444335937
TABLE,-60.15,-24.85,60.15,-24.85,60.15,24.85,-60.15,24.85,585.579736328125,744.6321166992187,705.879736328125,744.6321166992187,705.879736328125,794.3321166992188,585.579736328125,794.3321166992188
STORAGE_FURNITURE,-73,-22.55,73,-22.55,73,22.55,-73,22.55,727.2171630859375,429.2767822265625,873.2171630859375,429.2767822265625,873.2171630859375,474.3767822265625,727.2171630859375,474.3767822265625
STORAGE_FURNITURE,-73,-22.55,73,-22.55,73,22.55,-73,22.55,572.40966796875,429.2767822265625,718.40966796875,429.2767822265625,718.40966796875,474.3767822265625,572.40966796875,474.3767822265625
STORAGE_FURNITURE,-73,-22.55,73,-22.55,73,22.55,-73,22.55,426.3996887207031,429.2767822265625,572.3996887207031,429.2767822265625,572.3996887207031,474.3767822265625,426.3996887207031,474.3767822265625
