in_product_family,in_bounding_box_x1,in_bounding_box_y1,in_bounding_box_x2,in_bounding_box_y2,in_bounding_box_x3,in_bounding_box_y3,in_bounding_box_x4,in_bounding_box_y4,out_bounding_box_x1,out_bounding_box_y1,out_bounding_box_x2,out_bounding_box_y2,out_bounding_box_x3,out_bounding_box_y3,out_bounding_box_x4,out_bounding_box_y4
ROOM,-165.64191,-244.02357,707.33829,-244.02357,707.33829,484.09871,-165.64191,484.09871,-165.64191,-244.02357,707.33829,-244.02357,707.33829,484.09871,-165.64191,484.09871
TABLE,-105,-37.5,105,-37.5,105,37.5,-105,37.5,209.45388793945312,253.7215576171875,419.4538879394531,253.7215576171875,419.4538879394531,328.7215576171875,209.45388793945312,328.7215576171875
SEATING,-25,-26.15,25,-26.15,25,26.15,-25,26.15,215.30445861816406,176.36864624023437,265.30445861816406,176.36864624023437,265.30445861816406,228.66864624023438,215.30445861816406,228.66864624023438
SEATING,-25,-26.15,25,-26.15,25,26.15,-25,26.15,292.15106201171875,176.36864624023437,342.15106201171875,176.36864624023437,342.15106201171875,228.66864624023438,292.15106201171875,228.66864624023438
SEATING,-25,-26.15,25,-26.15,25,26.15,-25,26.15,363.1028137207031,176.36864624023437,413.1028137207031,176.36864624023437,413.1028137207031,228.66864624023438,363.1028137207031,228.66864624023438
SEATING,-25,-26.15,25,-26.15,25,26.15,-25,26.15,216.50682067871094,351.9843994140625,266.50682067871094,351.9843994140625,266.50682067871094,404.2843994140625,216.50682067871094,404.2843994140625
SEATING,-25,-26.15,25,-26.15,25,26.15,-25,26.15,293.3534240722656,351.9843994140625,343.3534240722656,351.9843994140625,343.3534240722656,404.2843994140625,293.3534240722656,404.2843994140625
SEATING,-25,-26.15,25,-26.15,25,26.15,-25,26.15,364.0211486816406,351.9843994140625,414.0211486816406,351.9843994140625,414.0211486816406,404.2843994140625,364.0211486816406,404.2843994140625
