in_product_family,in_bounding_box_x1,in_bounding_box_y1,in_bounding_box_x2,in_bounding_box_y2,in_bounding_box_x3,in_bounding_box_y3,in_bounding_box_x4,in_bounding_box_y4,out_bounding_box_x1,out_bounding_box_y1,out_bounding_box_x2,out_bounding_box_y2,out_bounding_box_x3,out_bounding_box_y3,out_bounding_box_x4,out_bounding_box_y4
ROOM,-615.30922,218.36782,661.22456,218.36782,661.22456,682.95636,-615.30922,682.95636,-615.30922,218.36782,661.22456,218.36782,661.22456,682.95636,-615.30922,682.95636
SOFA,-112,-49.75,112,-49.75,112,49.75,-112,49.75,286.9453431603437,556.4601746239629,286.9453428748125,332.46017462396287,386.4453428748125,332.4601744971309,386.4453431603437,556.4601744971309
STORAGE_FURNITURE,-100,-20.05,100,-20.05,100,20.05,-100,20.05,661.2145507812501,354.5774841308594,661.21455078125,554.5774841308594,621.1145507812499,554.5774841308594,621.11455078125,354.5774841308594
TABLE,-100.95,-45.9,100.95,-45.9,100.95,45.9,-100.95,45.9,-105.6923431396484,563.3693420410157,-105.69234313964847,361.46934204101564,-13.892343139648474,361.4693420410156,-13.892343139648403,563.3693420410157
