in_product_family,in_bounding_box_x1,in_bounding_box_y1,in_bounding_box_x2,in_bounding_box_y2,in_bounding_box_x3,in_bounding_box_y3,in_bounding_box_x4,in_bounding_box_y4,out_bounding_box_x1,out_bounding_box_y1,out_bounding_box_x2,out_bounding_box_y2,out_bounding_box_x3,out_bounding_box_y3,out_bounding_box_x4,out_bounding_box_y4
ROOM,-485.5,-216.84601,250.39982,-216.84601,250.39982,218,-485.5,218,-485.5,-216.84601,250.39982,-216.84601,250.39982,218,-485.5,218
RADIATOR,-80,-6.75,80,-6.75,80,6.75,-80,6.75,100.35379219055176,217.99000549316406,-59.64620780944824,217.99000549316406,-59.64620780944824,204.49000549316406,100.35379219055176,204.49000549316406
SEATING,-23.9,-25.95,23.9,-25.95,23.9,25.95,-23.9,25.95,-380.3811828613281,201.28691711425782,-380.3811828613281,153.4869171142578,-328.48118286132814,153.4869171142578,-328.48118286132814,201.28691711425782
SEATING,-23.9,-25.95,23.9,-25.95,23.9,25.95,-23.9,25.95,-195.5611999511719,87.1922622680664,-195.56119995117186,134.99226226806638,-247.46119995117186,134.9922622680664,-247.4611999511719,87.19226226806641
SEATING,-23.9,-25.95,23.9,-25.95,23.9,25.95,-23.9,25.95,-197.61118774414064,153.41382751464843,-197.6111877441406,201.21382751464841,-249.5111877441406,201.21382751464844,-249.51118774414064,153.41382751464846
SEATING,-23.9,-25.95,23.9,-25.95,23.9,25.95,-23.9,25.95,-380.3811828613281,133.42247619628904,-380.3811828613281,85.62247619628906,-328.48118286132814,85.62247619628909,-328.48118286132814,133.42247619628907
SOFA,-91,-45,91,-45,91,45,-91,45,-77.14452628479893,-9.599628846519302,104.85547371520107,-9.599628050453354,104.85547332154209,80.40037194954664,-77.14452667845791,80.4003711534807
TABLE,-75.5,-40.5,75.5,-40.5,75.5,40.5,-75.5,40.5,-247.47119140625003,66.99000549316405,-247.47119140624997,217.99000549316406,-328.47119140625,217.99000549316406,-328.47119140625,66.99000549316408
