in_product_family,in_bounding_box_x1,in_bounding_box_y1,in_bounding_box_x2,in_bounding_box_y2,in_bounding_box_x3,in_bounding_box_y3,in_bounding_box_x4,in_bounding_box_y4,out_bounding_box_x1,out_bounding_box_y1,out_bounding_box_x2,out_bounding_box_y2,out_bounding_box_x3,out_bounding_box_y3,out_bounding_box_x4,out_bounding_box_y4
ROOM,-78,-3.9547,383.3,-3.9547,383.3,350.51821,-78,350.51821,-78,-3.9547,383.3,-3.9547,383.3,350.51821,-78,350.51821
RADIATOR,-49.9,-3.95,49.9,-3.95,49.9,3.95,-49.9,3.95,-77.98999328613279,101.67590942382813,-77.98999328613283,1.8759094238281264,-70.08999328613284,1.8759094238281264,-70.0899932861328,101.67590942382813
SOFA,-125.5,-81.75,125.5,-81.75,125.5,81.75,-125.5,81.75,273.2708435058594,350.5082092285156,22.27084350585936,350.5082092285156,22.27084350585939,187.00820922851562,273.2708435058594,187.00820922851562
STORAGE_FURNITURE,-90,-22.5,90,-22.5,90,22.5,-90,22.5,59.03807067871094,-3.9446983337402344,239.03807067871094,-3.9446983337402344,239.03807067871094,41.055301666259766,59.03807067871094,41.055301666259766
TABLE,-50,-50,50,-50,50,50,-50,50,55.886192321777344,86.99821472167969,155.88619232177734,86.99821472167969,155.88619232177734,186.9982147216797,55.886192321777344,186.9982147216797
LIGHTING,-20,-20,20,-20,20,20,-20,20,99.6458511352539,129.45545959472656,139.6458511352539,129.45545959472656,139.6458511352539,169.45545959472656,99.6458511352539,169.45545959472656
