in_product_family,in_bounding_box_x1,in_bounding_box_y1,in_bounding_box_x2,in_bounding_box_y2,in_bounding_box_x3,in_bounding_box_y3,in_bounding_box_x4,in_bounding_box_y4,out_bounding_box_x1,out_bounding_box_y1,out_bounding_box_x2,out_bounding_box_y2,out_bounding_box_x3,out_bounding_box_y3,out_bounding_box_x4,out_bounding_box_y4
ROOM,-990.0267,-372.5388,264.3915,-372.5388,264.3915,325.54369,-990.0267,325.54369,-990.0267,-372.5388,264.3915,-372.5388,264.3915,325.54369,-990.0267,325.54369
SOFA,-130.3,-83.7,130.3,-83.7,130.3,83.7,-130.3,83.7,-200.1208923339844,-259.57977600097655,60.479107666015636,-259.57977600097655,60.479107666015636,-92.17977600097656,-200.1208923339844,-92.17977600097656
STORAGE_FURNITURE,-55,-15,55,-15,55,15,-55,15,264.3815002441406,-372.0709228515625,264.3815002441406,-262.0709228515625,234.3815002441406,-262.0709228515625,234.38150024414065,-372.0709228515625
TABLE,-90,-45,90,-45,90,45,-90,45,-83.75153112411499,121.20072937011719,96.24846887588501,121.20072937011719,96.24846887588501,211.2007293701172,-83.75153112411499,211.2007293701172
SEATING,-48.2,-25.2,48.2,-25.2,48.2,25.2,-48.2,25.2,-19.598141860961917,69.16679077148437,76.80185813903809,69.16679077148437,76.80185813903809,119.56679077148438,-19.598141860961917,119.56679077148438
SEATING,-48.2,-25.2,48.2,-25.2,48.2,25.2,-48.2,25.2,-69.99046821594239,68.80076293945312,26.40953178405762,68.80076293945312,26.40953178405762,119.20076293945313,-69.99046821594239,119.20076293945313
SEATING,-48.2,-25.2,48.2,-25.2,48.2,25.2,-48.2,25.2,33.042701762961045,267.02500519559015,-63.35729823703794,267.0250192184718,-63.35730556850304,216.62501921847235,33.042694431495946,216.6250051955907
SEATING,-48.2,-25.2,48.2,-25.2,48.2,25.2,-48.2,25.2,83.43498138790001,267.39101776883234,-12.965018612098973,267.391031791714,-12.965025943564072,216.99103179171453,83.43497405643491,216.99101776883288
