in_product_family,in_bounding_box_x1,in_bounding_box_y1,in_bounding_box_x2,in_bounding_box_y2,in_bounding_box_x3,in_bounding_box_y3,in_bounding_box_x4,in_bounding_box_y4,out_bounding_box_x1,out_bounding_box_y1,out_bounding_box_x2,out_bounding_box_y2,out_bounding_box_x3,out_bounding_box_y3,out_bounding_box_x4,out_bounding_box_y4
ROOM,-300.75359,-183.95864,16.05715,-183.95864,16.05715,347.14964,-300.75359,347.14964,-300.75359,-183.95864,16.05715,-183.95864,16.05715,347.14964,-300.75359,347.14964
SOFA,-112.3,-50,112.3,-50,112.3,50,-112.3,50,22.547149658203097,-101.21384220123292,22.547149658203153,123.38615779876707,-77.45285034179685,123.3861577987671,-77.4528503417969,-101.2138422012329
TABLE,-80,-40,80,-40,80,40,-80,40,-319.6655738308108,-96.08811264523428,-203.1243062103261,-205.71535807907054,-148.31068349340796,-147.44472426882822,-264.85195111389265,-37.81747883499196
TABLE,-100.95,-45.9,100.95,-45.9,100.95,45.9,-100.95,45.9,-167.24703063964847,103.11137266159056,-167.24703063964841,-98.78862733840944,-75.4470306396484,-98.78862733840941,-75.44703063964846,103.1113726615906
RADIATOR,-17.05,-5,17.05,-5,17.05,5,-17.05,5,16.047148704528816,-163.68739013671876,16.0471487045288,-129.58739013671874,6.047148704528802,-129.58739013671874,6.047148704528815,-163.68739013671876
SEATING,-25.5,-24.4,25.5,-24.4,25.5,24.4,-25.5,24.4,-233.00700734629976,-81.48846809991485,-195.8594782922703,-116.43215258195016,-162.42316843495024,-80.88706595770233,-199.5706974889797,-45.943381475667024
