in_product_family,in_bounding_box_x1,in_bounding_box_y1,in_bounding_box_x2,in_bounding_box_y2,in_bounding_box_x3,in_bounding_box_y3,in_bounding_box_x4,in_bounding_box_y4,out_bounding_box_x1,out_bounding_box_y1,out_bounding_box_x2,out_bounding_box_y2,out_bounding_box_x3,out_bounding_box_y3,out_bounding_box_x4,out_bounding_box_y4
ROOM,-220,-170,220,-170,220,170,-220,170,-220,-170,220,-170,220,170,-220,170
STORAGE_FURNITURE,-105,-20,105,-20,105,20,-105,20,-105.23436161875725,-169.99000549316406,104.76563838124275,-169.99000549316406,104.76563838124275,-129.99000549316406,-105.23436161875725,-129.99000549316406
SOFA,-107,-45,107,-45,107,45,-107,45,204.42325818028368,-32.33724484455426,47.85943246253077,113.5523314678783,-13.49599682774462,47.70773186695416,143.0678288900083,-98.18184444547839
SEATING,-39.35,-37.85,39.35,-37.85,39.35,37.85,-39.35,37.85,-130.18453841338064,48.41159562604787,-174.34968490428142,-16.727715357698926,-111.69344803681469,-59.20931115644338,-67.5283015459139,5.929999827303419
TABLE,-39,-35,39,-35,39,35,-39,35,-52.06502914428711,-94.62826538085938,25.93497085571289,-94.62826538085938,25.93497085571289,-24.628265380859375,-52.06502914428711,-24.628265380859375
