in_product_family,in_bounding_box_x1,in_bounding_box_y1,in_bounding_box_x2,in_bounding_box_y2,in_bounding_box_x3,in_bounding_box_y3,in_bounding_box_x4,in_bounding_box_y4,out_bounding_box_x1,out_bounding_box_y1,out_bounding_box_x2,out_bounding_box_y2,out_bounding_box_x3,out_bounding_box_y3,out_bounding_box_x4,out_bounding_box_y4
ROOM,413.59296,367.74008,863.75922,367.74008,863.75922,817.74007,413.59296,817.74007,413.59296,367.74008,863.75922,367.74008,863.75922,817.74007,413.59296,817.74007
SOFA,-146,-76.8,146,-76.8,146,76.8,-146,76.8,705.6744384765625,817.6912963867187,413.6744384765625,817.6912963867187,413.6744384765625,664.0912963867188,705.6744384765625,664.0912963867188
TABLE,-44.95,-44.95,44.95,-44.95,44.95,44.95,-44.95,44.95,591.0582856558818,648.2919839244258,591.0582856558818,558.3919839244257,680.9582856558819,558.3919839244257,680.9582856558819,648.2919839244258
STORAGE_FURNITURE,-112.5,-25,112.5,-25,112.5,25,-112.5,25,863.7002861640965,511.34800341630023,863.7356263050876,736.3480006409101,813.735626921841,736.3558540055748,813.7002867808499,511.3558567809649
SOFA,-146,-76.8,146,-76.8,146,76.8,-146,76.8,429.16058349609375,367.75010986328124,721.1605834960938,367.75010986328124,721.1605834960938,521.3501098632812,429.16058349609375,521.3501098632812
