in_product_family,in_bounding_box_x1,in_bounding_box_y1,in_bounding_box_x2,in_bounding_box_y2,in_bounding_box_x3,in_bounding_box_y3,in_bounding_box_x4,in_bounding_box_y4,out_bounding_box_x1,out_bounding_box_y1,out_bounding_box_x2,out_bounding_box_y2,out_bounding_box_x3,out_bounding_box_y3,out_bounding_box_x4,out_bounding_box_y4
ROOM,100.67791,-413.75349,869.11874,-413.75349,869.11874,470.76676,100.67791,470.76676,100.67791,-413.75349,869.11874,-413.75349,869.11874,470.76676,100.67791,470.76676
TABLE,-44.35,-45,44.35,-45,44.35,45,-44.35,45,167.96468200683594,-265.46446228027344,256.66468200683596,-265.46446228027344,256.66468200683596,-175.46446228027344,167.96468200683594,-175.46446228027344
SEATING,-40,-35.55,40,-35.55,40,35.55,-40,35.55,180.19028286803965,-7.9640503279059445,124.72523437478846,-65.61496875633426,175.9624881280541,-114.90953060471125,231.4275366213053,-57.25861217628293
SEATING,-40,-35.55,40,-35.55,40,35.55,-40,35.55,366.63833600344776,-357.578271951078,406.5960151839463,-288.27182294012124,344.9999086254585,-252.7594355684532,305.04222944495996,-322.06588457941
TABLE,-87.5,-45,87.5,-45,87.5,45,-87.5,45,553.8218994140625,-315.5731201171875,728.8218994140625,-315.5731201171875,728.8218994140625,-225.5731201171875,553.8218994140625,-225.5731201171875
