in_product_family,in_bounding_box_x1,in_bounding_box_y1,in_bounding_box_x2,in_bounding_box_y2,in_bounding_box_x3,in_bounding_box_y3,in_bounding_box_x4,in_bounding_box_y4,out_bounding_box_x1,out_bounding_box_y1,out_bounding_box_x2,out_bounding_box_y2,out_bounding_box_x3,out_bounding_box_y3,out_bounding_box_x4,out_bounding_box_y4
ROOM,-210.97191,15.12955,5.52809,15.12955,5.52809,284.65146,-210.97191,284.65146,-210.97191,15.12955,5.52809,15.12955,5.52809,284.65146,-210.97191,284.65146
STORAGE_FURNITURE,-90,-22.5,90,-22.5,90,22.5,-90,22.5,5.518089294433629,32.083923339843764,5.518089294433558,212.08392333984375,-39.48191070556644,212.08392333984375,-39.48191070556637,32.083923339843736
VEGETATION,-19.1,-18.95,19.1,-18.95,19.1,18.95,-19.1,18.95,-33.02082786560059,232.1368377685547,5.1791721343994155,232.1368377685547,5.1791721343994155,270.0368377685547,-33.02082786560059,270.0368377685547
STORAGE_FURNITURE,-20,-15.65,20,-15.65,20,15.65,-20,15.65,-210.9718994140625,240.404541015625,-210.9718994140625,200.404541015625,-179.6718994140625,200.404541015625,-179.6718994140625,240.404541015625
SOFA,-65.5,-39,65.5,-39,65.5,39,-65.5,39,-210.97189331054685,195.31605529785156,-210.9718933105469,64.31605529785158,-132.9718933105469,64.31605529785155,-132.97189331054685,195.31605529785156
LIGHTING,-58.8,-66,58.8,-66,58.8,66,-58.8,66,-161.20756988525392,57.825828552246094,-43.60756988525391,57.825828552246094,-43.60756988525391,189.8258285522461,-161.20756988525392,189.8258285522461
