in_product_family,in_bounding_box_x1,in_bounding_box_y1,in_bounding_box_x2,in_bounding_box_y2,in_bounding_box_x3,in_bounding_box_y3,in_bounding_box_x4,in_bounding_box_y4,out_bounding_box_x1,out_bounding_box_y1,out_bounding_box_x2,out_bounding_box_y2,out_bounding_box_x3,out_bounding_box_y3,out_bounding_box_x4,out_bounding_box_y4
ROOM,-400,-53.3908,70.87263,-53.3908,70.87263,400,-400,400,-400,-53.3908,70.87263,-53.3908,70.87263,400,-400,400
SOFA,-65.5,-39,65.5,-39,65.5,39,-65.5,39,70.87104988098147,268.989990234375,70.87104988098142,399.989990234375,-7.128950119018583,399.989990234375,-7.128950119018526,268.989990234375
DECORATION,-50,-75,50,-75,50,75,-50,75,-1.4913177490234517,281.64691162109375,-1.4913177490234233,381.64691162109375,-151.49131774902344,381.64691162109375,-151.49131774902344,281.64691162109375
TABLE,-62.5,-37.5,62.5,-37.5,62.5,37.5,-62.5,37.5,-283.0508728027344,78.92140197753906,-158.05087280273438,78.92140197753906,-158.05087280273438,153.92140197753906,-283.0508728027344,153.92140197753906
