in_product_family,in_bounding_box_x1,in_bounding_box_y1,in_bounding_box_x2,in_bounding_box_y2,in_bounding_box_x3,in_bounding_box_y3,in_bounding_box_x4,in_bounding_box_y4,out_bounding_box_x1,out_bounding_box_y1,out_bounding_box_x2,out_bounding_box_y2,out_bounding_box_x3,out_bounding_box_y3,out_bounding_box_x4,out_bounding_box_y4
ROOM,2444.55154,-941.00603,3154.55153,-941.00603,3154.55153,-461.00602,2444.55154,-461.00602,2444.55154,-941.00603,3154.55153,-941.00603,3154.55153,-461.00602,2444.55154,-461.00602
RADIATOR,-29.45,-7.5,29.45,-7.5,29.45,7.5,-29.45,7.5,2802.6708984375,-471.20447998046876,2802.6708984375,-530.1044799804688,2817.6708984375,-530.1044799804688,2817.6708984375,-471.20447998046876
