in_product_family,in_bounding_box_x1,in_bounding_box_y1,in_bounding_box_x2,in_bounding_box_y2,in_bounding_box_x3,in_bounding_box_y3,in_bounding_box_x4,in_bounding_box_y4,out_bounding_box_x1,out_bounding_box_y1,out_bounding_box_x2,out_bounding_box_y2,out_bounding_box_x3,out_bounding_box_y3,out_bounding_box_x4,out_bounding_box_y4
ROOM,-524.80871,-58.17121,-103.14151,-58.17121,-103.14151,518.17574,-524.80871,518.17574,-524.80871,-58.17121,-103.14151,-58.17121,-103.14151,518.17574,-524.80871,518.17574
SOFA,-100,-51,100,-51,100,51,-100,51,-104.32142639160153,266.5804748535156,-104.32142639160159,466.5804748535156,-206.3214263916016,466.5804748535156,-206.32142639160153,266.5804748535156
SEATING,-34.5,-30.65,34.5,-30.65,34.5,30.65,-34.5,30.65,-430.4137471505633,506.65173374268005,-463.38486224674926,446.03898286207686,-409.5361429861554,416.7472530737262,-376.5650278899695,477.3600039543294
STORAGE_FURNITURE,-40,-12.2,40,-12.2,40,12.2,-40,12.2,-524.7986938476562,480.6172180175781,-524.7986938476563,400.6172180175781,-500.39869384765626,400.6172180175781,-500.39869384765626,480.6172180175781
TABLE,-45,-27.5,45,-27.5,45,27.5,-45,27.5,-307.56372050437653,436.9130860589574,-307.56372090187347,346.9130860589574,-252.56372090187347,346.9130858160426,-252.56372050437653,436.9130858160426
TABLE,-45,-27.5,45,-27.5,45,27.5,-45,27.5,-387.2682254958103,393.39332779454116,-474.89402167910055,413.9291463378688,-487.4436885666897,360.3800486703026,-399.81789238339945,339.84423012697494
