in_product_family,in_bounding_box_x1,in_bounding_box_y1,in_bounding_box_x2,in_bounding_box_y2,in_bounding_box_x3,in_bounding_box_y3,in_bounding_box_x4,in_bounding_box_y4,out_bounding_box_x1,out_bounding_box_y1,out_bounding_box_x2,out_bounding_box_y2,out_bounding_box_x3,out_bounding_box_y3,out_bounding_box_x4,out_bounding_box_y4
ROOM,-235.01,178.0075,516.99,178.0075,516.99,718.59047,-235.01,718.59047,-235.01,178.0075,516.99,178.0075,516.99,718.59047,-235.01,718.59047
TABLE,-90,-45,90,-45,90,45,-90,45,213.38455200195312,367.8644104003906,393.3845520019531,367.8644104003906,393.3845520019531,457.8644104003906,213.38455200195312,457.8644104003906
STORAGE_FURNITURE,-105,-25,105,-25,105,25,-105,25,177.8314208984375,179.01499938964844,387.8314208984375,179.01499938964844,387.8314208984375,229.01499938964844,177.8314208984375,229.01499938964844
SOFA,-123.3,-47.05,123.3,-47.05,123.3,47.05,-123.3,47.05,-164.05505447387696,179.01500244140624,82.54494552612304,179.01500244140624,82.54494552612304,273.11500244140626,-164.05505447387696,273.11500244140626
