in_product_family,in_bounding_box_x1,in_bounding_box_y1,in_bounding_box_x2,in_bounding_box_y2,in_bounding_box_x3,in_bounding_box_y3,in_bounding_box_x4,in_bounding_box_y4,out_bounding_box_x1,out_bounding_box_y1,out_bounding_box_x2,out_bounding_box_y2,out_bounding_box_x3,out_bounding_box_y3,out_bounding_box_x4,out_bounding_box_y4
ROOM,-393.15826,-307.38045,62.08994,-307.38045,62.08994,251.10844,-393.15826,251.10844,-393.15826,-307.38045,62.08994,-307.38045,62.08994,251.10844,-393.15826,251.10844
SOFA,-100,-51,100,-51,100,51,-100,51,54.69140240327462,31.244898023753706,61.430705663686965,231.1313202528891,-40.511369673172084,234.56836491569942,-47.250672933584426,34.681942686564014
STORAGE_FURNITURE,-73.5,-19.9,73.5,-19.9,73.5,19.9,-73.5,19.9,-338.1598134497255,206.46682712426784,-355.36647039918296,60.47733792513512,-315.840064479962,55.81866481909154,-298.63340753050454,201.80815401822426
TABLE,-70,-35,70,-35,70,35,-70,35,-193.71447753906244,-166.32168579101562,-193.71447753906256,-306.3216857910156,-123.71447753906254,-306.3216857910156,-123.71447753906246,-166.32168579101562
