in_product_family,in_bounding_box_x1,in_bounding_box_y1,in_bounding_box_x2,in_bounding_box_y2,in_bounding_box_x3,in_bounding_box_y3,in_bounding_box_x4,in_bounding_box_y4,out_bounding_box_x1,out_bounding_box_y1,out_bounding_box_x2,out_bounding_box_y2,out_bounding_box_x3,out_bounding_box_y3,out_bounding_box_x4,out_bounding_box_y4
ROOM,164.59485,-125,1443.91385,-125,1443.91385,1038.60448,164.59485,1038.60448,164.59485,-125,1443.91385,-125,1443.91385,1038.60448,164.59485,1038.60448
TABLE,-100,-50,100,-50,100,50,-100,50,621.2249145507812,9.1636962890625,821.2249145507812,9.1636962890625,821.2249145507812,109.1636962890625,621.2249145507812,109.1636962890625
SOFA,-105,-45,105,-45,105,45,-105,45,657.1608276367188,394.61431884765625,657.1608276367188,604.6143188476562,567.1608276367188,604.6143188476562,567.1608276367188,394.61431884765625
TABLE,-55,-30,55,-30,55,30,-55,30,444.3017883300781,553.4461975097656,444.3017883300781,443.4461975097656,504.3017883300781,443.4461975097656,504.3017883300781,553.4461975097656
