in_product_family,in_bounding_box_x1,in_bounding_box_y1,in_bounding_box_x2,in_bounding_box_y2,in_bounding_box_x3,in_bounding_box_y3,in_bounding_box_x4,in_bounding_box_y4,out_bounding_box_x1,out_bounding_box_y1,out_bounding_box_x2,out_bounding_box_y2,out_bounding_box_x3,out_bounding_box_y3,out_bounding_box_x4,out_bounding_box_y4
ROOM,-398.80858,-231.37847,267.43824,-231.37847,267.43824,303.79819,-398.80858,303.79819,-398.80858,-231.37847,267.43824,-231.37847,267.43824,303.79819,-398.80858,303.79819
SOFA,-115.5,-41.5,115.5,-41.5,115.5,41.5,-115.5,41.5,-242.17127990722656,78.48352813720703,-11.171279907226562,78.48352813720703,-11.171279907226562,161.48352813720703,-242.17127990722656,161.48352813720703
SOFA,-115.5,-41.5,115.5,-41.5,115.5,41.5,-115.5,41.5,71.83872604370114,-146.18763160705566,71.8387260437012,84.81236839294432,-11.161273956298793,84.81236839294435,-11.161273956298864,-146.18763160705566
TABLE,-60,-25,60,-25,60,25,-60,25,-398.8010186210181,-146.6260814631742,-313.84134216509324,-231.37189774046638,-278.53058538288815,-195.9720325504977,-363.490261838813,-111.2262162732055
