in_product_family,in_bounding_box_x1,in_bounding_box_y1,in_bounding_box_x2,in_bounding_box_y2,in_bounding_box_x3,in_bounding_box_y3,in_bounding_box_x4,in_bounding_box_y4,out_bounding_box_x1,out_bounding_box_y1,out_bounding_box_x2,out_bounding_box_y2,out_bounding_box_x3,out_bounding_box_y3,out_bounding_box_x4,out_bounding_box_y4
ROOM,-928.71355,-509.48024,-153.71355,-509.48024,-153.71355,0.14877,-928.71355,0.14877,-928.71355,-509.48024,-153.71355,-509.48024,-153.71355,0.14877,-928.71355,0.14877
SOFA,-121.65,-78.15,121.65,-78.15,121.65,78.15,-121.65,78.15,-908.75888671875,-383.24228515625,-665.45888671875,-383.24228515625,-665.45888671875,-226.94228515625,-908.75888671875,-226.94228515625
STORAGE_FURNITURE,-90,-22.5,90,-22.5,90,22.5,-90,22.5,-863.501220703125,-509.4702453613281,-683.501220703125,-509.4702453613281,-683.501220703125,-464.4702453613281,-863.501220703125,-464.4702453613281
TABLE,-55,-37.5,55,-37.5,55,37.5,-55,37.5,-806.7545776367188,-450.7522888183594,-696.7545776367188,-450.7522888183594,-696.7545776367188,-375.7522888183594,-806.7545776367188,-375.7522888183594
TABLE,-87.5,-45,87.5,-45,87.5,45,-87.5,45,-927.366210888038,-69.39859006245305,-927.366210986962,-244.39859006245305,-837.366210986962,-244.3985901133282,-837.366210888038,-69.3985901133282
SEATING,-32.65,-33.3,32.65,-33.3,32.65,33.3,-32.65,33.3,-759.3384723872181,-172.1791087045322,-784.5325686434162,-111.93504249188834,-845.9759807377819,-137.6307057485928,-820.7818844815838,-197.87477196123666
