in_product_family,in_bounding_box_x1,in_bounding_box_y1,in_bounding_box_x2,in_bounding_box_y2,in_bounding_box_x3,in_bounding_box_y3,in_bounding_box_x4,in_bounding_box_y4,out_bounding_box_x1,out_bounding_box_y1,out_bounding_box_x2,out_bounding_box_y2,out_bounding_box_x3,out_bounding_box_y3,out_bounding_box_x4,out_bounding_box_y4
ROOM,53.05722,-1195.74844,1060.24796,-1195.74844,1060.24796,-17.00574,53.05722,-17.00574,53.05722,-1195.74844,1060.24796,-1195.74844,1060.24796,-17.00574,53.05722,-17.00574
DECORATION,-58.15,-58.15,58.15,-58.15,58.15,58.15,-58.15,58.15,733.3978515623243,-469.8078369138868,849.6978515623243,-469.8078369142382,849.6978515626757,-353.5078369142382,733.3978515626757,-353.5078369138868
VEGETATION,-40.05,-41.65,40.05,-41.65,40.05,41.65,-40.05,41.65,716.114306640625,-338.4416259765625,796.214306640625,-338.4416259765625,796.214306640625,-255.1416259765625,716.114306640625,-255.1416259765625
VEGETATION,-40.9,-45.6,40.9,-45.6,40.9,45.6,-40.9,45.6,797.7133773068576,-310.8172809873593,879.5131635006009,-311.00430680883574,879.7216812868924,-219.8045451845157,797.9218950931491,-219.61751936303926
