in_product_family,in_bounding_box_x1,in_bounding_box_y1,in_bounding_box_x2,in_bounding_box_y2,in_bounding_box_x3,in_bounding_box_y3,in_bounding_box_x4,in_bounding_box_y4,out_bounding_box_x1,out_bounding_box_y1,out_bounding_box_x2,out_bounding_box_y2,out_bounding_box_x3,out_bounding_box_y3,out_bounding_box_x4,out_bounding_box_y4
ROOM,471.84577,373.26766,854.85507,373.26766,854.85507,796.2662,471.84577,796.2662,471.84577,373.26766,854.85507,373.26766,854.85507,796.2662,471.84577,796.2662
SEATING,-39.35,-37.85,39.35,-37.85,39.35,37.85,-39.35,37.85,854.8547612155769,719.2510038210124,838.6161805012908,796.2574872908192,764.5451411281731,780.6379121946126,780.7837218424592,703.6314287248058
SEATING,-39.35,-37.85,39.35,-37.85,39.35,37.85,-39.35,37.85,837.0899334939238,595.2657879548307,851.2039315652679,672.689847900316,776.7312334982637,686.2658282561068,762.6172354269196,608.8417683106215
SOFA,-121.25,-79.45,121.25,-79.45,121.25,79.45,-121.25,79.45,484.9751098632812,796.2562255859375,484.97510986328126,553.7562255859375,643.8751098632813,553.7562255859375,643.8751098632812,796.2562255859375
TABLE,-49.85,-49.85,49.85,-49.85,49.85,49.85,-49.85,49.85,643.8851684570312,658.4006713867187,743.5851684570313,658.4006713867187,743.5851684570313,758.1006713867188,643.8851684570312,758.1006713867188
DECORATION,-75,-100,75,-100,75,100,-75,100,760.9968260522112,789.1956788006853,610.9968260522112,789.1956786211897,610.9968262915388,589.1956786211897,760.9968262915388,589.1956788006853
VEGETATION,-34.4,-37.05,34.4,-37.05,34.4,37.05,-34.4,37.05,854.8450439453125,443.2283569335938,854.8450439453125,512.0283569335937,780.7450439453125,512.0283569335937,780.7450439453125,443.2283569335937
LIGHTING,-22.25,-59.45,22.25,-59.45,22.25,59.45,-22.25,59.45,829.965830985701,669.0889054695535,862.5979632792847,699.3443833533029,781.758045967424,786.534507616384,749.1259136738403,756.2790297326346
