in_product_family,in_bounding_box_x1,in_bounding_box_y1,in_bounding_box_x2,in_bounding_box_y2,in_bounding_box_x3,in_bounding_box_y3,in_bounding_box_x4,in_bounding_box_y4,out_bounding_box_x1,out_bounding_box_y1,out_bounding_box_x2,out_bounding_box_y2,out_bounding_box_x3,out_bounding_box_y3,out_bounding_box_x4,out_bounding_box_y4
ROOM,-487.43905,-140,133.89511,-140,133.89511,140,-487.43905,140,-487.43905,-140,133.89511,-140,133.89511,140,-487.43905,140
SOFA,-130.3,-83.7,130.3,-83.7,130.3,83.7,-130.3,83.7,-487.4322937011719,-139.99264831542968,-226.83229370117186,-139.99264831542968,-226.83229370117186,27.407351684570315,-487.4322937011719,27.407351684570315
STORAGE_FURNITURE,-75.25,-20.35,75.25,-20.35,75.25,20.35,-75.25,20.35,-313.4422912597656,120.37999877929688,-463.9422912597656,120.37999877929687,-463.9422912597656,79.67999877929687,-313.4422912597656,79.67999877929688
