in_product_family,in_bounding_box_x1,in_bounding_box_y1,in_bounding_box_x2,in_bounding_box_y2,in_bounding_box_x3,in_bounding_box_y3,in_bounding_box_x4,in_bounding_box_y4,out_bounding_box_x1,out_bounding_box_y1,out_bounding_box_x2,out_bounding_box_y2,out_bounding_box_x3,out_bounding_box_y3,out_bounding_box_x4,out_bounding_box_y4
ROOM,-667.71493,-993.28903,-12.70809,-993.28903,-12.70809,-434.63901,-667.71493,-434.63901,-667.71493,-993.28903,-12.70809,-993.28903,-12.70809,-434.63901,-667.71493,-434.63901
TABLE,-70,-35,70,-35,70,35,-70,35,-300.260009765625,-691.6921997070312,-300.260009765625,-551.6921997070312,-370.260009765625,-551.6921997070312,-370.260009765625,-691.6921997070312
SEATING,-20.05,-20.1,20.05,-20.1,20.05,20.1,-20.05,20.1,-410.37000732421876,-671.2907348632813,-370.27000732421874,-671.2907348632813,-370.27000732421874,-631.0907348632812,-410.37000732421876,-631.0907348632812
SEATING,-20.05,-20.1,20.05,-20.1,20.05,20.1,-20.05,20.1,-410.37000732421876,-611.83583984375,-370.27000732421874,-611.83583984375,-370.27000732421874,-571.63583984375,-410.37000732421876,-571.63583984375
SEATING,-20.05,-20.1,20.05,-20.1,20.05,20.1,-20.05,20.1,-300.25001220703126,-611.83583984375,-260.15001220703124,-611.83583984375,-260.15001220703124,-571.63583984375,-300.25001220703126,-571.63583984375
SEATING,-20.05,-20.1,20.05,-20.1,20.05,20.1,-20.05,20.1,-300.25001220703126,-669.1755004882813,-260.15001220703124,-669.1755004882813,-260.15001220703124,-628.9755004882812,-300.25001220703126,-628.9755004882812
