in_product_family,in_bounding_box_x1,in_bounding_box_y1,in_bounding_box_x2,in_bounding_box_y2,in_bounding_box_x3,in_bounding_box_y3,in_bounding_box_x4,in_bounding_box_y4,out_bounding_box_x1,out_bounding_box_y1,out_bounding_box_x2,out_bounding_box_y2,out_bounding_box_x3,out_bounding_box_y3,out_bounding_box_x4,out_bounding_box_y4
ROOM,-226.65405,-241.12251,1041.12707,-241.12251,1041.12707,411.85708,-226.65405,411.85708,-226.65405,-241.12251,1041.12707,-241.12251,1041.12707,411.85708,-226.65405,411.85708
TABLE,-75.35,-40.75,75.35,-40.75,75.35,40.75,-75.35,40.75,-50.98650207519532,216.12960815429688,-201.6865020751953,216.12960815429688,-201.6865020751953,134.62960815429688,-50.98650207519532,134.62960815429688
SEATING,-21.95,-24.9,21.95,-24.9,21.95,24.9,-21.95,24.9,-95.06812591552733,75.56961212158203,-51.16812591552734,75.56961212158204,-51.168125915527355,125.36961212158204,-95.06812591552735,125.36961212158202
STORAGE_FURNITURE,-85,-20,85,-20,85,20,-85,20,350.7329406738281,-200.72621154785156,350.7329406738281,-30.726211547851562,310.7329406738281,-30.726211547851562,310.7329406738281,-200.72621154785156
SEATING,-21.95,-24.9,21.95,-24.9,21.95,24.9,-21.95,24.9,-203.22287292480468,75.56961212158203,-159.3228729248047,75.56961212158203,-159.3228729248047,125.36961212158204,-203.22287292480468,125.36961212158204
SEATING,-21.95,-24.9,21.95,-24.9,21.95,24.9,-21.95,24.9,-150.0074035644531,75.56961212158203,-106.10740356445312,75.56961212158203,-106.10740356445312,125.36961212158204,-150.0074035644531,125.36961212158204
SOFA,-123.3,-125,123.3,-125,123.3,125,-123.3,125,-136.22264957427973,42.0764968872071,-136.22264957427984,-204.5235031127929,113.77735042572014,-204.52350311279304,113.77735042572029,42.07649688720696
STORAGE_FURNITURE,-51,-21,51,-21,51,21,-51,21,145.46536254882815,355.81298828125,145.4653625488281,253.81298828125,187.4653625488281,253.81298828125,187.46536254882815,355.81298828125
