in_product_family,in_bounding_box_x1,in_bounding_box_y1,in_bounding_box_x2,in_bounding_box_y2,in_bounding_box_x3,in_bounding_box_y3,in_bounding_box_x4,in_bounding_box_y4,out_bounding_box_x1,out_bounding_box_y1,out_bounding_box_x2,out_bounding_box_y2,out_bounding_box_x3,out_bounding_box_y3,out_bounding_box_x4,out_bounding_box_y4
ROOM,-295.30652,-163.2004,604.76464,-163.2004,604.76464,922.2091,-295.30652,922.2091,-295.30652,-163.2004,604.76464,-163.2004,604.76464,922.2091,-295.30652,922.2091
TABLE,-129.8,-44.75,129.8,-44.75,129.8,44.75,-129.8,44.75,-138.26997165679933,-31.89547824859619,121.3300283432007,-31.89547824859619,121.3300283432007,57.60452175140381,-138.26997165679933,57.60452175140381
SEATING,-27.7,-28.6,27.7,-28.6,27.7,28.6,-27.7,28.6,-8.033861183228751,478.2801692601742,-8.033860374388432,422.8801692601742,49.166139625611564,422.88017009529455,49.166138816771245,478.2801700952945
SEATING,-27.7,-28.6,27.7,-28.6,27.7,28.6,-27.7,28.6,146.16616973876953,422.88023071289064,146.16616973876955,478.2802307128906,88.96616973876954,478.2802307128906,88.96616973876952,422.88023071289064
TABLE,-65.15,-30,65.15,-30,65.15,30,-65.15,30,-295.2965087890625,534.1505798339844,-295.2965087890625,403.8505798339844,-235.2965087890625,403.8505798339844,-235.2965087890625,534.1505798339844
SEATING,-40.5,-32.65,40.5,-32.65,40.5,32.65,-40.5,32.65,-162.13649902343752,426.66937255859375,-162.1364990234375,507.66937255859375,-227.43649902343748,507.66937255859375,-227.4364990234375,426.66937255859375
SOFA,-146,-76.8,146,-76.8,146,76.8,-146,76.8,138.48199462890625,605.0956909179688,430.48199462890625,605.0956909179688,430.48199462890625,758.6956909179687,138.48199462890625,758.6956909179687
STORAGE_FURNITURE,-100,-20.05,100,-20.05,100,20.05,-100,20.05,168.00119018554688,882.0991088867188,368.0011901855469,882.0991088867188,368.0011901855469,922.1991088867187,168.00119018554688,922.1991088867187
