in_product_family,in_bounding_box_x1,in_bounding_box_y1,in_bounding_box_x2,in_bounding_box_y2,in_bounding_box_x3,in_bounding_box_y3,in_bounding_box_x4,in_bounding_box_y4,out_bounding_box_x1,out_bounding_box_y1,out_bounding_box_x2,out_bounding_box_y2,out_bounding_box_x3,out_bounding_box_y3,out_bounding_box_x4,out_bounding_box_y4
ROOM,399.40334,-474.642,825.5772,-474.642,825.5772,47.2953,399.40334,47.2953,399.40334,-474.642,825.5772,-474.642,825.5772,47.2953,399.40334,47.2953
SOFA,-122,-47,122,-47,122,47,-122,47,814.727346371591,-442.73274703357754,825.567176401276,-198.97364856763818,731.6599827299715,-194.79764847423496,720.8201527002865,-438.5567469401743
SEATING,-47.6,-22,47.6,-22,47.6,22,-47.6,22,481.663671875,-179.4199981689453,576.863671875,-179.4199981689453,576.863671875,-135.4199981689453,481.663671875,-135.4199981689453
SEATING,-47.6,-22,47.6,-22,47.6,22,-47.6,22,537.552099609375,-179.4199981689453,632.752099609375,-179.4199981689453,632.752099609375,-135.4199981689453,537.552099609375,-135.4199981689453
STORAGE_FURNITURE,-50,-15.75,50,-15.75,50,15.75,-50,15.75,554.2883911132812,-474.63201904296875,654.2883911132812,-474.63201904296875,654.2883911132812,-443.13201904296875,554.2883911132812,-443.13201904296875
STORAGE_FURNITURE,-40,-29.65,40,-29.65,40,29.65,-40,29.65,399.91735229492184,-211.80618286132812,399.9173522949219,-291.8061828613281,459.2173522949219,-291.8061828613281,459.21735229492185,-211.80618286132812
STORAGE_FURNITURE,-40,-29.65,40,-29.65,40,29.65,-40,29.65,399.91735229492184,-355.62646484375,399.9173522949219,-435.62646484375,459.2173522949219,-435.62646484375,459.21735229492185,-355.62646484375
TABLE,-44.35,-45,44.35,-45,44.35,45,-44.35,45,576.2132522930896,-321.4435595623435,586.1838121648644,-409.5813944338864,675.6134078631604,-399.4647045978127,665.6428479913856,-311.3268697262699
TABLE,-34.9,-35.4,34.9,-35.4,34.9,35.4,-34.9,35.4,654.5662615844866,-338.5573162703145,654.5662579467634,-268.7573162703146,583.7662579467634,-268.75731996015423,583.7662615844866,-338.55731996015413
