in_product_family,in_bounding_box_x1,in_bounding_box_y1,in_bounding_box_x2,in_bounding_box_y2,in_bounding_box_x3,in_bounding_box_y3,in_bounding_box_x4,in_bounding_box_y4,out_bounding_box_x1,out_bounding_box_y1,out_bounding_box_x2,out_bounding_box_y2,out_bounding_box_x3,out_bounding_box_y3,out_bounding_box_x4,out_bounding_box_y4
ROOM,293.15435,58.27909,920.57869,58.27909,920.57869,540.16343,293.15435,540.16343,293.15435,58.27909,920.57869,58.27909,920.57869,540.16343,293.15435,540.16343
DECORATION,-50,-75,50,-75,50,75,-50,75,394.8625183105469,58.28395080566406,494.8625183105469,58.28395080566406,494.8625183105469,208.28395080566406,394.8625183105469,208.28395080566406
DECORATION,-50,-75,50,-75,50,75,-50,75,293.1630859375,58.28395080566406,393.1630859375,58.28395080566406,393.1630859375,208.28395080566406,293.1630859375,208.28395080566406
DECORATION,-40.6,-35.4,40.6,-35.4,40.6,35.4,-40.6,35.4,561.443212890625,58.28394470214844,642.643212890625,58.28394470214844,642.643212890625,129.08394470214844,561.443212890625,129.08394470214844
DECORATION,-40.6,-35.4,40.6,-35.4,40.6,35.4,-40.6,35.4,642.643212890625,58.28394470214844,723.8432128906251,58.28394470214844,723.8432128906251,129.08394470214844,642.643212890625,129.08394470214844
DECORATION,-17.3,-10.2,17.3,-10.2,17.3,10.2,-17.3,10.2,320.68678588867186,162.1499450683594,355.2867858886719,162.1499450683594,355.2867858886719,182.54994506835936,320.68678588867186,182.54994506835936
SEATING,-20.55,-25.4,20.55,-25.4,20.55,25.4,-20.55,25.4,920.5686401367187,320.71385498046874,920.5686401367187,361.81385498046876,869.7686401367188,361.81385498046876,869.7686401367188,320.71385498046874
DECORATION,-16.85,-13.35,16.85,-13.35,16.85,13.35,-16.85,13.35,293.15439453125003,540.153466796875,293.15439453125,506.453466796875,319.85439453124997,506.453466796875,319.85439453125,540.153466796875
RADIATOR,-33.5,-2.5,33.5,-2.5,33.5,2.5,-33.5,2.5,733.8309936523438,540.1534423828125,666.8309936523438,540.1534423828125,666.8309936523438,535.1534423828125,733.8309936523438,535.1534423828125
