in_product_family,in_bounding_box_x1,in_bounding_box_y1,in_bounding_box_x2,in_bounding_box_y2,in_bounding_box_x3,in_bounding_box_y3,in_bounding_box_x4,in_bounding_box_y4,out_bounding_box_x1,out_bounding_box_y1,out_bounding_box_x2,out_bounding_box_y2,out_bounding_box_x3,out_bounding_box_y3,out_bounding_box_x4,out_bounding_box_y4
ROOM,-11.706,12.82651,880.52111,12.82651,880.52111,735.08215,-11.706,735.08215,-11.706,12.82651,880.52111,12.82651,880.52111,735.08215,-11.706,735.08215
TABLE,-105.1,-45.2,105.1,-45.2,105.1,45.2,-105.1,45.2,357.49286499023435,291.8083923339844,567.6928649902344,291.8083923339844,567.6928649902344,382.20839233398436,357.49286499023435,382.20839233398436
SEATING,-47,-27.2,47,-27.2,47,27.2,-47,27.2,389.9238586425781,237.23243408203126,483.9238586425781,237.23243408203126,483.9238586425781,291.63243408203124,389.9238586425781,291.63243408203124
SEATING,-47,-27.2,47,-27.2,47,27.2,-47,27.2,438.95013427734375,237.59840087890626,532.9501342773438,237.59840087890626,532.9501342773438,291.99840087890624,438.95013427734375,291.99840087890624
SEATING,-47,-27.2,47,-27.2,47,27.2,-47,27.2,533.9428082816453,436.7843841739778,439.9428082816455,436.7843780330534,439.9428118355422,382.38437803305345,533.942811835542,382.3843841739779
SEATING,-47,-27.2,47,-27.2,47,27.2,-47,27.2,484.91662419961403,436.4183868595247,390.91662419961426,436.41838071860025,390.91662775351097,382.0183807186003,484.91662775351074,382.01838685952475
SEATING,-27,-24,27,-24,27,24,-27,24,615.702880859375,308.83172607421875,615.702880859375,362.83172607421875,567.702880859375,362.83172607421875,567.702880859375,308.83172607421875
SEATING,-27,-24,27,-24,27,24,-27,24,309.4828796386719,372.30914306640625,309.4828796386719,318.30914306640625,357.4828796386719,318.30914306640625,357.4828796386719,372.30914306640625
