in_product_family,in_bounding_box_x1,in_bounding_box_y1,in_bounding_box_x2,in_bounding_box_y2,in_bounding_box_x3,in_bounding_box_y3,in_bounding_box_x4,in_bounding_box_y4,out_bounding_box_x1,out_bounding_box_y1,out_bounding_box_x2,out_bounding_box_y2,out_bounding_box_x3,out_bounding_box_y3,out_bounding_box_x4,out_bounding_box_y4
ROOM,-750.06021,-400,294.48735,-400,294.48735,38.46906,-750.06021,38.46906,-750.06021,-400,294.48735,-400,294.48735,38.46906,-750.06021,38.46906
SOFA,-123.3,-125,123.3,-125,123.3,125,-123.3,125,-356.4082983967099,-260.09582313583735,-492.9897298675144,-54.77394759066823,-701.1424828532902,-193.23849693252203,-564.5610513824856,-398.56037247769115
TABLE,-90,-40,90,-40,90,40,-90,40,-138.75411987304685,-265.020751953125,-138.7541198730469,-85.02075195312499,-218.7541198730469,-85.02075195312501,-218.75411987304685,-265.020751953125
SEATING,-24.15,-28.45,24.15,-28.45,24.15,28.45,-24.15,28.45,-275.664111328125,-210.74874267578127,-275.664111328125,-259.0487426757812,-218.76411132812498,-259.0487426757812,-218.764111328125,-210.74874267578124
SEATING,-24.15,-28.45,24.15,-28.45,24.15,28.45,-24.15,28.45,-275.664111328125,-160.02620849609377,-275.664111328125,-208.32620849609376,-218.76411132812498,-208.32620849609373,-218.764111328125,-160.02620849609374
SEATING,-24.15,-28.45,24.15,-28.45,24.15,28.45,-24.15,28.45,-275.664111328125,-109.31368408203126,-275.664111328125,-157.61368408203126,-218.76411132812498,-157.61368408203123,-218.764111328125,-109.31368408203124
SEATING,-24.15,-28.45,24.15,-28.45,24.15,28.45,-24.15,28.45,-81.84412078857423,-250.65421142578126,-81.84412078857422,-202.35421142578127,-138.7441207885742,-202.35421142578124,-138.74412078857424,-250.65421142578123
SEATING,-24.15,-28.45,24.15,-28.45,24.15,28.45,-24.15,28.45,-81.84412078857422,-202.35421142578124,-81.8441207885742,-154.05421142578126,-138.7441207885742,-154.05421142578123,-138.7441207885742,-202.35421142578122
SEATING,-24.15,-28.45,24.15,-28.45,24.15,28.45,-24.15,28.45,-81.84412078857423,-154.05421142578123,-81.84412078857422,-105.75421142578124,-138.7441207885742,-105.75421142578122,-138.74412078857424,-154.0542114257812
