in_product_family,in_bounding_box_x1,in_bounding_box_y1,in_bounding_box_x2,in_bounding_box_y2,in_bounding_box_x3,in_bounding_box_y3,in_bounding_box_x4,in_bounding_box_y4,out_bounding_box_x1,out_bounding_box_y1,out_bounding_box_x2,out_bounding_box_y2,out_bounding_box_x3,out_bounding_box_y3,out_bounding_box_x4,out_bounding_box_y4
ROOM,-288.495,2451.17186,487.60804,2451.17186,487.60804,2975.62707,-288.495,2975.62707,-288.495,2451.17186,487.60804,2451.17186,487.60804,2975.62707,-288.495,2975.62707
SOFA,-110.5,-45.5,110.5,-45.5,110.5,45.5,-110.5,45.5,-220.7093048095703,2645.0341796875,0.2906951904296875,2645.0341796875,0.2906951904296875,2736.0341796875,-220.7093048095703,2736.0341796875
STORAGE_FURNITURE,-75.25,-20.35,75.25,-20.35,75.25,20.35,-75.25,20.35,-137.2201385498047,2975.61708984375,-287.7201385498047,2975.61708984375,-287.7201385498047,2934.91708984375,-137.2201385498047,2934.91708984375
