in_product_family,in_bounding_box_x1,in_bounding_box_y1,in_bounding_box_x2,in_bounding_box_y2,in_bounding_box_x3,in_bounding_box_y3,in_bounding_box_x4,in_bounding_box_y4,out_bounding_box_x1,out_bounding_box_y1,out_bounding_box_x2,out_bounding_box_y2,out_bounding_box_x3,out_bounding_box_y3,out_bounding_box_x4,out_bounding_box_y4
ROOM,-182.2962,-219.87695,354.44096,-219.87695,354.44096,107.08581,-182.2962,107.08581,-182.2962,-219.87695,354.44096,-219.87695,354.44096,107.08581,-182.2962,107.08581
TABLE,-87,-49,87,-49,87,49,-87,49,-29.584987640380824,107.07580947875978,-29.584987640380895,-66.92419052124022,68.41501235961911,-66.92419052124025,68.41501235961917,107.07580947875975
SOFA,-95,-49.5,95,-49.5,95,49.5,-95,49.5,151.3526611328125,-209.31733703613278,341.3526611328125,-209.31733703613284,341.3526611328125,-110.31733703613284,151.3526611328125,-110.31733703613278
SEATING,-29,-28,29,-28,29,28,-29,28,129.20116424560547,-53.50125122070313,129.20116424560547,4.498748779296868,73.20116424560547,4.498748779296882,73.20116424560547,-53.50125122070312
SEATING,-29,-28,29,-28,29,28,-29,28,129.20116424560547,31.851230621337884,129.20116424560547,89.85123062133789,73.20116424560547,89.85123062133789,73.20116424560547,31.851230621337898
SEATING,-29,-28,29,-28,29,28,-29,28,-103.0703887939453,-4.1108283996581925,-103.07038879394533,-62.11082839965819,-47.07038879394533,-62.11082839965822,-47.0703887939453,-4.110828399658214
SEATING,-29,-28,29,-28,29,28,-29,28,-103.0703887939453,78.44654464721681,-103.07038879394533,20.446544647216808,-47.07038879394533,20.446544647216786,-47.0703887939453,78.44654464721678
