in_product_family,in_bounding_box_x1,in_bounding_box_y1,in_bounding_box_x2,in_bounding_box_y2,in_bounding_box_x3,in_bounding_box_y3,in_bounding_box_x4,in_bounding_box_y4,out_bounding_box_x1,out_bounding_box_y1,out_bounding_box_x2,out_bounding_box_y2,out_bounding_box_x3,out_bounding_box_y3,out_bounding_box_x4,out_bounding_box_y4
ROOM,15.43833,15.38825,614.87,15.38825,614.87,399.55855,15.43833,399.55855,15.43833,15.38825,614.87,15.38825,614.87,399.55855,15.43833,399.55855
SOFA,-121.65,-78.15,121.65,-78.15,121.65,78.15,-121.65,78.15,312.67467651367184,245.99823608398435,312.6746765136719,2.698236083984341,468.9746765136719,2.6982360839843977,468.97467651367185,245.9982360839844
TABLE,-50.2,-27.55,50.2,-27.55,50.2,27.55,-50.2,27.55,519.7026489257812,107.60091857910155,519.7026489257813,208.00091857910155,464.60264892578124,208.00091857910158,464.60264892578124,107.60091857910157
TABLE,-58.85,-25.3,58.85,-25.3,58.85,25.3,-58.85,25.3,614.8599975585937,39.81958618164062,614.8599975585938,157.51958618164062,564.2599975585938,157.51958618164065,564.2599975585937,39.81958618164063
