in_product_family,in_bounding_box_x1,in_bounding_box_y1,in_bounding_box_x2,in_bounding_box_y2,in_bounding_box_x3,in_bounding_box_y3,in_bounding_box_x4,in_bounding_box_y4,out_bounding_box_x1,out_bounding_box_y1,out_bounding_box_x2,out_bounding_box_y2,out_bounding_box_x3,out_bounding_box_y3,out_bounding_box_x4,out_bounding_box_y4
ROOM,-104.9875,-197.99,258.99,-197.99,258.99,174.5,-104.9875,174.5,-104.9875,-197.99,258.99,-197.99,258.99,174.5,-104.9875,174.5
SOFA,-130.3,-83.7,130.3,-83.7,130.3,83.7,-130.3,83.7,266.28101806640626,177.69559783935546,5.681018066406239,177.6955978393555,5.681018066406239,10.29559783935548,266.28101806640626,10.295597839355452
STORAGE_FURNITURE,-90,-22.5,90,-22.5,90,22.5,-90,22.5,-13.326492309570312,-197.15499877929688,166.6735076904297,-197.15499877929688,166.6735076904297,-152.15499877929688,-13.326492309570312,-152.15499877929688
DECORATION,-80,-115,80,-115,80,115,-80,115,198.91491699218747,-87.404993057251,198.91491699218753,72.595006942749,-31.08508300781247,72.59500694274905,-31.08508300781253,-87.40499305725095
TABLE,-47.5,-47.55,47.5,-47.55,47.5,47.55,-47.5,47.55,34.951416015625,-37.250442314147946,129.951416015625,-37.250442314147946,129.951416015625,57.84955768585205,34.951416015625,57.84955768585205
