in_product_family,in_bounding_box_x1,in_bounding_box_y1,in_bounding_box_x2,in_bounding_box_y2,in_bounding_box_x3,in_bounding_box_y3,in_bounding_box_x4,in_bounding_box_y4,out_bounding_box_x1,out_bounding_box_y1,out_bounding_box_x2,out_bounding_box_y2,out_bounding_box_x3,out_bounding_box_y3,out_bounding_box_x4,out_bounding_box_y4
ROOM,-526.72605,38.79596,275.30829,38.79596,275.30829,387.37632,-526.72605,387.37632,-526.72605,38.79596,275.30829,38.79596,275.30829,387.37632,-526.72605,387.37632
DECORATION,-75,-100,75,-100,75,100,-75,100,-191.847900390625,339.97869873046875,-191.847900390625,189.97869873046872,8.152099609375014,189.97869873046878,8.152099609374986,339.97869873046875
SOFA,-109.85,-92.25,109.85,-92.25,109.85,92.25,-109.85,92.25,-277.13928222656244,366.68203125,-277.13928222656256,146.98203125000003,-92.63928222656254,146.98203124999998,-92.63928222656246,366.68203124999997
TABLE,-59.7,-26.55,59.7,-26.55,59.7,26.55,-59.7,26.55,-139.77139587402343,197.32493896484374,-20.371395874023435,197.32493896484374,-20.371395874023435,250.42493896484376,-139.77139587402343,250.42493896484376
STORAGE_FURNITURE,-60,-20,60,-20,60,20,-60,20,26.425613403320312,41.01254653930664,146.4256134033203,41.01254653930664,146.4256134033203,81.01254653930664,26.425613403320312,81.01254653930664
STORAGE_FURNITURE,-90,-20.6,90,-20.6,90,20.6,-90,20.6,84.50105056762693,178.64056396484375,84.50105056762698,358.64056396484375,43.30105056762697,358.64056396484375,43.30105056762693,178.64056396484375
VEGETATION,-47.55,-51.2,47.55,-51.2,47.55,51.2,-47.55,51.2,84.50352783203125,161.87997131347657,179.60352783203126,161.87997131347657,179.60352783203126,264.27997131347655,84.50352783203125,264.27997131347655
VEGETATION,-47.55,-51.2,47.55,-51.2,47.55,51.2,-47.55,51.2,179.61018066406248,366.6840393066406,84.51018066406249,366.6840393066406,84.51018066406252,264.28403930664064,179.6101806640625,264.28403930664064
