in_product_family,in_bounding_box_x1,in_bounding_box_y1,in_bounding_box_x2,in_bounding_box_y2,in_bounding_box_x3,in_bounding_box_y3,in_bounding_box_x4,in_bounding_box_y4,out_bounding_box_x1,out_bounding_box_y1,out_bounding_box_x2,out_bounding_box_y2,out_bounding_box_x3,out_bounding_box_y3,out_bounding_box_x4,out_bounding_box_y4
ROOM,-431.9567,-145.1657,337.87186,-145.1657,337.87186,653.06,-431.9567,653.06,-431.9567,-145.1657,337.87186,-145.1657,337.87186,653.06,-431.9567,653.06
STORAGE_FURNITURE,-50,-15.75,50,-15.75,50,15.75,-50,15.75,7.740261077880879,528.6912231445312,7.74026107788084,428.69122314453125,39.24026107788084,428.69122314453125,39.24026107788088,528.6912231445312
SOFA,-125.5,-81.75,125.5,-81.75,125.5,81.75,-125.5,81.75,0.7302551269531676,314.0519714355469,0.7302551269530824,565.0519714355469,-162.76974487304693,565.0519714355469,-162.76974487304682,314.0519714355469
STORAGE_FURNITURE,-70,-22.5,70,-22.5,70,22.5,-70,22.5,-431.94671630859375,532.2693786621094,-431.94671630859375,392.2693786621094,-386.94671630859375,392.2693786621094,-386.94671630859375,532.2693786621094
TABLE,-65,-65,65,-65,65,65,-65,65,-263.6679992675781,-12.065990447998047,-133.66799926757812,-12.065990447998047,-133.66799926757812,117.93400955200195,-263.6679992675781,117.93400955200195
SEATING,-47.6,-22,47.6,-22,47.6,22,-47.6,22,189.46172671351812,121.40826013578675,94.26172671351847,121.40826818452558,94.26172299351313,77.40826818452575,189.46172299351278,77.40826013578692
SEATING,-47.6,-22,47.6,-22,47.6,22,-47.6,22,133.57342104945562,121.40826776518128,38.37342104945596,121.40827581392011,38.373417329450625,77.40827581392028,133.57341732945028,77.40826776518145
