in_product_family,in_bounding_box_x1,in_bounding_box_y1,in_bounding_box_x2,in_bounding_box_y2,in_bounding_box_x3,in_bounding_box_y3,in_bounding_box_x4,in_bounding_box_y4,out_bounding_box_x1,out_bounding_box_y1,out_bounding_box_x2,out_bounding_box_y2,out_bounding_box_x3,out_bounding_box_y3,out_bounding_box_x4,out_bounding_box_y4
ROOM,-62.01835,-191.75,452,-191.75,452,456.75,-62.01835,456.75,-62.01835,-191.75,452,-191.75,452,456.75,-62.01835,456.75
SOFA,-164,-107.3,164,-107.3,164,107.3,-164,107.3,444.2900207519532,-204.2496299743652,444.2900207519531,123.7503700256348,229.69002075195306,123.75037002563474,229.69002075195317,-204.24962997436526
SOFA,-123.3,-47.05,123.3,-47.05,123.3,47.05,-123.3,47.05,451.9900024414063,117.66350097656252,451.9900024414062,364.2635009765625,357.8900024414062,364.26350097656245,357.8900024414063,117.66350097656249
SOFA,-123.3,-47.05,123.3,-47.05,123.3,47.05,-123.3,47.05,381.4180114746094,455.2788818359375,134.81801147460936,455.27888183593745,134.81801147460936,361.1788818359375,381.4180114746094,361.17888183593755
