in_product_family,in_bounding_box_x1,in_bounding_box_y1,in_bounding_box_x2,in_bounding_box_y2,in_bounding_box_x3,in_bounding_box_y3,in_bounding_box_x4,in_bounding_box_y4,out_bounding_box_x1,out_bounding_box_y1,out_bounding_box_x2,out_bounding_box_y2,out_bounding_box_x3,out_bounding_box_y3,out_bounding_box_x4,out_bounding_box_y4
ROOM,-676,-350,402.18649,-350,402.18649,190.15882,-676,190.15882,-676,-350,402.18649,-350,402.18649,190.15882,-676,190.15882
SOFA,-113.3,-49.55,113.3,-49.55,113.3,49.55,-113.3,49.55,-42.37351684570308,23.30000000000001,-42.373516845703165,-203.29999999999998,56.72648315429683,-203.3,56.726483154296915,23.299999999999983
SOFA,-120.6,-49.55,120.6,-49.55,120.6,49.55,-120.6,49.55,61.34961547851563,-294.5400054931641,302.54961547851565,-294.5400054931641,302.54961547851565,-195.44000549316405,61.34961547851563,-195.44000549316405
SOFA,-85.25,-49.8,85.25,-49.8,85.25,49.8,-85.25,49.8,406.9764831542969,-195,406.97648315429683,-24.499999999999986,307.37648315429686,-24.500000000000014,307.3764831542969,-195
TABLE,-90,-45,90,-45,90,45,-90,45,-158.52606201171872,-230.488525390625,-158.52606201171878,-50.488525390624986,-248.52606201171878,-50.488525390625014,-248.52606201171872,-230.488525390625
STORAGE_FURNITURE,-90,-20.6,90,-20.6,90,20.6,-90,20.6,331.0052795410156,190.14882812500002,151.00527954101562,190.148828125,151.00527954101562,148.94882812499998,331.0052795410156,148.948828125
