in_product_family,in_bounding_box_x1,in_bounding_box_y1,in_bounding_box_x2,in_bounding_box_y2,in_bounding_box_x3,in_bounding_box_y3,in_bounding_box_x4,in_bounding_box_y4,out_bounding_box_x1,out_bounding_box_y1,out_bounding_box_x2,out_bounding_box_y2,out_bounding_box_x3,out_bounding_box_y3,out_bounding_box_x4,out_bounding_box_y4
ROOM,230.28047,-963.30845,881.9696,-963.30845,881.9696,-125.38444,230.28047,-125.38444,230.28047,-963.30845,881.9696,-963.30845,881.9696,-125.38444,230.28047,-125.38444
SOFA,-93,-55,93,-55,93,55,-93,55,516.8695373535156,-878.977294921875,516.8695373535156,-692.977294921875,406.86953735351557,-692.977294921875,406.8695373535157,-878.977294921875
TABLE,-87.5,-45,87.5,-45,87.5,45,-87.5,45,690.2639770507812,-645.2965698242188,690.2639770507812,-820.2965698242188,780.2639770507812,-820.2965698242188,780.2639770507812,-645.2965698242188
SEATING,-27.7,-28.6,27.7,-28.6,27.7,28.6,-27.7,28.6,822.8859497070313,-444.233935546875,822.8859497070312,-388.83393554687495,765.6859497070312,-388.833935546875,765.6859497070313,-444.23393554687505
SEATING,-27.7,-28.6,27.7,-28.6,27.7,28.6,-27.7,28.6,668.6859497070312,-471.8839233398438,668.6859497070313,-527.2839233398438,725.8859497070313,-527.2839233398437,725.8859497070312,-471.8839233398437
SEATING,-27.7,-28.6,27.7,-28.6,27.7,28.6,-27.7,28.6,822.8859497070313,-527.2839233398437,822.8859497070312,-471.8839233398437,765.6859497070312,-471.88392333984376,765.6859497070313,-527.2839233398438
SEATING,-27.7,-28.6,27.7,-28.6,27.7,28.6,-27.7,28.6,668.6859497070312,-388.83393554687507,668.6859497070313,-444.23393554687505,725.8859497070313,-444.23393554687493,725.8859497070312,-388.83393554687495
