in_product_family,in_bounding_box_x1,in_bounding_box_y1,in_bounding_box_x2,in_bounding_box_y2,in_bounding_box_x3,in_bounding_box_y3,in_bounding_box_x4,in_bounding_box_y4,out_bounding_box_x1,out_bounding_box_y1,out_bounding_box_x2,out_bounding_box_y2,out_bounding_box_x3,out_bounding_box_y3,out_bounding_box_x4,out_bounding_box_y4
ROOM,-368.9866,-5427.30622,857.27472,-5427.30622,857.27472,-4790.1935,-368.9866,-4790.1935,-368.9866,-5427.30622,857.27472,-5427.30622,857.27472,-4790.1935,-368.9866,-4790.1935
SOFA,-146,-76.8,146,-76.8,146,76.8,-146,76.8,17.136723327636673,-5126.546875,17.13672332763676,-4834.546875,-136.46327667236324,-4834.546875,-136.46327667236332,-5126.546875
TABLE,-90,-45,90,-45,90,45,-90,45,267.5711364746094,-5173.078125,267.5711364746094,-4993.078125,177.5711364746094,-4993.078125,177.57113647460935,-5173.078125
TABLE,-90,-45,90,-45,90,45,-90,45,309.3018493652344,-5183.08740234375,129.30184936523438,-5183.08740234375,129.30184936523438,-5273.08740234375,309.3018493652344,-5273.08740234375
STORAGE_FURNITURE,-75.25,-20.35,75.25,-20.35,75.25,20.35,-75.25,20.35,-368.97658691406247,-4874.92236328125,-368.9765869140625,-5025.42236328125,-328.27658691406253,-5025.42236328125,-328.2765869140625,-4874.92236328125
