in_product_family,in_bounding_box_x1,in_bounding_box_y1,in_bounding_box_x2,in_bounding_box_y2,in_bounding_box_x3,in_bounding_box_y3,in_bounding_box_x4,in_bounding_box_y4,out_bounding_box_x1,out_bounding_box_y1,out_bounding_box_x2,out_bounding_box_y2,out_bounding_box_x3,out_bounding_box_y3,out_bounding_box_x4,out_bounding_box_y4
ROOM,-269.15,-356.905,122.4382,-356.905,122.4382,373.095,-269.15,373.095,-269.15,-356.905,122.4382,-356.905,122.4382,373.095,-269.15,373.095
SOFA,-91,-45,91,-45,91,45,-91,45,-7.166519165039091,56.845214843749986,-7.166519165039034,238.84521484375,-97.16651916503903,238.84521484375,-97.16651916503909,56.845214843750014
STORAGE_FURNITURE,-90,-24.5,90,-24.5,90,24.5,-90,24.5,-269.1399993896484,232.21463012695312,-269.1399993896485,52.21463012695314,-220.13999938964847,52.21463012695311,-220.1399993896484,232.21463012695312
SEATING,-32.65,-33.3,32.65,-33.3,32.65,33.3,-32.65,33.3,-226.91203918457032,266.2274658203125,-161.6120391845703,266.2274658203125,-161.6120391845703,332.8274658203125,-226.91203918457032,332.8274658203125
SEATING,-29,-28,29,-28,29,28,-29,28,-208.5807647705078,-262.22210693359375,-150.5807647705078,-262.22210693359375,-150.5807647705078,-206.22210693359375,-208.5807647705078,-206.22210693359375
SEATING,-29,-28,29,-28,29,28,-29,28,-267.6032257664356,-144.25810247340527,-267.60322564958,-202.25810247340527,-211.60322564957997,-202.2581023605791,-211.60322576643566,-144.2581023605791
SEATING,-29,-28,29,-28,29,28,-29,28,-152.0261993972334,-83.41162103532217,-210.0261993972334,-83.41162115217783,-210.02619928440723,-139.41162115217784,-152.02619928440723,-139.41162103532216
SEATING,-29,-28,29,-28,29,28,-29,28,-90.76029114173005,-200.80928042838693,-88.81735740690343,-142.84183259339878,-144.78592773034026,-140.9658965735662,-146.7288614651669,-198.93334440855435
TABLE,-58.35,-58.7,58.35,-58.7,58.35,58.7,-58.35,58.7,-236.32203063964843,-230.82289428710936,-119.62203063964844,-230.82289428710936,-119.62203063964844,-113.42289428710937,-236.32203063964843,-113.42289428710937
