in_product_family,in_bounding_box_x1,in_bounding_box_y1,in_bounding_box_x2,in_bounding_box_y2,in_bounding_box_x3,in_bounding_box_y3,in_bounding_box_x4,in_bounding_box_y4,out_bounding_box_x1,out_bounding_box_y1,out_bounding_box_x2,out_bounding_box_y2,out_bounding_box_x3,out_bounding_box_y3,out_bounding_box_x4,out_bounding_box_y4
ROOM,350.64169,-152.4176,866.64168,-152.4176,866.64168,289.5824,350.64169,289.5824,350.64169,-152.4176,866.64168,-152.4176,866.64168,289.5824,350.64169,289.5824
TABLE,-95.75,-47.3,95.75,-47.3,95.75,47.3,-95.75,47.3,509.5421875,-27.315315246582017,509.54218749999995,164.18468475341797,414.9421875,164.18468475341797,414.94218750000005,-27.315315246582045
SOFA,-110.5,-45.5,110.5,-45.5,110.5,45.5,-110.5,45.5,630.4292602539062,211.4704132080078,630.4292602539062,-9.529586791992202,721.4292602539062,-9.529586791992173,721.4292602539062,211.4704132080078
SEATING,-47,-27.2,47,-27.2,47,27.2,-47,27.2,564.1180817251216,-7.664231795581095,564.1180999155024,86.33576820441715,509.71809991550344,86.33577873161624,509.7180817251226,-7.664221268381986
SEATING,-47,-27.2,47,-27.2,47,27.2,-47,27.2,563.7521759634028,41.36252067634273,563.7521941537836,135.36252067634098,509.3521941537847,135.36253120354007,509.35217596340385,41.36253120354184
SEATING,-27.5,-24.35,27.5,-24.35,27.5,24.35,-27.5,24.35,434.0587158203125,-76.02531585693359,489.0587158203125,-76.02531585693359,489.0587158203125,-27.325315856933592,434.0587158203125,-27.325315856933592
SEATING,-27.5,-24.35,27.5,-24.35,27.5,24.35,-27.5,24.35,436.5918273925781,164.194677734375,491.5918273925781,164.194677734375,491.5918273925781,212.894677734375,436.5918273925781,212.894677734375
SEATING,-45,-26.5,45,-26.5,45,26.5,-45,26.5,350.6517028808594,96.82150650024415,350.6517028808594,6.821506500244155,403.6517028808594,6.821506500244126,403.6517028808594,96.82150650024413
SEATING,-45,-26.5,45,-26.5,45,26.5,-45,26.5,350.6517028808594,141.82144927978516,350.6517028808594,51.82144927978517,403.6517028808594,51.82144927978514,403.6517028808594,141.82144927978516
