in_product_family,in_bounding_box_x1,in_bounding_box_y1,in_bounding_box_x2,in_bounding_box_y2,in_bounding_box_x3,in_bounding_box_y3,in_bounding_box_x4,in_bounding_box_y4,out_bounding_box_x1,out_bounding_box_y1,out_bounding_box_x2,out_bounding_box_y2,out_bounding_box_x3,out_bounding_box_y3,out_bounding_box_x4,out_bounding_box_y4
ROOM,-2550.13171,-8188.55632,-1700.07263,-8188.55632,-1700.07263,-7339.78776,-2550.13171,-7339.78776,-2550.13171,-8188.55632,-1700.07263,-8188.55632,-1700.07263,-7339.78776,-2550.13171,-7339.78776
TABLE,-105,-37.5,105,-37.5,105,37.5,-105,37.5,-2432.798583984375,-7495.67578125,-2222.798583984375,-7495.67578125,-2222.798583984375,-7420.67578125,-2432.798583984375,-7420.67578125
SEATING,-27.4,-24.9,27.4,-24.9,27.4,24.9,-27.4,24.9,-2406.417333984375,-7548.136328125,-2351.617333984375,-7548.136328125,-2351.617333984375,-7498.336328125,-2406.417333984375,-7498.336328125
SEATING,-27.4,-24.9,27.4,-24.9,27.4,24.9,-27.4,24.9,-2308.29013671875,-7548.136328125,-2253.49013671875,-7548.136328125,-2253.49013671875,-7498.336328125,-2308.29013671875,-7498.336328125
SEATING,-27.4,-24.9,27.4,-24.9,27.4,24.9,-27.4,24.9,-2402.386328125,-7417.51865234375,-2347.586328125,-7417.51865234375,-2347.586328125,-7367.71865234375,-2402.386328125,-7367.71865234375
SEATING,-27.4,-24.9,27.4,-24.9,27.4,24.9,-27.4,24.9,-2303.550634765625,-7417.51865234375,-2248.750634765625,-7417.51865234375,-2248.750634765625,-7367.71865234375,-2303.550634765625,-7367.71865234375
