in_product_family,in_bounding_box_x1,in_bounding_box_y1,in_bounding_box_x2,in_bounding_box_y2,in_bounding_box_x3,in_bounding_box_y3,in_bounding_box_x4,in_bounding_box_y4,out_bounding_box_x1,out_bounding_box_y1,out_bounding_box_x2,out_bounding_box_y2,out_bounding_box_x3,out_bounding_box_y3,out_bounding_box_x4,out_bounding_box_y4
ROOM,-153.04189,-290,440,-290,440,290,-153.04189,290,-153.04189,-290,440,-290,440,290,-153.04189,290
SEATING,-26,-27,26,-27,26,27,-26,27,176.1455078125,-239.1031951904297,228.1455078125,-239.1031951904297,228.1455078125,-185.1031951904297,176.1455078125,-185.1031951904297
SEATING,-26,-27,26,-27,26,27,-26,27,230.31011962890625,-239.1031951904297,282.31011962890625,-239.1031951904297,282.31011962890625,-185.1031951904297,230.31011962890625,-185.1031951904297
TABLE,-55,-55,55,-55,55,55,-55,55,284.3576202392578,-180.19693756103516,284.3576202392578,-70.19693756103517,174.3576202392578,-70.19693756103514,174.3576202392578,-180.19693756103516
SEATING,-26,-27,26,-27,26,27,-26,27,281.8372497558594,-12.01027679443359,229.83724975585938,-12.010276794433597,229.83724975585938,-66.0102767944336,281.8372497558594,-66.0102767944336
SEATING,-26,-27,26,-27,26,27,-26,27,227.6676788330078,-12.01027679443359,175.6676788330078,-12.010276794433597,175.6676788330078,-66.0102767944336,227.6676788330078,-66.0102767944336
SOFA,-121.25,-79.45,121.25,-79.45,121.25,79.45,-121.25,79.45,-30.507090759277304,289.99000549316406,-30.50709075927739,47.49000549316409,128.39290924072262,47.490005493164034,128.3929092407227,289.99000549316406
STORAGE_FURNITURE,-75.25,-20.35,75.25,-20.35,75.25,20.35,-75.25,20.35,439.9900146484375,69.21478271484376,439.99001464843747,219.71478271484375,399.2900146484375,219.71478271484375,399.29001464843753,69.21478271484374
