in_product_family,in_bounding_box_x1,in_bounding_box_y1,in_bounding_box_x2,in_bounding_box_y2,in_bounding_box_x3,in_bounding_box_y3,in_bounding_box_x4,in_bounding_box_y4,out_bounding_box_x1,out_bounding_box_y1,out_bounding_box_x2,out_bounding_box_y2,out_bounding_box_x3,out_bounding_box_y3,out_bounding_box_x4,out_bounding_box_y4
ROOM,-300,-614.26087,300,-614.26087,300,-14.26087,-300,-14.26087,-300,-614.26087,300,-614.26087,300,-14.26087,-300,-14.26087
SOFA,-121.25,-79.45,121.25,-79.45,121.25,79.45,-121.25,79.45,79.15633392333983,-170.04732971191405,-163.34366607666016,-170.04732971191407,-163.34366607666016,-328.9473297119141,79.15633392333986,-328.94732971191405
TABLE,-44.95,-44.95,44.95,-44.95,44.95,44.95,-44.95,44.95,-114.33700866699219,-504.25950927734374,-24.437008666992185,-504.25950927734374,-24.437008666992185,-414.35950927734376,-114.33700866699219,-414.35950927734376
TABLE,-44.95,-44.95,44.95,-44.95,44.95,44.95,-44.95,44.95,-65.39308853149414,-451.53453369140624,24.506911468505862,-451.53453369140624,24.506911468505862,-361.63453369140626,-65.39308853149414,-361.63453369140626
DECORATION,-58.3,-11.85,58.3,-11.85,58.3,11.85,-58.3,11.85,116.69000549316407,-614.2509399414063,233.29000549316407,-614.2509399414063,233.29000549316407,-590.5509399414062,116.69000549316407,-590.5509399414062
