in_product_family,in_bounding_box_x1,in_bounding_box_y1,in_bounding_box_x2,in_bounding_box_y2,in_bounding_box_x3,in_bounding_box_y3,in_bounding_box_x4,in_bounding_box_y4,out_bounding_box_x1,out_bounding_box_y1,out_bounding_box_x2,out_bounding_box_y2,out_bounding_box_x3,out_bounding_box_y3,out_bounding_box_x4,out_bounding_box_y4
ROOM,-1264.50147,-641.59286,-349.88736,-641.59286,-349.88736,223.63238,-1264.50147,223.63238,-1264.50147,-641.59286,-349.88736,-641.59286,-349.88736,223.63238,-1264.50147,223.63238
TABLE,-90,-45,90,-45,90,45,-90,45,-780.2265014648438,-120.8055648803711,-600.2265014648438,-120.8055648803711,-600.2265014648438,-30.805564880371094,-780.2265014648438,-30.805564880371094
STORAGE_FURNITURE,-64.9,-23.05,64.9,-23.05,64.9,23.05,-64.9,23.05,-366.1245083521415,-541.6275668490665,-363.3042579367389,-411.8582091886603,-409.39337494863975,-410.8565640103085,-412.21362536404234,-540.6259216707147
SOFA,-130.3,-83.7,130.3,-83.7,130.3,83.7,-130.3,83.7,-632.4495727539063,-331.3515502929688,-632.4495727539062,-591.9515502929688,-465.0495727539062,-591.9515502929687,-465.0495727539063,-331.3515502929687
