in_product_family,in_bounding_box_x1,in_bounding_box_y1,in_bounding_box_x2,in_bounding_box_y2,in_bounding_box_x3,in_bounding_box_y3,in_bounding_box_x4,in_bounding_box_y4,out_bounding_box_x1,out_bounding_box_y1,out_bounding_box_x2,out_bounding_box_y2,out_bounding_box_x3,out_bounding_box_y3,out_bounding_box_x4,out_bounding_box_y4
ROOM,-177,-224.16929,394.63429,-224.16929,394.63429,171.31597,-177,171.31597,-177,-224.16929,394.63429,-224.16929,394.63429,171.31597,-177,171.31597
SOFA,-101,-46.8,101,-46.8,101,46.8,-101,46.8,194.59220581054683,-169.5485610961914,194.5922058105469,32.45143890380858,100.9922058105469,32.45143890380861,100.99220581054685,-169.5485610961914
STORAGE_FURNITURE,-70,-17.5,70,-17.5,70,17.5,-70,17.5,-176.99000549316403,-12.127342224121094,-176.9900054931641,-152.1273422241211,-141.9900054931641,-152.1273422241211,-141.99000549316403,-12.127342224121094
DECORATION,-145,-100,145,-100,145,100,-145,100,-121.17196688403101,87.45800758401955,-121.17196622143774,-202.54199241598045,78.82803377856226,-202.54199195901955,78.82803311596899,87.45800804098045
TABLE,-44.35,-45,44.35,-45,44.35,45,-44.35,45,38.12583670059473,-45.59504572376283,-0.3895824322170931,34.306471715043266,-81.46214804092676,-4.773434958610217,-42.946728908114935,-84.67495239741632
TABLE,-34.9,-35.4,34.9,-35.4,34.9,35.4,-34.9,35.4,-41.48339048730358,-55.31418286619784,-18.434625076075307,-121.1988883221545,48.39398733483776,-97.81991137208341,25.345221923609486,-31.935205916126748
SEATING,-34,-33.5,34,-33.5,34,33.5,-34,33.5,98.9482323640309,130.12619118149516,38.679535639078196,161.617208870285,7.651621151594092,102.23481650893453,67.9203178765468,70.74379882014469
