in_product_family,in_bounding_box_x1,in_bounding_box_y1,in_bounding_box_x2,in_bounding_box_y2,in_bounding_box_x3,in_bounding_box_y3,in_bounding_box_x4,in_bounding_box_y4,out_bounding_box_x1,out_bounding_box_y1,out_bounding_box_x2,out_bounding_box_y2,out_bounding_box_x3,out_bounding_box_y3,out_bounding_box_x4,out_bounding_box_y4
ROOM,-58.38433,-445.02759,481.61567,-445.02759,481.61567,132.78541,-58.38433,132.78541,-58.38433,-445.02759,481.61567,-445.02759,481.61567,132.78541,-58.38433,132.78541
SOFA,-123.3,-47.05,123.3,-47.05,123.3,47.05,-123.3,47.05,481.6057250976562,-416.20130615234376,481.60572509765626,-169.60130615234377,387.5057250976563,-169.60130615234374,387.50572509765624,-416.2013061523437
TABLE,-60,-60,60,-60,60,60,-60,60,46.34661865234375,-345.24932861328125,166.34661865234375,-345.24932861328125,166.34661865234375,-225.24932861328125,46.34661865234375,-225.24932861328125
TABLE,-70.3,-35,70.3,-35,70.3,35,-70.3,35,-58.37433128356933,-81.24571990966797,82.22566871643066,-81.24571990966797,82.22566871643066,-11.245719909667969,-58.37433128356933,-11.245719909667969
STORAGE_FURNITURE,-48.5,-17.75,48.5,-17.75,48.5,17.75,-48.5,17.75,-58.37433242797853,-129.3423614501953,-58.3743324279785,-226.3423614501953,-22.8743324279785,-226.3423614501953,-22.87433242797853,-129.3423614501953
STORAGE_FURNITURE,-48.5,-17.75,48.5,-17.75,48.5,17.75,-48.5,17.75,-58.3743324279785,-226.3423614501953,-58.37433242797847,-323.3423614501953,-22.874332427978473,-323.3423614501953,-22.8743324279785,-226.3423614501953
STORAGE_FURNITURE,-48.5,-17.75,48.5,-17.75,48.5,17.75,-48.5,17.75,-58.37433242797853,-323.35235595703125,-58.3743324279785,-420.35235595703125,-22.8743324279785,-420.35235595703125,-22.87433242797853,-323.35235595703125
TABLE,-44.95,-44.95,44.95,-44.95,44.95,44.95,-44.95,44.95,254.30149536132814,-322.0831787109375,344.2014953613281,-322.0831787109375,344.2014953613281,-232.1831787109375,254.30149536132814,-232.1831787109375
SEATING,-44,-48.5,44,-48.5,44,48.5,-44,48.5,338.2533857740049,-102.01402130559495,250.25338577400495,-102.01402434870198,250.25338912833882,-199.01402434870192,338.25338912833877,-199.0140213055949
