in_product_family,in_bounding_box_x1,in_bounding_box_y1,in_bounding_box_x2,in_bounding_box_y2,in_bounding_box_x3,in_bounding_box_y3,in_bounding_box_x4,in_bounding_box_y4,out_bounding_box_x1,out_bounding_box_y1,out_bounding_box_x2,out_bounding_box_y2,out_bounding_box_x3,out_bounding_box_y3,out_bounding_box_x4,out_bounding_box_y4
ROOM,-487.87234,-211.25,-40,-211.25,-40,652.35475,-487.87234,652.35475,-487.87234,-211.25,-40,-211.25,-40,652.35475,-487.87234,652.35475
RADIATOR,-40,-7.5,40,-7.5,40,7.5,-40,7.5,-44.336405867962284,438.3361326737934,-45.27188134947162,518.3306630219583,-60.27085578975256,518.1552613691754,-59.335380308243224,438.16073102101035
RADIATOR,-40,-7.5,40,-7.5,40,7.5,-40,7.5,-42.43894874515955,276.1873899980121,-43.374424226668886,356.18192034617715,-58.373398666949825,356.0065186933941,-57.43792318544049,276.0119883452291
RADIATOR,-40,-7.5,40,-7.5,40,7.5,-40,7.5,-40.412387008099,103.00574937301211,-41.34786248960834,183.00027972117715,-56.34683692988928,182.82487806839413,-55.41136144837994,102.83034772022911
TABLE,-87.5,-45,87.5,-45,87.5,45,-87.5,45,-237.31875610351562,303.67291259765625,-62.318756103515625,303.67291259765625,-62.318756103515625,393.67291259765625,-237.31875610351562,393.67291259765625
TABLE,-94.7,-49.9,94.7,-49.9,94.7,49.9,-94.7,49.9,-462.3900207519531,621.1898681640625,-462.39002075195316,431.7898681640625,-362.59002075195315,431.78986816406245,-362.5900207519531,621.1898681640625
TABLE,-94.7,-49.9,94.7,-49.9,94.7,49.9,-94.7,49.9,-462.3900207519531,442.38444824218755,-462.39002075195316,252.9844482421875,-362.59002075195315,252.98444824218748,-362.5900207519531,442.3844482421875
TABLE,-94.7,-49.9,94.7,-49.9,94.7,49.9,-94.7,49.9,-462.389990234375,253.79947204589845,-462.38999023437503,64.39947204589845,-362.589990234375,64.39947204589842,-362.58999023437497,253.79947204589843
