in_product_family,in_bounding_box_x1,in_bounding_box_y1,in_bounding_box_x2,in_bounding_box_y2,in_bounding_box_x3,in_bounding_box_y3,in_bounding_box_x4,in_bounding_box_y4,out_bounding_box_x1,out_bounding_box_y1,out_bounding_box_x2,out_bounding_box_y2,out_bounding_box_x3,out_bounding_box_y3,out_bounding_box_x4,out_bounding_box_y4
ROOM,37.94215,-498.15623,890.54906,-498.15623,890.54906,-21.49141,37.94215,-21.49141,37.94215,-498.15623,890.54906,-498.15623,890.54906,-21.49141,37.94215,-21.49141
SOFA,-91,-45,91,-45,91,45,-91,45,147.8575054661614,-129.94255196914716,115.81889878237682,-309.1003809405928,204.41342959243235,-324.9436479820247,236.45203627621692,-145.7858190105791
STORAGE_FURNITURE,-27.85,-27.85,27.85,-27.85,27.85,27.85,-27.85,27.85,416.576513671875,-87.73698959350585,472.276513671875,-87.73698959350585,472.276513671875,-32.03698959350586,416.576513671875,-32.03698959350586
SEATING,-40,-35.55,40,-35.55,40,35.55,-40,35.55,127.49569309951264,-402.7817808827372,171.02809165507222,-469.9005582553914,230.67990504501861,-431.2111390391378,187.14750648945903,-364.0923616664836
STORAGE_FURNITURE,-75.25,-20.35,75.25,-20.35,75.25,20.35,-75.25,20.35,517.44423828125,-401.56903076171875,517.44423828125,-251.06903076171875,476.74423828125,-251.06903076171875,476.74423828125003,-401.56903076171875
VEGETATION,-19.1,-18.95,19.1,-18.95,19.1,18.95,-19.1,18.95,461.54962768554685,-235.1094543457031,499.7496276855469,-235.1094543457031,499.7496276855469,-197.20945434570314,461.54962768554685,-197.20945434570314
DECORATION,-30.15,-28.95,30.15,-28.95,30.15,28.95,-30.15,28.95,52.98114166259766,-489.2025634765625,113.28114166259766,-489.2025634765625,113.28114166259766,-431.3025634765625,52.98114166259766,-431.3025634765625
DECORATION,-75,-100,75,-100,75,100,-75,100,222.8012477369747,-388.76507735580003,372.58720741698346,-396.7754632852533,383.2677219895878,-197.06085037857494,233.48176230957904,-189.05046444912168
STORAGE_FURNITURE,-60,-16.9,60,-16.9,60,16.9,-60,16.9,377.0151672363281,-498.1462158203125,497.0151672363281,-498.1462158203125,497.0151672363281,-464.3462158203125,377.0151672363281,-464.3462158203125
