in_product_family,in_bounding_box_x1,in_bounding_box_y1,in_bounding_box_x2,in_bounding_box_y2,in_bounding_box_x3,in_bounding_box_y3,in_bounding_box_x4,in_bounding_box_y4,out_bounding_box_x1,out_bounding_box_y1,out_bounding_box_x2,out_bounding_box_y2,out_bounding_box_x3,out_bounding_box_y3,out_bounding_box_x4,out_bounding_box_y4
ROOM,-371.86151,-540.84541,259.96656,-540.84541,259.96656,400,-371.86151,400,-371.86151,-540.84541,259.96656,-540.84541,259.96656,400,-371.86151,400
SOFA,-107.8,-40.7,107.8,-40.7,107.8,40.7,-107.8,40.7,-361.97807617187493,-289.66978759765624,-361.97807617187505,-505.2697875976562,-280.57807617187507,-505.26978759765626,-280.57807617187495,-289.6697875976563
STORAGE_FURNITURE,-75,-22.5,75,-22.5,75,22.5,-75,22.5,-18.34275817871096,-472.6098937988281,-18.342758178710916,-322.6098937988281,-63.342758178710916,-322.6098937988281,-63.34275817871096,-472.6098937988281
TABLE,-40,-40,40,-40,40,40,-40,40,-246.99876403808594,-435.46160888671875,-166.99876403808594,-435.46160888671875,-166.99876403808594,-355.46160888671875,-246.99876403808594,-355.46160888671875
DECORATION,-75,-100,75,-100,75,100,-75,100,-273.88011169433594,-495.4615783691406,-123.88011169433594,-495.4615783691406,-123.88011169433594,-295.4615783691406,-273.88011169433594,-295.4615783691406
TABLE,-70.3,-35,70.3,-35,70.3,35,-70.3,35,49.23448944091795,-106.51128082275392,49.23448944091799,34.08871917724608,-20.76551055908201,34.088719177246105,-20.765510559082053,-106.51128082275389
