in_product_family,in_bounding_box_x1,in_bounding_box_y1,in_bounding_box_x2,in_bounding_box_y2,in_bounding_box_x3,in_bounding_box_y3,in_bounding_box_x4,in_bounding_box_y4,out_bounding_box_x1,out_bounding_box_y1,out_bounding_box_x2,out_bounding_box_y2,out_bounding_box_x3,out_bounding_box_y3,out_bounding_box_x4,out_bounding_box_y4
ROOM,-487.54918,-460.5186,797.88643,-460.5186,797.88643,49.27522,-487.54918,49.27522,-487.54918,-460.5186,797.88643,-460.5186,797.88643,49.27522,-487.54918,49.27522
SOFA,-163.65,-78.8,163.65,-78.8,163.65,78.8,-163.65,78.8,487.3597290039062,-76.26896057128909,487.3597290039063,-403.5689605712891,644.9597290039063,-403.56896057128904,644.9597290039062,-76.26896057128903
TABLE,-90,-45,90,-45,90,45,-90,45,258.2650146484375,-155.8267059326172,258.2650146484375,-335.8267059326172,348.2650146484375,-335.8267059326172,348.2650146484375,-155.8267059326172
