in_product_family,in_bounding_box_x1,in_bounding_box_y1,in_bounding_box_x2,in_bounding_box_y2,in_bounding_box_x3,in_bounding_box_y3,in_bounding_box_x4,in_bounding_box_y4,out_bounding_box_x1,out_bounding_box_y1,out_bounding_box_x2,out_bounding_box_y2,out_bounding_box_x3,out_bounding_box_y3,out_bounding_box_x4,out_bounding_box_y4
ROOM,-190.05466,326.46454,742.07247,326.46454,742.07247,890.64949,-190.05466,890.64949,-190.05466,326.46454,742.07247,326.46454,742.07247,890.64949,-190.05466,890.64949
STORAGE_FURNITURE,-75.25,-20.35,75.25,-20.35,75.25,20.35,-75.25,20.35,-149.34465637207035,711.352783203125,-149.3446563720703,861.852783203125,-190.04465637207028,861.852783203125,-190.04465637207034,711.352783203125
TABLE,-70,-35,70,-35,70,35,-70,35,217.3084716796875,579.30810546875,357.3084716796875,579.30810546875,357.3084716796875,649.30810546875,217.3084716796875,649.30810546875
