in_product_family,in_bounding_box_x1,in_bounding_box_y1,in_bounding_box_x2,in_bounding_box_y2,in_bounding_box_x3,in_bounding_box_y3,in_bounding_box_x4,in_bounding_box_y4,out_bounding_box_x1,out_bounding_box_y1,out_bounding_box_x2,out_bounding_box_y2,out_bounding_box_x3,out_bounding_box_y3,out_bounding_box_x4,out_bounding_box_y4
ROOM,-1531.2518,-374.81445,-948.07839,-374.81445,-948.07839,29.96505,-1531.2518,29.96505,-1531.2518,-374.81445,-948.07839,-374.81445,-948.07839,29.96505,-1531.2518,29.96505
SOFA,-163.65,-78.8,163.65,-78.8,163.65,78.8,-163.65,78.8,-1092.4113037109375,-297.34496154785154,-1092.4113037109375,29.95503845214847,-1250.0113037109375,29.955038452148415,-1250.0113037109375,-297.3449615478516
STORAGE_FURNITURE,-73.5,-17.5,73.5,-17.5,73.5,17.5,-73.5,17.5,-1531.2418212890625,-100.49134826660156,-1531.2418212890625,-247.49134826660156,-1496.2418212890625,-247.49134826660156,-1496.2418212890625,-100.49134826660156
TABLE,-50,-50,50,-50,50,50,-50,50,-1435.6783447265625,-195.47837829589844,-1335.6783447265625,-195.47837829589844,-1335.6783447265625,-95.47837829589844,-1435.6783447265625,-95.47837829589844
