in_product_family,in_bounding_box_x1,in_bounding_box_y1,in_bounding_box_x2,in_bounding_box_y2,in_bounding_box_x3,in_bounding_box_y3,in_bounding_box_x4,in_bounding_box_y4,out_bounding_box_x1,out_bounding_box_y1,out_bounding_box_x2,out_bounding_box_y2,out_bounding_box_x3,out_bounding_box_y3,out_bounding_box_x4,out_bounding_box_y4
ROOM,183.59228,142.91483,1465.23933,142.91483,1465.23933,1370.77225,183.59228,1370.77225,183.59228,142.91483,1465.23933,142.91483,1465.23933,1370.77225,183.59228,1370.77225
SEATING,-26.1,-30.6,26.1,-30.6,26.1,30.6,-26.1,30.6,455.6105895996094,973.8224243164062,455.6105895996094,1026.0224243164062,394.41058959960935,1026.0224243164062,394.41058959960935,973.8224243164062
SEATING,-26.1,-30.6,26.1,-30.6,26.1,30.6,-26.1,30.6,449.7978454589844,1052.86337890625,449.7978454589844,1105.06337890625,388.59784545898435,1105.06337890625,388.59784545898435,1052.86337890625
SEATING,-26.1,-30.6,26.1,-30.6,26.1,30.6,-26.1,30.6,257.4440958440701,924.0961333706595,259.52113072482564,871.9374722863857,320.67266440983616,874.3726166293405,318.5956295290806,926.5312777136143
SEATING,-26.1,-30.6,26.1,-30.6,26.1,30.6,-26.1,30.6,255.66312255859376,995.52919921875,255.66312255859373,943.32919921875,316.8631225585937,943.32919921875,316.8631225585938,995.52919921875
SEATING,-26.1,-30.6,26.1,-30.6,26.1,30.6,-26.1,30.6,454.93364868164065,948.0118774414062,454.93364868164065,1000.2118774414063,393.7336486816406,1000.2118774414063,393.7336486816406,948.0118774414062
SEATING,-26.1,-30.6,26.1,-30.6,26.1,30.6,-26.1,30.6,260.2949564397732,852.504702706597,262.37199132052876,800.3460416223232,323.5235250055393,802.781185965278,321.44649012478374,854.9398470495518
SEATING,-49.4,-58.9,49.4,-58.9,49.4,58.9,-49.4,58.9,1480.2723167299446,730.5504837409804,1439.948009386833,820.7468818802536,1332.4061500669304,772.6679000480821,1372.730457410042,682.4715019088089
TABLE,-129.8,-44.75,129.8,-44.75,129.8,44.75,-129.8,44.75,422.27493286132807,900.23564453125,422.2749328613282,1159.83564453125,332.7749328613282,1159.83564453125,332.77493286132807,900.23564453125
