in_product_family,in_bounding_box_x1,in_bounding_box_y1,in_bounding_box_x2,in_bounding_box_y2,in_bounding_box_x3,in_bounding_box_y3,in_bounding_box_x4,in_bounding_box_y4,out_bounding_box_x1,out_bounding_box_y1,out_bounding_box_x2,out_bounding_box_y2,out_bounding_box_x3,out_bounding_box_y3,out_bounding_box_x4,out_bounding_box_y4
ROOM,-670.73378,-432.74331,621.60006,-432.74331,621.60006,543.96794,-670.73378,543.96794,-670.73378,-432.74331,621.60006,-432.74331,621.60006,543.96794,-670.73378,543.96794
STORAGE_FURNITURE,-75,-21,75,-21,75,21,-75,21,605.1226643362069,531.250717035555,455.12874726159447,532.6015836515865,454.7505046091057,490.60328687069494,604.7444216837181,489.25242025466355
STORAGE_FURNITURE,-75,-21,75,-21,75,21,-75,21,394.73857009792556,533.1158293402425,244.74465302331322,534.466695956274,244.36641037082444,492.46839917538244,394.3603274454368,491.11753255935105
