in_product_family,in_bounding_box_x1,in_bounding_box_y1,in_bounding_box_x2,in_bounding_box_y2,in_bounding_box_x3,in_bounding_box_y3,in_bounding_box_x4,in_bounding_box_y4,out_bounding_box_x1,out_bounding_box_y1,out_bounding_box_x2,out_bounding_box_y2,out_bounding_box_x3,out_bounding_box_y3,out_bounding_box_x4,out_bounding_box_y4
ROOM,34,-849.31535,1076.21613,-849.31535,1076.21613,-363.45588,34,-363.45588,34,-849.31535,1076.21613,-849.31535,1076.21613,-363.45588,34,-363.45588
TABLE,-87.5,-45,87.5,-45,87.5,45,-87.5,45,580.1768188476562,-674.3052978515625,580.1768188476562,-849.3052978515625,670.1768188476562,-849.3052978515625,670.1768188476562,-674.3052978515625
STORAGE_FURNITURE,-70,-17.5,70,-17.5,70,17.5,-70,17.5,980.0902099609375,-456.55908203125,840.0902099609375,-456.55908203125,840.0902099609375,-491.55908203125,980.0902099609375,-491.55908203125
STORAGE_FURNITURE,-50,-17.5,50,-17.5,50,17.5,-50,17.5,34.01000213623047,-481.5348815917969,134.01000213623047,-481.5348815917969,134.01000213623047,-446.5348815917969,34.01000213623047,-446.5348815917969
SOFA,-123.3,-125,123.3,-125,123.3,125,-123.3,125,829.6063720703125,-849.3131103515625,1076.2063720703125,-849.3131103515625,1076.2063720703125,-599.3131103515625,829.6063720703125,-599.3131103515625
SEATING,-47.35,-22.75,47.35,-22.75,47.35,22.75,-47.35,22.75,529.4634367728873,-755.4362564051739,529.4634431099253,-850.1362564051736,574.9634431099252,-850.1362533604511,574.9634367728872,-755.4362533604514
SEATING,-47.35,-22.75,47.35,-22.75,47.35,22.75,-47.35,22.75,528.9467741752311,-704.7219619715802,528.946780512269,-799.4219619715799,574.4467805122689,-799.4219589268573,574.446774175231,-704.7219589268576
SEATING,-47.35,-22.75,47.35,-22.75,47.35,22.75,-47.35,22.75,717.5286859063641,-801.5934084996069,717.5286871405109,-706.893408499607,672.0286871405109,-706.8934079066431,672.0286859063641,-801.593407906643
SEATING,-47.35,-22.75,47.35,-22.75,47.35,22.75,-47.35,22.75,718.0452264337079,-852.3078860386694,718.0452276678546,-757.6078860386694,672.5452276678546,-757.6078854457056,672.5452264337079,-852.3078854457056
