in_product_family,in_bounding_box_x1,in_bounding_box_y1,in_bounding_box_x2,in_bounding_box_y2,in_bounding_box_x3,in_bounding_box_y3,in_bounding_box_x4,in_bounding_box_y4,out_bounding_box_x1,out_bounding_box_y1,out_bounding_box_x2,out_bounding_box_y2,out_bounding_box_x3,out_bounding_box_y3,out_bounding_box_x4,out_bounding_box_y4
ROOM,-211.18746,360.74194,1137.96907,360.74194,1137.96907,1231.90741,-211.18746,1231.90741,-211.18746,360.74194,1137.96907,360.74194,1137.96907,1231.90741,-211.18746,1231.90741
SOFA,-93,-54.5,93,-54.5,93,54.5,-93,54.5,1146.91748046875,387.3335266113281,1146.91748046875,573.3335266113281,1037.91748046875,573.3335266113281,1037.91748046875,387.3335266113281
STORAGE_FURNITURE,-90,-22.5,90,-22.5,90,22.5,-90,22.5,818.1292802336978,380.3044125288997,812.581888107402,560.2189101120492,767.6032637116147,558.8320620804752,773.1506558379104,378.91756449732577
STORAGE_FURNITURE,-49.75,-21.45,49.75,-21.45,49.75,21.45,-49.75,21.45,117.33979797363281,1086.6944091796875,216.8397979736328,1086.6944091796875,216.8397979736328,1129.5944091796875,117.33979797363281,1129.5944091796875
STORAGE_FURNITURE,-44.5,-16.1,44.5,-16.1,44.5,16.1,-44.5,16.1,28.329795837402344,1086.69443359375,117.32979583740234,1086.69443359375,117.32979583740234,1118.89443359375,28.329795837402344,1118.89443359375
SEATING,-49.4,-58.9,49.4,-58.9,49.4,58.9,-49.4,58.9,-211.17711486816404,1206.706640625,-211.1771148681641,1107.906640625,-93.37711486816409,1107.906640625,-93.37711486816404,1206.706640625
