in_product_family,in_bounding_box_x1,in_bounding_box_y1,in_bounding_box_x2,in_bounding_box_y2,in_bounding_box_x3,in_bounding_box_y3,in_bounding_box_x4,in_bounding_box_y4,out_bounding_box_x1,out_bounding_box_y1,out_bounding_box_x2,out_bounding_box_y2,out_bounding_box_x3,out_bounding_box_y3,out_bounding_box_x4,out_bounding_box_y4
ROOM,1440.75833,1035.04745,1954.43782,1035.04745,1954.43782,1618.65082,1440.75833,1618.65082,1440.75833,1035.04745,1954.43782,1035.04745,1954.43782,1618.65082,1440.75833,1618.65082
STORAGE_FURNITURE,-75.25,-20.35,75.25,-20.35,75.25,20.35,-75.25,20.35,1626.8517822265626,1433.639404296875,1626.8517822265624,1283.139404296875,1667.5517822265624,1283.139404296875,1667.5517822265626,1433.639404296875
TABLE,-50,-30,50,-30,50,30,-50,30,1686.3046875,1254.6383056640625,1686.3046875,1154.6383056640625,1746.3046875,1154.6383056640625,1746.3046875,1254.6383056640625
SOFA,-125.5,-81.75,125.5,-81.75,125.5,81.75,-125.5,81.75,1930.5107421875,1180.2432861328125,1930.5107421875,1431.2432861328125,1767.0107421875,1431.2432861328125,1767.0107421875,1180.2432861328125
TABLE,-100,-47.65,100,-47.65,100,47.65,-100,47.65,1640.7683113547355,1250.4604231092824,1440.7683113547355,1250.4604265000926,1440.7683097390145,1155.1604265000926,1640.7683097390145,1155.1604231092824
SEATING,-20.55,-25,20.55,-25,20.55,25,-20.55,25,1523.7323734707263,1270.5537105890942,1482.6323734707262,1270.5537112859058,1482.6323726230237,1220.5537112859058,1523.7323726230238,1220.5537105890942
SEATING,-20.55,-25,20.55,-25,20.55,25,-20.55,25,1602.7323734707263,1270.5538326594067,1561.6323734707262,1270.5538333562183,1561.6323726230237,1220.5538333562183,1602.7323726230238,1220.5538326594067
SEATING,-20.55,-25,20.55,-25,20.55,25,-20.55,25,1561.6323692914586,1136.0603058213278,1602.732369291458,1136.0602996474229,1602.7323768022914,1186.0602996474222,1561.632376802292,1186.0603058213271
SEATING,-20.55,-25,20.55,-25,20.55,25,-20.55,25,1482.6323692914586,1136.0604278916403,1523.732369291458,1136.0604217177354,1523.7323768022914,1186.0604217177347,1482.632376802292,1186.0604278916396
