in_product_family,in_bounding_box_x1,in_bounding_box_y1,in_bounding_box_x2,in_bounding_box_y2,in_bounding_box_x3,in_bounding_box_y3,in_bounding_box_x4,in_bounding_box_y4,out_bounding_box_x1,out_bounding_box_y1,out_bounding_box_x2,out_bounding_box_y2,out_bounding_box_x3,out_bounding_box_y3,out_bounding_box_x4,out_bounding_box_y4
ROOM,-750.31525,-1842.16573,-85.31525,-1842.16573,-85.31525,-640.16587,-750.31525,-640.16587,-750.31525,-1842.16573,-85.31525,-1842.16573,-85.31525,-640.16587,-750.31525,-640.16587
LIGHTING,-8.5,-9.5,8.5,-9.5,8.5,9.5,-8.5,9.5,-730.3252563476562,-1345.115966796875,-730.3252563476562,-1328.115966796875,-749.3252563476562,-1328.115966796875,-749.3252563476562,-1345.115966796875
