in_product_family,in_bounding_box_x1,in_bounding_box_y1,in_bounding_box_x2,in_bounding_box_y2,in_bounding_box_x3,in_bounding_box_y3,in_bounding_box_x4,in_bounding_box_y4,out_bounding_box_x1,out_bounding_box_y1,out_bounding_box_x2,out_bounding_box_y2,out_bounding_box_x3,out_bounding_box_y3,out_bounding_box_x4,out_bounding_box_y4
ROOM,-221,-151.08,198.50073,-151.08,198.50073,389.01,-221,389.01,-221,-151.08,198.50073,-151.08,198.50073,389.01,-221,389.01
SOFA,-93,-55,93,-55,93,55,-93,55,198.4907379150391,139.75856018066406,198.49073791503903,325.75856018066406,88.49073791503903,325.75856018066406,88.49073791503909,139.75856018066406
TABLE,-37.4,-37.5,37.4,-37.5,37.4,37.5,-37.4,37.5,123.69072875976562,2.9725723266601562,198.49072875976563,2.9725723266601562,198.49072875976563,77.97257232666016,123.69072875976562,77.97257232666016
TABLE,-22.5,-22.5,22.5,-22.5,22.5,22.5,-22.5,22.5,21.720717251604054,279.66723519593995,21.720719515974128,234.66723519593998,66.72071951597407,234.66723746031008,66.720717251604,279.66723746031
TABLE,-20,-20,20,-20,20,20,-20,20,24.42935080025395,248.4071797797461,24.42935281302735,208.40717977974614,64.4293528130273,208.40718179251954,64.4293508002539,248.40718179251948
TABLE,-17.5,-17.5,17.5,-17.5,17.5,17.5,-17.5,17.5,26.86233813918705,226.14720065749756,26.862339900363775,191.1472006574976,61.862339900363736,191.1472024186743,61.862338139187,226.14720241867428
TABLE,-58.85,-25.3,58.85,-25.3,58.85,25.3,-58.85,25.3,-120.56612091064451,339.66814575195315,-120.56612091064456,221.96814575195313,-69.96612091064455,221.9681457519531,-69.9661209106445,339.66814575195315
SEATING,-18.15,-18.15,18.15,-18.15,18.15,18.15,-18.15,18.15,87.38073120117187,20.156732177734376,123.68073120117188,20.156732177734376,123.68073120117188,56.456732177734374,87.38073120117187,56.456732177734374
SEATING,-18.15,-18.15,18.15,-18.15,18.15,18.15,-18.15,18.15,143.01014099121093,77.98257598876953,179.31014099121094,77.98257598876953,179.31014099121094,114.28257598876954,143.01014099121093,114.28257598876954
