in_product_family,in_bounding_box_x1,in_bounding_box_y1,in_bounding_box_x2,in_bounding_box_y2,in_bounding_box_x3,in_bounding_box_y3,in_bounding_box_x4,in_bounding_box_y4,out_bounding_box_x1,out_bounding_box_y1,out_bounding_box_x2,out_bounding_box_y2,out_bounding_box_x3,out_bounding_box_y3,out_bounding_box_x4,out_bounding_box_y4
ROOM,-323.03469,-310.91851,1.74274,-310.91851,1.74274,23.59299,-323.03469,23.59299,-323.03469,-310.91851,1.74274,-310.91851,1.74274,23.59299,-323.03469,23.59299
SOFA,-110.5,-45.5,110.5,-45.5,110.5,45.5,-110.5,45.5,-102.02468872070312,23.592979431152358,-323.0246887207031,23.59297943115233,-323.0246887207031,-67.40702056884767,-102.02468872070312,-67.40702056884764
SEATING,-26,-30,26,-30,26,30,-26,30,-178.72278636992795,-265.15085249378814,-149.8956155000246,-308.428955728997,-99.95934253632205,-275.1668354944931,-128.7865134062254,-231.88873225928427
SEATING,-26,-30,26,-30,26,30,-26,30,-39.137605782036495,-310.9171028634413,1.7328377873394558,-278.7673463722569,-35.36303508710413,-231.60914225374617,-76.23347865648009,-263.7588987449306
SEATING,-26,-30,26,-30,26,30,-26,30,1.7327336213979834,-186.51966765260795,-25.727354700931553,-142.3615025035683,-76.67908371905423,-174.04621979856392,-49.218995396724694,-218.2043849476036
TABLE,-35,-35,35,-35,35,35,-35,35,-97.3337389293789,-275.88965696044323,-40.38426119141225,-235.18637717400782,-81.08754097784767,-178.23689943604114,-138.03701871581433,-218.94017922247656
STORAGE_FURNITURE,-58.5,-25,58.5,-25,58.5,25,-58.5,25,-306.3719940185547,-307.1396179199219,-189.3719940185547,-307.1396179199219,-189.3719940185547,-257.1396179199219,-306.3719940185547,-257.1396179199219
DECORATION,-60,-85,60,-85,60,85,-60,85,-128.8572998046875,-187.41702270507815,-128.8572998046875,-67.41702270507815,-298.8572998046875,-67.4170227050781,-298.8572998046875,-187.4170227050781
LIGHTING,-39.5,-7.55,39.5,-7.55,39.5,7.55,-39.5,7.55,-194.21258544921875,-151.73374633789064,-115.21258544921875,-151.73374633789064,-115.21258544921875,-136.6337463378906,-194.21258544921875,-136.6337463378906
