in_product_family,in_bounding_box_x1,in_bounding_box_y1,in_bounding_box_x2,in_bounding_box_y2,in_bounding_box_x3,in_bounding_box_y3,in_bounding_box_x4,in_bounding_box_y4,out_bounding_box_x1,out_bounding_box_y1,out_bounding_box_x2,out_bounding_box_y2,out_bounding_box_x3,out_bounding_box_y3,out_bounding_box_x4,out_bounding_box_y4
ROOM,-500,-400,500,-400,500,103.62928,-500,103.62928,-500,-400,500,-400,500,103.62928,-500,103.62928
TABLE,-98.4,-48,98.4,-48,98.4,48,-98.4,48,-319.4858703613281,-399.98999633789066,-319.4858703613281,-203.18999633789065,-415.4858703613281,-203.1899963378906,-415.4858703613281,-399.9899963378906
SEATING,-48.2,-25.2,48.2,-25.2,48.2,25.2,-48.2,25.2,-465.6958801269531,-292.73313598632814,-465.6958801269531,-389.1331359863281,-415.29588012695314,-389.1331359863281,-415.29588012695314,-292.73313598632814
SEATING,-48.2,-25.2,48.2,-25.2,48.2,25.2,-48.2,25.2,-466.0619689941406,-242.3408630371094,-466.0619689941406,-338.74086303710936,-415.66196899414064,-338.74086303710936,-415.66196899414064,-242.34086303710936
SEATING,-48.2,-25.2,48.2,-25.2,48.2,25.2,-48.2,25.2,-269.27586059570314,-336.23814697265624,-269.27586059570314,-239.83814697265626,-319.6758605957031,-239.83814697265623,-319.6758605957031,-336.23814697265624
SEATING,-48.2,-25.2,48.2,-25.2,48.2,25.2,-48.2,25.2,-268.90977172851564,-386.6306945800781,-268.90977172851564,-290.23069458007814,-319.3097717285156,-290.23069458007814,-319.3097717285156,-386.6306945800781
SOFA,-98,-50,98,-50,98,50,-98,50,149.45368957519528,-203.989990234375,149.45368957519534,-399.989990234375,249.45368957519534,-399.989990234375,249.45368957519528,-203.989990234375
