in_product_family,in_bounding_box_x1,in_bounding_box_y1,in_bounding_box_x2,in_bounding_box_y2,in_bounding_box_x3,in_bounding_box_y3,in_bounding_box_x4,in_bounding_box_y4,out_bounding_box_x1,out_bounding_box_y1,out_bounding_box_x2,out_bounding_box_y2,out_bounding_box_x3,out_bounding_box_y3,out_bounding_box_x4,out_bounding_box_y4
ROOM,-479.17499,-277.18236,131.65307,-277.18236,131.65307,161.0493,-479.17499,161.0493,-479.17499,-277.18236,131.65307,-277.18236,131.65307,161.0493,-479.17499,161.0493
TABLE,-100,-50,100,-50,100,50,-100,50,-327.88414001464844,-60.3668737411499,-127.88414001464844,-60.3668737411499,-127.88414001464844,39.6331262588501,-327.88414001464844,39.6331262588501
SEATING,-65,-30,65,-30,65,30,-65,30,-330.180419921875,-120.37687683105469,-200.180419921875,-120.37687683105469,-200.180419921875,-60.37687683105469,-330.180419921875,-60.37687683105469
SEATING,-65,-30,65,-30,65,30,-65,30,-252.18040466308594,-120.37687683105469,-122.18040466308594,-120.37687683105469,-122.18040466308594,-60.37687683105469,-252.18040466308594,-60.37687683105469
SEATING,-65,-30,65,-30,65,30,-65,30,-128.47729521167028,99.64306703413979,-258.47729521167025,99.64306577836021,-258.47729463207975,39.64306577836022,-128.47729463207972,39.64306703413978
SEATING,-65,-30,65,-30,65,30,-65,30,-206.47741728198278,99.64312806929604,-336.47741728198275,99.64312681351646,-336.47741670239225,39.64312681351647,-206.47741670239222,39.64312806929603
