in_product_family,in_bounding_box_x1,in_bounding_box_y1,in_bounding_box_x2,in_bounding_box_y2,in_bounding_box_x3,in_bounding_box_y3,in_bounding_box_x4,in_bounding_box_y4,out_bounding_box_x1,out_bounding_box_y1,out_bounding_box_x2,out_bounding_box_y2,out_bounding_box_x3,out_bounding_box_y3,out_bounding_box_x4,out_bounding_box_y4
ROOM,-91.9369,-218.61913,422.08316,-218.61913,422.08316,297.1189,-91.9369,297.1189,-91.9369,-218.61913,422.08316,-218.61913,422.08316,297.1189,-91.9369,297.1189
RADIATOR,-29.45,-7.5,29.45,-7.5,29.45,7.5,-29.45,7.5,-89.03957105082053,-16.040627380708415,-89.88147343866503,-74.93461009854931,-74.88300585347635,-75.14901647915487,-74.04110346563185,-16.255033761313975
