in_product_family,in_bounding_box_x1,in_bounding_box_y1,in_bounding_box_x2,in_bounding_box_y2,in_bounding_box_x3,in_bounding_box_y3,in_bounding_box_x4,in_bounding_box_y4,out_bounding_box_x1,out_bounding_box_y1,out_bounding_box_x2,out_bounding_box_y2,out_bounding_box_x3,out_bounding_box_y3,out_bounding_box_x4,out_bounding_box_y4
ROOM,-307.5,-272.24193,252.5,-272.24193,252.5,216.9875,-307.5,216.9875,-307.5,-272.24193,252.5,-272.24193,252.5,216.9875,-307.5,216.9875
STORAGE_FURNITURE,-75,-22.55,75,-22.55,75,22.55,-75,22.55,-1.100909423828078,-170.0892105102539,-1.1009094238281705,-20.089210510253892,-46.20090942382817,-20.08921051025392,-46.20090942382808,-170.0892105102539
TABLE,-50.2,-27.55,50.2,-27.55,50.2,27.55,-50.2,27.55,-140.08000640869142,-39.03185729980469,-140.0800064086914,-139.4318572998047,-84.9800064086914,-139.43185729980468,-84.98000640869142,-39.03185729980468
SEATING,-30.45,-37.15,30.45,-37.15,30.45,37.15,-30.45,37.15,-78.87218769074502,49.699153931220906,-134.47426671256008,74.54304268583887,-164.7846268844503,6.706680266777141,-109.18254786263523,-18.137208487840823
DECORATION,-80,-115,80,-115,80,115,-80,115,-228.39669799804688,-198.81957244873047,-68.39669799804688,-198.81957244873047,-68.39669799804688,31.18042755126953,-228.39669799804688,31.18042755126953
SOFA,-130.3,-83.7,130.3,-83.7,130.3,83.7,-130.3,83.7,-307.48999328613286,-11.960162353515642,-307.48999328613274,-272.5601623535157,-140.08999328613277,-272.5601623535156,-140.08999328613285,-11.960162353515585
