in_product_family,in_bounding_box_x1,in_bounding_box_y1,in_bounding_box_x2,in_bounding_box_y2,in_bounding_box_x3,in_bounding_box_y3,in_bounding_box_x4,in_bounding_box_y4,out_bounding_box_x1,out_bounding_box_y1,out_bounding_box_x2,out_bounding_box_y2,out_bounding_box_x3,out_bounding_box_y3,out_bounding_box_x4,out_bounding_box_y4
ROOM,-863.49041,-1716.36852,-74.44718,-1716.36852,-74.44718,-1006.25067,-863.49041,-1006.25067,-863.49041,-1716.36852,-74.44718,-1716.36852,-74.44718,-1006.25067,-863.49041,-1006.25067
SOFA,-121.25,-79.45,121.25,-79.45,121.25,79.45,-121.25,79.45,-553.7006958007812,-1248.7598876953125,-553.7006958007813,-1006.2598876953125,-712.6006958007813,-1006.2598876953125,-712.6006958007812,-1248.7598876953125
TABLE,-89.65,-44.75,89.65,-44.75,89.65,44.75,-89.65,44.75,-363.3919372558593,-1586.3627685546876,-363.39193725585943,-1407.0627685546874,-452.89193725585943,-1407.0627685546874,-452.8919372558593,-1586.3627685546876
SEATING,-29,-28.5,29,-28.5,29,28.5,-29,28.5,-302.42206849072517,-1562.90294622528,-309.80553164286727,-1505.374827258283,-366.3417864897436,-1512.630989321595,-358.9583233376015,-1570.159108288592
SEATING,-29,-28.5,29,-28.5,29,28.5,-29,28.5,-300.5989828321578,-1472.178349474289,-312.34624241053234,-1415.3804455305844,-368.16487214831096,-1426.925166150711,-356.4176125699364,-1483.7230700944156
SEATING,-29,-28.5,29,-28.5,29,28.5,-29,28.5,-509.01300285856314,-1501.9742475037324,-511.728389682081,-1559.9106494838231,-454.7908911844056,-1562.5792192931426,-452.07550436088775,-1504.6428173130519
SEATING,-29,-28.5,29,-28.5,29,28.5,-29,28.5,-491.7856179835561,-1415.5414364364037,-521.1646941635343,-1465.5501345079497,-472.0182150242564,-1494.4226748917213,-442.63913884427825,-1444.4139768201753
