in_product_family,in_bounding_box_x1,in_bounding_box_y1,in_bounding_box_x2,in_bounding_box_y2,in_bounding_box_x3,in_bounding_box_y3,in_bounding_box_x4,in_bounding_box_y4,out_bounding_box_x1,out_bounding_box_y1,out_bounding_box_x2,out_bounding_box_y2,out_bounding_box_x3,out_bounding_box_y3,out_bounding_box_x4,out_bounding_box_y4
ROOM,-406.14746,-136,196.99005,-136,196.99005,484.86911,-406.14746,484.86911,-406.14746,-136,196.99005,-136,196.99005,484.86911,-406.14746,484.86911
SEATING,-42.5,-37,42.5,-37,42.5,37,-42.5,37,-78.17928264677481,-83.73686783018003,-9.35113718024428,-133.61357974704674,34.07094142973379,-73.6926060467731,-34.757204036796736,-23.815894129906397
SEATING,-42.5,-37,42.5,-37,42.5,37,-42.5,37,168.85484846960048,-83.75537317696424,196.98005295137264,-3.5433237525884635,127.14838639368078,20.942148384483772,99.02318191190861,-59.269901039892005
TABLE,-28,-28,28,-28,28,28,-28,28,35.97189412238959,-54.5465987367644,89.41156799030443,-37.80738558647271,72.67235484001276,15.632288281442136,19.232680972097903,-1.1069248688495534
