in_product_family,in_bounding_box_x1,in_bounding_box_y1,in_bounding_box_x2,in_bounding_box_y2,in_bounding_box_x3,in_bounding_box_y3,in_bounding_box_x4,in_bounding_box_y4,out_bounding_box_x1,out_bounding_box_y1,out_bounding_box_x2,out_bounding_box_y2,out_bounding_box_x3,out_bounding_box_y3,out_bounding_box_x4,out_bounding_box_y4
ROOM,-203.47945,138.83214,289.52055,138.83214,289.52055,788.74614,-203.47945,788.74614,-203.47945,138.83214,289.52055,138.83214,289.52055,788.74614,-203.47945,788.74614
SOFA,-109,-49,109,-49,109,49,-109,49,289.51055908203125,501.79052734375,289.51055908203125,719.79052734375,191.51055908203128,719.79052734375,191.51055908203122,501.79052734375
TABLE,-105,-37.5,105,-37.5,105,37.5,-105,37.5,140.53736877441412,396.5377502441406,140.537368774414,186.53775024414062,215.537368774414,186.53775024414062,215.53736877441412,396.5377502441406
