in_product_family,in_bounding_box_x1,in_bounding_box_y1,in_bounding_box_x2,in_bounding_box_y2,in_bounding_box_x3,in_bounding_box_y3,in_bounding_box_x4,in_bounding_box_y4,out_bounding_box_x1,out_bounding_box_y1,out_bounding_box_x2,out_bounding_box_y2,out_bounding_box_x3,out_bounding_box_y3,out_bounding_box_x4,out_bounding_box_y4
ROOM,-456.30278,-214.72224,316.4145,-214.72224,316.4145,497.78255,-456.30278,497.78255,-456.30278,-214.72224,316.4145,-214.72224,316.4145,497.78255,-456.30278,497.78255
SEATING,-18.15,-18.15,18.15,-18.15,18.15,18.15,-18.15,18.15,4.34504852294922,262.47747192382815,40.64504852294922,262.47747192382815,40.64504852294922,298.7774719238281,4.34504852294922,298.7774719238281
SEATING,-18.15,-18.15,18.15,-18.15,18.15,18.15,-18.15,18.15,-81.21029052734376,263.8065124511719,-81.21029052734374,300.10651245117185,-117.51029052734374,300.10651245117185,-117.51029052734376,263.8065124511719
SEATING,-18.15,-18.15,18.15,-18.15,18.15,18.15,-18.15,18.15,-56.12654342651366,320.0406555175781,-56.12654342651368,283.74065551757815,-19.82654342651368,283.74065551757815,-19.826543426513666,320.0406555175781
STORAGE_FURNITURE,-44.5,-16.1,44.5,-16.1,44.5,16.1,-44.5,16.1,188.5696563720703,497.7725463867188,99.56965637207031,497.7725463867188,99.56965637207031,465.5725463867187,188.5696563720703,465.5725463867187
STORAGE_FURNITURE,-40,-23.55,40,-23.55,40,23.55,-40,23.55,314.6364746598524,497.77256461152905,234.6364746598524,497.77256478300217,234.6364745588976,450.6725647830022,314.6364745588976,450.6725646115291
