in_product_family,in_bounding_box_x1,in_bounding_box_y1,in_bounding_box_x2,in_bounding_box_y2,in_bounding_box_x3,in_bounding_box_y3,in_bounding_box_x4,in_bounding_box_y4,out_bounding_box_x1,out_bounding_box_y1,out_bounding_box_x2,out_bounding_box_y2,out_bounding_box_x3,out_bounding_box_y3,out_bounding_box_x4,out_bounding_box_y4
ROOM,-56.10534,-361.86478,228.265,-361.86478,228.265,-8.05184,-56.10534,-8.05184,-56.10534,-361.86478,228.265,-361.86478,228.265,-8.05184,-56.10534,-8.05184
SOFA,-91,-45,91,-45,91,45,-91,45,228.2550048828125,-11.549343109130845,46.2550048828125,-11.549343109130874,46.2550048828125,-101.54934310913087,228.2550048828125,-101.54934310913085
SOFA,-91,-45,91,-45,91,45,-91,45,-68.8245716094971,-138.23716735839844,-68.82457160949704,-320.23716735839844,21.175428390502958,-320.23716735839844,21.1754283905029,-138.23716735839844
STORAGE_FURNITURE,-90,-22.5,90,-22.5,90,22.5,-90,22.5,228.25500488281253,-327.2801208496094,228.25500488281247,-147.28012084960938,183.25500488281247,-147.28012084960938,183.25500488281253,-327.2801208496094
TABLE,-50,-50,50,-50,50,50,-50,50,53.63835144042969,-274.6860809326172,153.6383514404297,-274.6860809326172,153.6383514404297,-174.6860809326172,53.63835144042969,-174.6860809326172
