in_product_family,in_bounding_box_x1,in_bounding_box_y1,in_bounding_box_x2,in_bounding_box_y2,in_bounding_box_x3,in_bounding_box_y3,in_bounding_box_x4,in_bounding_box_y4,out_bounding_box_x1,out_bounding_box_y1,out_bounding_box_x2,out_bounding_box_y2,out_bounding_box_x3,out_bounding_box_y3,out_bounding_box_x4,out_bounding_box_y4
ROOM,-2845.41737,6441.02227,-2122.20546,6441.02227,-2122.20546,6991.57113,-2845.41737,6991.57113,-2845.41737,6441.02227,-2122.20546,6441.02227,-2122.20546,6991.57113,-2845.41737,6991.57113
SEATING,-90,-14.75,90,-14.75,90,14.75,-90,14.75,-2604.133544921875,6967.884765625,-2604.133544921875,6787.884765625,-2574.633544921875,6787.884765625,-2574.633544921875,6967.884765625
SEATING,-90,-14.75,90,-14.75,90,14.75,-90,14.75,-2577.058837890625,6511.5712890625,-2577.058837890625,6691.5712890625,-2606.558837890625,6691.5712890625,-2606.558837890625,6511.5712890625
SEATING,-90,-14.75,90,-14.75,90,14.75,-90,14.75,-2482.759033203125,6594.99462890625,-2482.759033203125,6774.99462890625,-2512.259033203125,6774.99462890625,-2512.259033203125,6594.99462890625
SEATING,-90,-14.75,90,-14.75,90,14.75,-90,14.75,-2521.420166015625,6977.533203125,-2521.420166015625,6797.533203125,-2491.920166015625,6797.533203125,-2491.920166015625,6977.533203125
SEATING,-90,-14.75,90,-14.75,90,14.75,-90,14.75,-2405.74462890625,6594.98583984375,-2405.74462890625,6774.98583984375,-2435.24462890625,6774.98583984375,-2435.24462890625,6594.98583984375
SEATING,-90,-14.75,90,-14.75,90,14.75,-90,14.75,-2317.341552734375,6688.01513671875,-2317.341552734375,6868.01513671875,-2346.841552734375,6868.01513671875,-2346.841552734375,6688.01513671875
STORAGE_FURNITURE,-65.45,-20,65.45,-20,65.45,20,-65.45,20,-2835.456591796875,6593.5498046875,-2704.556591796875,6593.5498046875,-2704.556591796875,6633.5498046875,-2835.456591796875,6633.5498046875
