in_product_family,in_bounding_box_x1,in_bounding_box_y1,in_bounding_box_x2,in_bounding_box_y2,in_bounding_box_x3,in_bounding_box_y3,in_bounding_box_x4,in_bounding_box_y4,out_bounding_box_x1,out_bounding_box_y1,out_bounding_box_x2,out_bounding_box_y2,out_bounding_box_x3,out_bounding_box_y3,out_bounding_box_x4,out_bounding_box_y4
ROOM,-327.48628,429.74961,85.7114,429.74961,85.7114,989.74961,-327.48628,989.74961,-327.48628,429.74961,85.7114,429.74961,85.7114,989.74961,-327.48628,989.74961
STORAGE_FURNITURE,-80.05,-18.6,80.05,-18.6,80.05,18.6,-80.05,18.6,-326.5681027374501,708.5120282061138,-327.0934279624641,548.4128900653732,-289.89362821958116,548.2908282391987,-289.36830299456716,708.3899663799393
RADIATOR,-18,-3.5,18,-3.5,18,3.5,-18,3.5,-325.05766874969305,470.3962839297384,-325.1757930976038,434.39647772694843,-318.1758307803946,434.3735091037436,-318.0577064324839,470.3733153065335
SOFA,-108.65,-44.4,108.65,-44.4,108.65,44.4,-108.65,44.4,-162.4688362121582,429.7596069335938,54.8311637878418,429.7596069335938,54.8311637878418,518.5596069335937,-162.4688362121582,518.5596069335937
