in_product_family,in_bounding_box_x1,in_bounding_box_y1,in_bounding_box_x2,in_bounding_box_y2,in_bounding_box_x3,in_bounding_box_y3,in_bounding_box_x4,in_bounding_box_y4,out_bounding_box_x1,out_bounding_box_y1,out_bounding_box_x2,out_bounding_box_y2,out_bounding_box_x3,out_bounding_box_y3,out_bounding_box_x4,out_bounding_box_y4
ROOM,805.85169,46.47297,1275.84919,46.47297,1275.84919,542.47296,805.85169,542.47296,805.85169,46.47297,1275.84919,46.47297,1275.84919,542.47296,805.85169,542.47296
SOFA,-130.3,-83.7,130.3,-83.7,130.3,83.7,-130.3,83.7,1275.8434326171875,46.4811126708984,1275.8434326171875,307.0811126708984,1108.4434326171875,307.0811126708985,1108.4434326171875,46.481112670898455
STORAGE_FURNITURE,-100,-20.05,100,-20.05,100,20.05,-100,20.05,811.8591796875,297.9563751220703,811.8591796874999,97.95637512207033,851.9591796875,97.9563751220703,851.9591796875001,297.9563751220703
TABLE,-62.5,-37.5,62.5,-37.5,62.5,37.5,-62.5,37.5,1150.839111328125,381.86492919921875,1275.839111328125,381.86492919921875,1275.839111328125,456.86492919921875,1150.839111328125,456.86492919921875
SEATING,-23,-22,23,-22,23,22,-23,22,1218.004150390625,337.2467041015625,1264.004150390625,337.2467041015625,1264.004150390625,381.2467041015625,1218.004150390625,381.2467041015625
SEATING,-23,-22,23,-22,23,22,-23,22,1162.4208984375,337.85491943359375,1208.4208984375,337.85491943359375,1208.4208984375,381.85491943359375,1162.4208984375,381.85491943359375
SEATING,-23,-22,23,-22,23,22,-23,22,1211.4949951171875,503.49139404296875,1165.4949951171875,503.49139404296875,1165.4949951171875,459.49139404296875,1211.4949951171875,459.49139404296875
SEATING,-23,-22,23,-22,23,22,-23,22,1267.078369140625,502.8831787109375,1221.078369140625,502.8831787109375,1221.078369140625,458.8831787109375,1267.078369140625,458.8831787109375
TABLE,-40,-40,40,-40,40,40,-40,40,1028.4334716796875,191.01937866210938,1108.4334716796875,191.01937866210938,1108.4334716796875,271.0193786621094,1028.4334716796875,271.0193786621094
