in_product_family,in_bounding_box_x1,in_bounding_box_y1,in_bounding_box_x2,in_bounding_box_y2,in_bounding_box_x3,in_bounding_box_y3,in_bounding_box_x4,in_bounding_box_y4,out_bounding_box_x1,out_bounding_box_y1,out_bounding_box_x2,out_bounding_box_y2,out_bounding_box_x3,out_bounding_box_y3,out_bounding_box_x4,out_bounding_box_y4
ROOM,-604.50002,121,-20.50002,121,-20.50002,817.08692,-604.50002,817.08692,-604.50002,121,-20.50002,121,-20.50002,817.08692,-604.50002,817.08692
SOFA,-123.3,-47.05,123.3,-47.05,123.3,47.05,-123.3,47.05,-318.4842102050781,474.19654541015626,-565.0842102050781,474.1965454101562,-565.0842102050781,380.09654541015624,-318.4842102050781,380.0965454101563
STORAGE_FURNITURE,-109.95,-23.05,109.95,-23.05,109.95,23.05,-109.95,23.05,-548.8766357421875,121.00999755859375,-328.9766357421875,121.00999755859375,-328.9766357421875,167.10999755859376,-548.8766357421875,167.10999755859376
TABLE,-55,-37.5,55,-37.5,55,37.5,-55,37.5,-492.84698486328125,233.27432250976562,-382.84698486328125,233.27432250976562,-382.84698486328125,308.2743225097656,-492.84698486328125,308.2743225097656
TABLE,-90,-45,90,-45,90,45,-90,45,-179.81892395019534,404.8363037109375,-179.81892395019528,224.8363037109375,-89.81892395019528,224.8363037109375,-89.81892395019534,404.8363037109375
TABLE,-90,-45,90,-45,90,45,-90,45,-90.50028991699219,754.6591796875,-270.5002899169922,754.6591796875,-270.5002899169922,664.6591796875,-90.50028991699219,664.6591796875
TABLE,-90,-45,90,-45,90,45,-90,45,-483.5897216796875,740.5460815429688,-483.5897216796875,560.5460815429688,-393.5897216796875,560.5460815429688,-393.5897216796875,740.5460815429688
