in_product_family,in_bounding_box_x1,in_bounding_box_y1,in_bounding_box_x2,in_bounding_box_y2,in_bounding_box_x3,in_bounding_box_y3,in_bounding_box_x4,in_bounding_box_y4,out_bounding_box_x1,out_bounding_box_y1,out_bounding_box_x2,out_bounding_box_y2,out_bounding_box_x3,out_bounding_box_y3,out_bounding_box_x4,out_bounding_box_y4
ROOM,-2842.19436,-772.55644,-2042.19435,-772.55644,-2042.19435,227.55373,-2842.19436,227.55373,-2842.19436,-772.55644,-2042.19435,-772.55644,-2042.19435,227.55373,-2842.19436,227.55373
STORAGE_FURNITURE,-80,-20,80,-20,80,20,-80,20,-2842.1845703125,-368.6335144042969,-2842.1845703125,-528.6335144042969,-2802.1845703125,-528.6335144042969,-2802.1845703125,-368.6335144042969
TABLE,-98.4,-48,98.4,-48,98.4,48,-98.4,48,-2312.72607421875,47.95680465698241,-2312.72607421875,-148.8431953430176,-2216.72607421875,-148.84319534301756,-2216.72607421875,47.95680465698244
SOFA,-121.65,-78.15,121.65,-78.15,121.65,78.15,-121.65,78.15,-2527.993310546875,-522.7562622070312,-2527.993310546875,-279.4562622070312,-2684.293310546875,-279.4562622070313,-2684.293310546875,-522.7562622070313
