in_product_family,in_bounding_box_x1,in_bounding_box_y1,in_bounding_box_x2,in_bounding_box_y2,in_bounding_box_x3,in_bounding_box_y3,in_bounding_box_x4,in_bounding_box_y4,out_bounding_box_x1,out_bounding_box_y1,out_bounding_box_x2,out_bounding_box_y2,out_bounding_box_x3,out_bounding_box_y3,out_bounding_box_x4,out_bounding_box_y4
ROOM,-1762.04396,1312.67335,-1305.13061,1312.67335,-1305.13061,1751.7043,-1762.04396,1751.7043,-1762.04396,1312.67335,-1305.13061,1312.67335,-1305.13061,1751.7043,-1762.04396,1751.7043
STORAGE_FURNITURE,-37.5,-3,37.5,-3,37.5,3,-37.5,3,-1331.756591796875,1464.41796875,-1331.756591796875,1539.41796875,-1337.756591796875,1539.41796875,-1337.756591796875,1464.41796875
SOFA,-105,-45,105,-45,105,45,-105,45,-1438.053955078125,1463.8671875,-1438.053955078125,1673.8671875,-1528.053955078125,1673.8671875,-1528.053955078125,1463.8671875
TABLE,-80,-30.1,80,-30.1,80,30.1,-80,30.1,-1541.3778076171875,1751.6943603515624,-1701.3778076171875,1751.6943603515624,-1701.3778076171875,1691.4943603515626,-1541.3778076171875,1691.4943603515626
STORAGE_FURNITURE,-105,-20,105,-20,105,20,-105,20,-1762.0340576171875,1674.46435546875,-1762.0340576171875,1464.46435546875,-1722.0340576171875,1464.46435546875,-1722.0340576171875,1674.46435546875
SEATING,-32.65,-33.3,32.65,-33.3,32.65,33.3,-32.65,33.3,-1646.9272216796876,1624.884326171875,-1581.6272216796874,1624.884326171875,-1581.6272216796874,1691.484326171875,-1646.9272216796876,1691.484326171875
STORAGE_FURNITURE,-38.4,-19.9,38.4,-19.9,38.4,19.9,-38.4,19.9,-1648.7157958984376,1313.680810546875,-1571.9157958984374,1313.680810546875,-1571.9157958984374,1353.480810546875,-1648.7157958984376,1353.480810546875
LIGHTING,-20,-12.5,20,-12.5,20,12.5,-20,12.5,-1732.7734375,1686.009765625,-1692.7734375,1686.009765625,-1692.7734375,1711.009765625,-1732.7734375,1711.009765625
