in_product_family,in_bounding_box_x1,in_bounding_box_y1,in_bounding_box_x2,in_bounding_box_y2,in_bounding_box_x3,in_bounding_box_y3,in_bounding_box_x4,in_bounding_box_y4,out_bounding_box_x1,out_bounding_box_y1,out_bounding_box_x2,out_bounding_box_y2,out_bounding_box_x3,out_bounding_box_y3,out_bounding_box_x4,out_bounding_box_y4
ROOM,-416.99,-427,223.01,-427,223.01,1293,-416.99,1293,-416.99,-427,223.01,-427,223.01,1293,-416.99,1293
SEATING,-47.75,-34.5,47.75,-34.5,47.75,34.5,-47.75,34.5,35.957130432128906,-426.989990234375,131.4571304321289,-426.989990234375,131.4571304321289,-357.989990234375,35.957130432128906,-357.989990234375
SOFA,-110.3,-34.5,110.3,-34.5,110.3,34.5,-110.3,34.5,223.00001525878912,-340.63808898925777,223.000015258789,-120.0380889892578,154.000015258789,-120.03808898925783,154.00001525878912,-340.6380889892578
SEATING,-47.75,-34.5,47.75,-34.5,47.75,34.5,-47.75,34.5,136.80451202392578,-42.33499145507812,41.304512023925774,-42.33499145507813,41.30451202392579,-111.33499145507812,136.80451202392578,-111.33499145507812
SEATING,-47.75,-34.5,47.75,-34.5,47.75,34.5,-47.75,34.5,-41.689495086669936,-244.84115600585938,-41.68949508666991,-340.3411560058594,27.310504913330092,-340.3411560058594,27.310504913330064,-244.84115600585938
SEATING,-47.75,-34.5,47.75,-34.5,47.75,34.5,-47.75,34.5,-41.689495086669936,-122.53903198242188,-41.68949508666991,-218.03903198242188,27.310504913330092,-218.03903198242188,27.310504913330064,-122.53903198242188
TABLE,-55,-30,55,-30,55,30,-55,30,63.27616119384764,-178.10540771484375,63.27616119384767,-288.10540771484375,123.27616119384767,-288.10540771484375,123.27616119384764,-178.10540771484375
