in_product_family,in_bounding_box_x1,in_bounding_box_y1,in_bounding_box_x2,in_bounding_box_y2,in_bounding_box_x3,in_bounding_box_y3,in_bounding_box_x4,in_bounding_box_y4,out_bounding_box_x1,out_bounding_box_y1,out_bounding_box_x2,out_bounding_box_y2,out_bounding_box_x3,out_bounding_box_y3,out_bounding_box_x4,out_bounding_box_y4
ROOM,-276.1635,1.66115,86.07745,1.66115,86.07745,416.28195,-276.1635,416.28195,-276.1635,1.66115,86.07745,1.66115,86.07745,416.28195,-276.1635,416.28195
SOFA,-91,-45,91,-45,91,45,-91,45,-276.1634979248047,416.2719421386719,-276.1634979248047,234.27194213867188,-186.1634979248047,234.27194213867188,-186.1634979248047,416.2719421386719
STORAGE_FURNITURE,-70,-17.5,70,-17.5,70,17.5,-70,17.5,83.65054321289064,296.2719421386719,83.65054321289061,436.2719421386719,48.65054321289061,436.2719421386719,48.65054321289064,296.2719421386719
TABLE,-30,-29.95,30,-29.95,30,29.95,-30,29.95,-115.80331420898438,149.9988983154297,-55.803314208984375,149.9988983154297,-55.803314208984375,209.89889831542968,-115.80331420898438,209.89889831542968
