in_product_family,in_bounding_box_x1,in_bounding_box_y1,in_bounding_box_x2,in_bounding_box_y2,in_bounding_box_x3,in_bounding_box_y3,in_bounding_box_x4,in_bounding_box_y4,out_bounding_box_x1,out_bounding_box_y1,out_bounding_box_x2,out_bounding_box_y2,out_bounding_box_x3,out_bounding_box_y3,out_bounding_box_x4,out_bounding_box_y4
ROOM,-120.1154,-191.83741,534.56853,-191.83741,534.56853,532.23142,-120.1154,532.23142,-120.1154,-191.83741,534.56853,-191.83741,534.56853,532.23142,-120.1154,532.23142
STORAGE_FURNITURE,-90,-25,90,-25,90,25,-90,25,387.6086583446806,50.4902568555559,470.36930404963687,210.3360435454111,425.9676966357882,233.32511179678784,343.2070509308319,73.47932510693265
SOFA,-99,-48.5,99,-48.5,99,48.5,-99,48.5,254.42102029833637,333.1906534860883,161.44648032435435,158.37722460653563,247.08740255322613,112.82909138695857,340.06194252720815,287.64252026651127
STORAGE_FURNITURE,-73,-22.55,73,-22.55,73,22.55,-73,22.55,262.1590833435107,-191.828449808715,329.2871626375308,-62.17575616027686,289.2369127502393,-41.43961659753502,222.1088334562192,-171.09231024597312
STORAGE_FURNITURE,-40,-16.5,40,-16.5,40,16.5,-40,16.5,497.7814174470312,263.2590512822949,534.563926649234,334.3016231444527,505.2588657560938,349.4744081903614,468.47635655389104,278.43183632820353
STORAGE_FURNITURE,-48.5,-17.75,48.5,-17.75,48.5,17.75,-48.5,17.75,106.48514979949476,443.72420893440625,61.88636055833909,357.58508891206696,93.41150242218492,341.26285161246875,138.01029166334058,427.40197163480804
TABLE,-87.5,-45,87.5,-45,87.5,45,-87.5,45,27.49018995052174,24.40766180878984,182.02409666742017,-57.715852940719856,224.25904711002514,21.75872765654219,69.72514039312671,103.88224240605189
