in_product_family,in_bounding_box_x1,in_bounding_box_y1,in_bounding_box_x2,in_bounding_box_y2,in_bounding_box_x3,in_bounding_box_y3,in_bounding_box_x4,in_bounding_box_y4,out_bounding_box_x1,out_bounding_box_y1,out_bounding_box_x2,out_bounding_box_y2,out_bounding_box_x3,out_bounding_box_y3,out_bounding_box_x4,out_bounding_box_y4
ROOM,-507.78473,-1581.41146,794.59006,-1581.41146,794.59006,34.1028,-507.78473,34.1028,-507.78473,-1581.41146,794.59006,-1581.41146,794.59006,34.1028,-507.78473,34.1028
TABLE,-59.5,-59.5,59.5,-59.5,59.5,59.5,-59.5,59.5,-200.89614868164062,-362.7943420410156,-200.89614868164062,-243.79434204101562,-319.8961486816406,-243.79434204101562,-319.8961486816406,-362.7943420410156
SEATING,-24.15,-28.45,24.15,-28.45,24.15,28.45,-24.15,28.45,-169.26479797363282,-329.0134643554687,-169.2647979736328,-280.7134643554688,-226.1647979736328,-280.7134643554688,-226.16479797363283,-329.0134643554687
SEATING,-24.15,-28.45,24.15,-28.45,24.15,28.45,-24.15,28.45,-280.03407897949216,-277.2833282470703,-231.73407897949218,-277.2833282470703,-231.73407897949218,-220.38332824707032,-280.03407897949216,-220.38332824707032
SEATING,-24.15,-28.45,24.15,-28.45,24.15,28.45,-24.15,28.45,-282.50995483398435,-395.33766479492186,-234.20995483398437,-395.33766479492186,-234.20995483398437,-338.4376647949219,-282.50995483398435,-338.4376647949219
SEATING,-24.15,-28.45,24.15,-28.45,24.15,28.45,-24.15,28.45,-348.77354736328124,-284.3994079589844,-348.77354736328124,-332.69940795898435,-291.87354736328126,-332.69940795898435,-291.87354736328126,-284.3994079589844
