in_product_family,in_bounding_box_x1,in_bounding_box_y1,in_bounding_box_x2,in_bounding_box_y2,in_bounding_box_x3,in_bounding_box_y3,in_bounding_box_x4,in_bounding_box_y4,out_bounding_box_x1,out_bounding_box_y1,out_bounding_box_x2,out_bounding_box_y2,out_bounding_box_x3,out_bounding_box_y3,out_bounding_box_x4,out_bounding_box_y4
ROOM,-565.58977,-37.88357,177.38569,-37.88357,177.38569,609.83866,-565.58977,609.83866,-565.58977,-37.88357,177.38569,-37.88357,177.38569,609.83866,-565.58977,609.83866
SOFA,-105,-45,105,-45,105,45,-105,45,-332.51450509629547,-15.433383332098586,-149.49846095069773,87.54781682257344,-193.63326101698578,165.98326431354388,-376.6493051625835,63.002064158871875
TABLE,-60,-25,60,-25,60,25,-60,25,-358.6301506633561,113.31238524307504,-253.47267725149743,171.12160410680156,-277.55985177805013,214.93721802840935,-382.7173251899088,157.12799916468282
STORAGE_FURNITURE,-80,-20,80,-20,80,20,-80,20,-366.06249704493155,386.98777646140934,-505.87575598355454,309.19155145684016,-486.4266997324122,274.2382367221844,-346.6134407937892,352.0344617267536
