in_product_family,in_bounding_box_x1,in_bounding_box_y1,in_bounding_box_x2,in_bounding_box_y2,in_bounding_box_x3,in_bounding_box_y3,in_bounding_box_x4,in_bounding_box_y4,out_bounding_box_x1,out_bounding_box_y1,out_bounding_box_x2,out_bounding_box_y2,out_bounding_box_x3,out_bounding_box_y3,out_bounding_box_x4,out_bounding_box_y4
ROOM,-28.34808,-368.1461,537.81101,-368.1461,537.81101,1.8539,-28.34808,1.8539,-28.34808,-368.1461,537.81101,-368.1461,537.81101,1.8539,-28.34808,1.8539
SOFA,-110.5,-45.5,110.5,-45.5,110.5,45.5,-110.5,45.5,536.8827514687163,1.8272552396188502,315.8827514687162,1.8272552584280248,315.8827514609713,-89.17274474157198,536.8827514609712,-89.17274476038115
TABLE,-40,-40,40,-40,40,40,-40,40,383.1756286621094,-191.49893188476562,463.1756286621094,-191.49893188476562,463.1756286621094,-111.49893188476562,383.1756286621094,-111.49893188476562
SEATING,-45.1,-25.2,45.1,-25.2,45.1,25.2,-45.1,25.2,318.58539428710935,-264.28139038085936,408.7853942871094,-264.28139038085936,408.7853942871094,-213.8813903808594,318.58539428710935,-213.8813903808594
STORAGE_FURNITURE,-44.5,-16.1,44.5,-16.1,44.5,16.1,-44.5,16.1,60.65481758117676,1.8443323135376062,-28.345182418823242,1.844332313537592,-28.345182418823242,-30.35566768646241,60.65481758117676,-30.355667686462397
STORAGE_FURNITURE,-30,-15,30,-15,30,15,-30,15,146.28438568115234,1.8438997268676793,86.28438568115234,1.8438997268676722,86.28438568115234,-28.156100273132328,146.28438568115234,-28.15610027313232
STORAGE_FURNITURE,-85,-20,85,-20,85,20,-85,20,340.05035400390625,-368.1361083984375,510.05035400390625,-368.1361083984375,510.05035400390625,-328.1361083984375,340.05035400390625,-328.1361083984375
