in_product_family,in_bounding_box_x1,in_bounding_box_y1,in_bounding_box_x2,in_bounding_box_y2,in_bounding_box_x3,in_bounding_box_y3,in_bounding_box_x4,in_bounding_box_y4,out_bounding_box_x1,out_bounding_box_y1,out_bounding_box_x2,out_bounding_box_y2,out_bounding_box_x3,out_bounding_box_y3,out_bounding_box_x4,out_bounding_box_y4
ROOM,-1803.23625,-1892.78788,6.98115,-1892.78788,6.98115,-895.32512,-1803.23625,-895.32512,-1803.23625,-1892.78788,6.98115,-1892.78788,6.98115,-895.32512,-1803.23625,-895.32512
SOFA,-164,-107.3,164,-107.3,164,107.3,-164,107.3,-1803.228759765625,-1892.7810791015625,-1475.228759765625,-1892.7810791015625,-1475.228759765625,-1678.1810791015625,-1803.228759765625,-1678.1810791015625
SOFA,-91,-45,91,-45,91,45,-91,45,-1475.21875,-1892.7811279296875,-1293.21875,-1892.7811279296875,-1293.21875,-1802.7811279296875,-1475.21875,-1802.7811279296875
SOFA,-91,-45,91,-45,91,45,-91,45,-1293.2158203125,-1892.7781982421875,-1111.2158203125,-1892.7781982421875,-1111.2158203125,-1802.7781982421875,-1293.2158203125,-1802.7781982421875
SOFA,-91,-45,91,-45,91,45,-91,45,-1111.205810546875,-1892.7811279296875,-929.205810546875,-1892.7811279296875,-929.205810546875,-1802.7811279296875,-1111.205810546875,-1802.7811279296875
SOFA,-91,-45,91,-45,91,45,-91,45,-929.19580078125,-1892.7781982421875,-747.19580078125,-1892.7781982421875,-747.19580078125,-1802.7781982421875,-929.19580078125,-1802.7781982421875
TABLE,-87,-49,87,-49,87,49,-87,49,-167.02889251708984,-1890.073974609375,6.971107482910156,-1890.073974609375,6.971107482910156,-1792.073974609375,-167.02889251708984,-1792.073974609375
TABLE,-87,-49,87,-49,87,49,-87,49,-341.0296325683594,-1892.7779541015625,-167.02963256835938,-1892.7779541015625,-167.02963256835938,-1794.7779541015625,-341.0296325683594,-1794.7779541015625
