in_product_family,in_bounding_box_x1,in_bounding_box_y1,in_bounding_box_x2,in_bounding_box_y2,in_bounding_box_x3,in_bounding_box_y3,in_bounding_box_x4,in_bounding_box_y4,out_bounding_box_x1,out_bounding_box_y1,out_bounding_box_x2,out_bounding_box_y2,out_bounding_box_x3,out_bounding_box_y3,out_bounding_box_x4,out_bounding_box_y4
ROOM,-680.63648,-326.63172,-73.63647,-326.63172,-73.63647,295.54988,-680.63648,295.54988,-680.63648,-326.63172,-73.63647,-326.63172,-73.63647,295.54988,-680.63648,295.54988
SOFA,-146,-76.8,146,-76.8,146,76.8,-146,76.8,-680.6304931640625,-69.62407569885254,-388.6304931640625,-69.62407569885254,-388.6304931640625,83.97592430114746,-680.6304931640625,83.97592430114746
STORAGE_FURNITURE,-90,-22.5,90,-22.5,90,22.5,-90,22.5,-664.7198486328125,250.53988647460938,-484.7198486328125,250.53988647460938,-484.7198486328125,295.5398864746094,-664.7198486328125,295.5398864746094
TABLE,-60,-25,60,-25,60,25,-60,25,-619.52880859375,128.79730224609375,-499.52880859375,128.79730224609375,-499.52880859375,178.79730224609375,-619.52880859375,178.79730224609375
TABLE,-60,-60,60,-60,60,60,-60,60,-368.3850078339201,162.68314941365685,-281.0881939693209,80.34684946588459,-198.75189402154865,167.64366333048378,-286.04870788614784,249.97996327825604
SEATING,-22.75,-26.05,22.75,-26.05,22.75,26.05,-22.75,26.05,-377.54901199671644,99.69508544419227,-344.44897007305593,68.47590504732862,-308.7012931790648,106.3772717335421,-341.8013351027253,137.59645213040574
SEATING,-22.75,-26.05,22.75,-26.05,22.75,26.05,-22.75,26.05,-220.71634125356962,68.40901867327628,-189.4971605526531,101.50906031016129,-227.39852691049288,137.25673755230966,-258.6177076114094,104.15669591542465
SEATING,-22.75,-26.05,22.75,-26.05,22.75,26.05,-22.75,26.05,-191.27928029347765,232.22707373922793,-224.37931701733098,263.4462596491706,-260.12700022410047,225.54489891702207,-227.02696350024715,194.3257130070794
SEATING,-22.75,-26.05,22.75,-26.05,22.75,26.05,-22.75,26.05,-352.89629912728975,255.05197223248544,-384.1154798282063,221.95193059560043,-346.2141134703665,186.20425335345206,-314.99493276945,219.30429499033707
