in_product_family,in_bounding_box_x1,in_bounding_box_y1,in_bounding_box_x2,in_bounding_box_y2,in_bounding_box_x3,in_bounding_box_y3,in_bounding_box_x4,in_bounding_box_y4,out_bounding_box_x1,out_bounding_box_y1,out_bounding_box_x2,out_bounding_box_y2,out_bounding_box_x3,out_bounding_box_y3,out_bounding_box_x4,out_bounding_box_y4
ROOM,-187.245,-295.58813,470.80765,-295.58813,470.80765,385.07086,-187.245,385.07086,-187.245,-295.58813,470.80765,-295.58813,470.80765,385.07086,-187.245,385.07086
STORAGE_FURNITURE,-100,-20.05,100,-20.05,100,20.05,-100,20.05,-81.00353528184938,-284.5486485230974,118.93904315584949,-289.34086384428616,119.89988232774782,-249.25237686752754,-80.04269610995105,-244.46016154633884
TABLE,-80.85,-41.25,80.85,-41.25,80.85,41.25,-80.85,41.25,176.36592007885724,208.60827315528675,291.56352578451754,95.13403978187634,349.45854281176776,153.90832840721325,234.26093710610746,267.38256178062363
STORAGE_FURNITURE,-45,-17.5,45,-17.5,45,17.5,-45,17.5,406.43641956021315,35.59278959305635,468.7179661690081,100.56208197042876,443.45213024447435,124.78268342940459,381.1705836356794,59.81339105203217
STORAGE_FURNITURE,-80,-22.5,80,-22.5,80,22.5,-80,22.5,176.27916214266304,385.0609200349499,65.5564126159164,269.5599558085101,98.04105880460259,238.4191825041126,208.76380833134922,353.9201467305524
LIGHTING,-28,-28,28,-28,28,28,-28,28,117.14401245117188,-42.61588382720947,173.14401245117188,-42.61588382720947,173.14401245117188,13.384116172790527,117.14401245117188,13.384116172790527
DECORATION,-125,-4.35,125,-4.35,125,4.35,-125,4.35,377.59570428599216,-263.02353376626945,393.4021966918426,-13.523724552266657,384.71960333119534,-12.973658616543048,368.9131109253449,-262.4734678305458
STORAGE_FURNITURE,-30.5,-7.5,30.5,-7.5,30.5,7.5,-30.5,7.5,-92.28794479370117,65.18436431884766,-31.287944793701172,65.18436431884766,-31.287944793701172,80.18436431884766,-92.28794479370117,80.18436431884766
