in_product_family,in_bounding_box_x1,in_bounding_box_y1,in_bounding_box_x2,in_bounding_box_y2,in_bounding_box_x3,in_bounding_box_y3,in_bounding_box_x4,in_bounding_box_y4,out_bounding_box_x1,out_bounding_box_y1,out_bounding_box_x2,out_bounding_box_y2,out_bounding_box_x3,out_bounding_box_y3,out_bounding_box_x4,out_bounding_box_y4
ROOM,-312.51339,-16.99941,774.48661,-16.99941,774.48661,338.00059,-312.51339,338.00059,-312.51339,-16.99941,774.48661,-16.99941,774.48661,338.00059,-312.51339,338.00059
STORAGE_FURNITURE,-90,-24.5,90,-24.5,90,24.5,-90,24.5,215.38861083984375,-16.98940944671631,395.38861083984375,-16.98940944671631,395.38861083984375,32.01059055328369,215.38861083984375,32.01059055328369
TABLE,-58.85,-25.3,58.85,-25.3,58.85,25.3,-58.85,25.3,-302.1145721435547,282.3905822753906,-184.4145721435547,282.3905822753906,-184.4145721435547,332.99058227539064,-302.1145721435547,332.99058227539064
TABLE,-90,-45,90,-45,90,45,-90,45,215.68240356445312,103.88777160644531,395.6824035644531,103.88777160644531,395.6824035644531,193.8877716064453,215.68240356445312,193.8877716064453
SOFA,-99,-48.5,99,-48.5,99,48.5,-99,48.5,-302.45208740234375,-16.989410400390625,-104.45208740234375,-16.989410400390625,-104.45208740234375,80.01058959960938,-302.45208740234375,80.01058959960938
TABLE,-45,-27.5,45,-27.5,45,27.5,-45,27.5,-240.18295288085938,145.9017333984375,-150.18295288085938,145.9017333984375,-150.18295288085938,200.9017333984375,-240.18295288085938,200.9017333984375
