in_product_family,in_bounding_box_x1,in_bounding_box_y1,in_bounding_box_x2,in_bounding_box_y2,in_bounding_box_x3,in_bounding_box_y3,in_bounding_box_x4,in_bounding_box_y4,out_bounding_box_x1,out_bounding_box_y1,out_bounding_box_x2,out_bounding_box_y2,out_bounding_box_x3,out_bounding_box_y3,out_bounding_box_x4,out_bounding_box_y4
ROOM,-279.24964,-20.51485,325.75031,-20.51485,325.75031,301.41745,-279.24964,301.41745,-279.24964,-20.51485,325.75031,-20.51485,325.75031,301.41745,-279.24964,301.41745
SOFA,-91,-45,91,-45,91,45,-91,45,169.63406372070312,301.4074401855469,-12.365936279296875,301.4074401855469,-12.365936279296875,211.40744018554688,169.63406372070312,211.40744018554688
TABLE,-60.3,-35,60.3,-35,60.3,35,-60.3,35,15.588793945312503,-20.504849433898926,136.1887939453125,-20.504849433898926,136.1887939453125,49.495150566101074,15.588793945312503,49.495150566101074
DECORATION,-75,-100,75,-100,75,100,-75,100,176.57447814941406,54.34619140624997,176.57447814941406,204.34619140624997,-23.425521850585923,204.34619140625003,-23.42552185058595,54.34619140625003
