in_product_family,in_bounding_box_x1,in_bounding_box_y1,in_bounding_box_x2,in_bounding_box_y2,in_bounding_box_x3,in_bounding_box_y3,in_bounding_box_x4,in_bounding_box_y4,out_bounding_box_x1,out_bounding_box_y1,out_bounding_box_x2,out_bounding_box_y2,out_bounding_box_x3,out_bounding_box_y3,out_bounding_box_x4,out_bounding_box_y4
ROOM,-494.54325,-230.95848,148.79412,-230.95848,148.79412,324.49195,-494.54325,324.49195,-494.54325,-230.95848,148.79412,-230.95848,148.79412,324.49195,-494.54325,324.49195
SOFA,-93,-55,93,-55,93,55,-93,55,-217.57159423828125,84.23287391662599,-403.57159423828125,84.23287391662596,-403.57159423828125,-25.767126083374038,-217.57159423828125,-25.76712608337401
TABLE,-58.35,-58.7,58.35,-58.7,58.35,58.7,-58.35,58.7,-158.25235900878906,-178.92325897216796,-41.55235900878906,-178.92325897216796,-41.55235900878906,-61.523258972167966,-158.25235900878906,-61.523258972167966
SEATING,-27,-24,27,-24,27,24,-27,24,-123.5567626953125,-226.92787170410156,-69.5567626953125,-226.92787170410156,-69.5567626953125,-178.92787170410156,-123.5567626953125,-178.92787170410156
SEATING,-27,-24,27,-24,27,24,-27,24,6.456516268319042,-145.19815826198246,6.456516263419239,-91.19815826198246,-41.54348373658076,-91.19815826633786,-41.54348373168096,-145.19815826633786
SEATING,-27,-24,27,-24,27,24,-27,24,-70.10285186767578,-13.513259887695316,-124.10285186767578,-13.513259887695309,-124.10285186767578,-61.51325988769531,-70.10285186767578,-61.51325988769531
SEATING,-27,-24,27,-24,27,24,-27,24,-206.26235961914062,-100.53651428222656,-206.26235961914062,-154.53651428222656,-158.26235961914062,-154.53651428222656,-158.26235961914062,-100.53651428222656
