in_product_family,in_bounding_box_x1,in_bounding_box_y1,in_bounding_box_x2,in_bounding_box_y2,in_bounding_box_x3,in_bounding_box_y3,in_bounding_box_x4,in_bounding_box_y4,out_bounding_box_x1,out_bounding_box_y1,out_bounding_box_x2,out_bounding_box_y2,out_bounding_box_x3,out_bounding_box_y3,out_bounding_box_x4,out_bounding_box_y4
ROOM,-302.28501,20.65395,650.00897,20.65395,650.00897,477.97459,-302.28501,477.97459,-302.28501,20.65395,650.00897,20.65395,650.00897,477.97459,-302.28501,477.97459
SOFA,-99,-48.5,99,-48.5,99,48.5,-99,48.5,-113.11274719238284,199.478759765625,-113.11274719238278,397.478759765625,-210.11274719238278,397.478759765625,-210.11274719238284,199.478759765625
SEATING,-28,-29,28,-29,28,29,-28,29,114.10835266113281,20.663955688476562,170.1083526611328,20.663955688476562,170.1083526611328,78.66395568847656,114.10835266113281,78.66395568847656
SEATING,-28,-29,28,-29,28,29,-28,29,161.93321228027344,131.3827667236328,161.93321228027344,187.3827667236328,103.93321228027344,187.3827667236328,103.93321228027344,131.3827667236328
SEATING,-28,-29,28,-29,28,29,-28,29,-34.08679389953614,262.2899627685547,-34.086793899536126,206.2899627685547,23.913206100463874,206.2899627685547,23.91320610046386,262.2899627685547
SEATING,-28,-29,28,-29,28,29,-28,29,161.93321228027344,219.25816345214844,161.93321228027344,275.25816345214844,103.93321228027344,275.25816345214844,103.93321228027344,219.25816345214844
