in_product_family,in_bounding_box_x1,in_bounding_box_y1,in_bounding_box_x2,in_bounding_box_y2,in_bounding_box_x3,in_bounding_box_y3,in_bounding_box_x4,in_bounding_box_y4,out_bounding_box_x1,out_bounding_box_y1,out_bounding_box_x2,out_bounding_box_y2,out_bounding_box_x3,out_bounding_box_y3,out_bounding_box_x4,out_bounding_box_y4
ROOM,-273.71842,-255.29075,351.7032,-255.29075,351.7032,86,-273.71842,86,-273.71842,-255.29075,351.7032,-255.29075,351.7032,86,-273.71842,86
SOFA,-95,-49.5,95,-49.5,95,49.5,-95,49.5,-55.34202575683594,85.99335098266603,-245.34202575683594,85.993350982666,-245.34202575683594,-13.006649017333999,-55.34202575683594,-13.00664901733397
TABLE,-55,-30,55,-30,55,30,-55,30,-204.822021484375,-142.52896118164062,-94.822021484375,-142.52896118164062,-94.822021484375,-82.52896118164062,-204.822021484375,-82.52896118164062
STORAGE_FURNITURE,-80,-20,80,-20,80,20,-80,20,-233.1522216796875,-255.28076171875,-73.1522216796875,-255.28076171875,-73.1522216796875,-215.28076171875,-233.1522216796875,-215.28076171875
TABLE,-41.55,-35.75,41.55,-35.75,41.55,35.75,-41.55,35.75,105.50116271972657,-88.00629425048828,188.60116271972657,-88.00629425048828,188.60116271972657,-16.50629425048828,105.50116271972657,-16.50629425048828
SEATING,-29,-28,29,-28,29,28,-29,28,113.76588439941406,-146.92709350585938,171.76588439941406,-146.92709350585938,171.76588439941406,-90.92709350585938,113.76588439941406,-90.92709350585938
SEATING,-29,-28,29,-28,29,28,-29,28,45.23114765548267,-25.131679641727874,45.23114787674389,-83.13167964172787,101.23114787674389,-83.13167942809635,101.23114765548267,-25.131679428096344
SEATING,-29,-28,29,-28,29,28,-29,28,174.5093536376953,39.50370693206787,116.50935363769531,39.50370693206787,116.50935363769531,-16.496293067932132,174.5093536376953,-16.496293067932125
