in_product_family,in_bounding_box_x1,in_bounding_box_y1,in_bounding_box_x2,in_bounding_box_y2,in_bounding_box_x3,in_bounding_box_y3,in_bounding_box_x4,in_bounding_box_y4,out_bounding_box_x1,out_bounding_box_y1,out_bounding_box_x2,out_bounding_box_y2,out_bounding_box_x3,out_bounding_box_y3,out_bounding_box_x4,out_bounding_box_y4
ROOM,-256.80378,-522.5,525,-522.5,525,169.13805,-256.80378,169.13805,-256.80378,-522.5,525,-522.5,525,169.13805,-256.80378,169.13805
SOFA,-121.25,-79.45,121.25,-79.45,121.25,79.45,-121.25,79.45,148.41218261718745,169.12804412841794,148.4121826171875,-73.37195587158206,307.31218261718755,-73.371955871582,307.3121826171875,169.128044128418
SEATING,-33.95,-38.2,33.95,-38.2,33.95,38.2,-33.95,38.2,360.59025383945976,-124.19939067397002,428.49025383945974,-124.19938862290496,428.490251531634,-47.79938862290499,360.590251531634,-47.79939067397003
STORAGE_FURNITURE,-90,-22.5,90,-22.5,90,22.5,-90,22.5,524.989990234375,-28.58180999755858,524.989990234375,151.4181900024414,479.98999023437494,151.4181900024414,479.98999023437506,-28.581809997558608
TABLE,-60,-25,60,-25,60,25,-60,25,392.32220458984375,11.170341491699212,392.32220458984375,131.17034149169922,342.32220458984375,131.17034149169922,342.32220458984375,11.170341491699226
TABLE,-60,-60,60,-60,60,60,-60,60,114.51661682128906,-311.8026428222656,234.51661682128906,-311.8026428222656,234.51661682128906,-191.80264282226562,114.51661682128906,-191.80264282226562
