in_product_family,in_bounding_box_x1,in_bounding_box_y1,in_bounding_box_x2,in_bounding_box_y2,in_bounding_box_x3,in_bounding_box_y3,in_bounding_box_x4,in_bounding_box_y4,out_bounding_box_x1,out_bounding_box_y1,out_bounding_box_x2,out_bounding_box_y2,out_bounding_box_x3,out_bounding_box_y3,out_bounding_box_x4,out_bounding_box_y4
ROOM,-201,-848.03257,479.65062,-848.03257,479.65062,-404.76863,-201,-404.76863,-201,-848.03257,479.65062,-848.03257,479.65062,-404.76863,-201,-404.76863
STORAGE_FURNITURE,-90,-20,90,-20,90,20,-90,20,-201.992431640625,-405.7726745605469,-201.992431640625,-585.7726745605469,-161.992431640625,-585.7726745605469,-161.992431640625,-405.7726745605469
STORAGE_FURNITURE,-90,-20,90,-20,90,20,-90,20,-201.99243164062506,-585.7726745605469,-201.99243164062506,-765.7726745605469,-161.99243164062506,-765.7726745605469,-161.99243164062506,-585.7726745605469
SOFA,-109.85,-92.25,109.85,-92.25,109.85,92.25,-109.85,92.25,93.97275733947755,-625.4761596679688,93.97275733947752,-405.7761596679687,-90.52724266052248,-405.7761596679688,-90.52724266052245,-625.4761596679688
