in_product_family,in_bounding_box_x1,in_bounding_box_y1,in_bounding_box_x2,in_bounding_box_y2,in_bounding_box_x3,in_bounding_box_y3,in_bounding_box_x4,in_bounding_box_y4,out_bounding_box_x1,out_bounding_box_y1,out_bounding_box_x2,out_bounding_box_y2,out_bounding_box_x3,out_bounding_box_y3,out_bounding_box_x4,out_bounding_box_y4
ROOM,-188.94841,-397.01,248.9994,-397.01,248.9994,289.55,-188.94841,289.55,-188.94841,-397.01,248.9994,-397.01,248.9994,289.55,-188.94841,289.55
SOFA,-65.45,-45.4,65.45,-45.4,65.45,45.4,-65.45,45.4,-194.34279479980472,-241.2686279296875,-194.34279479980466,-372.16862792968755,-103.54279479980467,-372.1686279296875,-103.54279479980471,-241.26862792968748
VEGETATION,-28.9,-28.85,28.9,-28.85,28.9,28.85,-28.9,28.85,-202.83841552734376,-410.5768981933594,-145.03841552734374,-410.5768981933594,-145.03841552734374,-352.87689819335935,-202.83841552734376,-352.87689819335935
