in_product_family,in_bounding_box_x1,in_bounding_box_y1,in_bounding_box_x2,in_bounding_box_y2,in_bounding_box_x3,in_bounding_box_y3,in_bounding_box_x4,in_bounding_box_y4,out_bounding_box_x1,out_bounding_box_y1,out_bounding_box_x2,out_bounding_box_y2,out_bounding_box_x3,out_bounding_box_y3,out_bounding_box_x4,out_bounding_box_y4
ROOM,-236.84272,-400,401.70441,-400,401.70441,400,-236.84272,400,-236.84272,-400,401.70441,-400,401.70441,400,-236.84272,400
SOFA,-130.3,-83.7,130.3,-83.7,130.3,83.7,-130.3,83.7,-236.83334655761723,399.99653320312495,-236.83334655761715,139.39653320312496,-69.43334655761714,139.39653320312502,-69.43334655761723,399.99653320312507
STORAGE_FURNITURE,-90,-22.5,90,-22.5,90,22.5,-90,22.5,109.98099517822263,199.13372802734375,109.98099517822268,379.13372802734375,64.98099517822268,379.13372802734375,64.98099517822263,199.13372802734375
TABLE,-87,-49,87,-49,87,49,-87,49,-74.54340362548825,-318.91700744628906,-74.54340362548831,-144.91700744628906,-172.5434036254883,-144.91700744628906,-172.54340362548825,-318.91700744628906
