in_product_family,in_bounding_box_x1,in_bounding_box_y1,in_bounding_box_x2,in_bounding_box_y2,in_bounding_box_x3,in_bounding_box_y3,in_bounding_box_x4,in_bounding_box_y4,out_bounding_box_x1,out_bounding_box_y1,out_bounding_box_x2,out_bounding_box_y2,out_bounding_box_x3,out_bounding_box_y3,out_bounding_box_x4,out_bounding_box_y4
ROOM,213.0354,-152.04356,737.16533,-152.04356,737.16533,239.19821,213.0354,239.19821,213.0354,-152.04356,737.16533,-152.04356,737.16533,239.19821,213.0354,239.19821
SOFA,-130.3,-83.7,130.3,-83.7,130.3,83.7,-130.3,83.7,565.3592041015625,238.48242492675783,304.7592041015625,238.4824249267578,304.7592041015625,71.0824249267578,565.3592041015625,71.08242492675782
STORAGE_FURNITURE,-65,-20.45,65,-20.45,65,20.45,-65,20.45,213.04485778808598,39.46644592285158,213.0448577880859,-90.53355407714842,253.9448577880859,-90.53355407714845,253.94485778808598,39.46644592285155
STORAGE_FURNITURE,-90,-24.5,90,-24.5,90,24.5,-90,24.5,327.35821533203125,-148.72853088378906,507.35821533203125,-148.72853088378906,507.35821533203125,-99.72853088378906,327.35821533203125,-99.72853088378906
TABLE,-40,-40,40,-40,40,40,-40,40,385.7991943095825,-18.92757031666259,465.7991943095825,-18.927570369372567,465.7991943622925,61.07242963062743,385.7991943622925,61.07242968333741
STORAGE_FURNITURE,-80,-25,80,-25,80,25,-80,25,735.0086059570312,6.093109130859389,735.0086059570312,166.09310913085938,685.0086059570312,166.09310913085938,685.0086059570312,6.093109130859361
