in_product_family,in_bounding_box_x1,in_bounding_box_y1,in_bounding_box_x2,in_bounding_box_y2,in_bounding_box_x3,in_bounding_box_y3,in_bounding_box_x4,in_bounding_box_y4,out_bounding_box_x1,out_bounding_box_y1,out_bounding_box_x2,out_bounding_box_y2,out_bounding_box_x3,out_bounding_box_y3,out_bounding_box_x4,out_bounding_box_y4
ROOM,2.00001,-140.17645,487.75676,-140.17645,487.75676,456.58395,2.00001,456.58395,2.00001,-140.17645,487.75676,-140.17645,487.75676,456.58395,2.00001,456.58395
SOFA,-121.65,-78.15,121.65,-78.15,121.65,78.15,-121.65,78.15,251.10164794921874,160.55646667480468,494.4016479492187,160.55646667480468,494.4016479492187,316.85646667480466,251.10164794921874,316.85646667480466
TABLE,-60,-60,60,-60,60,60,-60,60,79.0911865234375,245.57498168945312,199.0911865234375,245.57498168945312,199.0911865234375,365.5749816894531,79.0911865234375,365.5749816894531
STORAGE_FURNITURE,-75.25,-20.35,75.25,-20.35,75.25,20.35,-75.25,20.35,487.74676513671875,456.58391723632815,337.24676513671875,456.5839172363281,337.24676513671875,415.8839172363281,487.74676513671875,415.88391723632816
RADIATOR,-40,-7.5,40,-7.5,40,7.5,-40,7.5,325.5804138183594,456.57391357421875,245.58041381835938,456.57391357421875,245.58041381835938,441.57391357421875,325.5804138183594,441.57391357421875
RADIATOR,-50.45,-7.5,50.45,-7.5,50.45,7.5,-50.45,7.5,487.7467346191406,-1.7974769592285185,487.7467346191406,99.10252304077149,472.7467346191406,99.10252304077149,472.7467346191406,-1.7974769592285185
