in_product_family,in_bounding_box_x1,in_bounding_box_y1,in_bounding_box_x2,in_bounding_box_y2,in_bounding_box_x3,in_bounding_box_y3,in_bounding_box_x4,in_bounding_box_y4,out_bounding_box_x1,out_bounding_box_y1,out_bounding_box_x2,out_bounding_box_y2,out_bounding_box_x3,out_bounding_box_y3,out_bounding_box_x4,out_bounding_box_y4
ROOM,-486.0968,-288.93959,730.4756,-288.93959,730.4756,483.3566,-486.0968,483.3566,-486.0968,-288.93959,730.4756,-288.93959,730.4756,483.3566,-486.0968,483.3566
SOFA,-121.25,-79.45,121.25,-79.45,121.25,79.45,-121.25,79.45,-177.97568969726564,-268.36997985839844,-177.97568969726558,-25.869979858398466,-336.8756896972656,-25.86997985839841,-336.87568969726567,-268.36997985839844
TABLE,-44.95,-44.95,44.95,-44.95,44.95,44.95,-44.95,44.95,-339.9357116699219,-36.23648529052735,-429.83571166992186,-36.236485290527334,-429.83571166992186,-126.13648529052733,-339.9357116699219,-126.13648529052736
RADIATOR,-54.95,-5.5,54.95,-5.5,54.95,5.5,-54.95,5.5,-80.78849029541017,-141.28837127685546,-80.78849029541014,-31.388371276855466,-91.78849029541014,-31.388371276855466,-91.78849029541017,-141.28837127685546
LIGHTING,-25.75,-27.95,25.75,-27.95,25.75,27.95,-25.75,27.95,-73.10796356201172,27.124417114257813,-21.60796356201172,27.124417114257813,-21.60796356201172,83.02441711425782,-73.10796356201172,83.02441711425782
SEATING,-33.55,-32.4,33.55,-32.4,33.55,32.4,-33.55,32.4,-450.8039966636142,73.42869657194233,-490.3719855648134,19.23659147982971,-438.0374340004483,-18.975117622967716,-398.4694450992491,35.2169874691449
VEGETATION,-20.95,-20.95,20.95,-20.95,20.95,20.95,-20.95,20.95,-494.78355712890624,-75.98661346435547,-452.88355712890626,-75.98661346435547,-452.88355712890626,-34.086613464355466,-494.78355712890624,-34.086613464355466
LIGHTING,-34.5,-39.25,34.5,-39.25,34.5,39.25,-34.5,39.25,-287.2484130859375,-92.08169937133789,-218.2484130859375,-92.08169937133789,-218.2484130859375,-13.58169937133789,-287.2484130859375,-13.58169937133789
DECORATION,-16,-20.2,16,-20.2,16,20.2,-16,20.2,-73.77844161987304,-39.32225036621093,-73.77844161987305,-71.32225036621094,-33.37844161987306,-71.32225036621094,-33.378441619873044,-39.322250366210945
