in_product_family,in_bounding_box_x1,in_bounding_box_y1,in_bounding_box_x2,in_bounding_box_y2,in_bounding_box_x3,in_bounding_box_y3,in_bounding_box_x4,in_bounding_box_y4,out_bounding_box_x1,out_bounding_box_y1,out_bounding_box_x2,out_bounding_box_y2,out_bounding_box_x3,out_bounding_box_y3,out_bounding_box_x4,out_bounding_box_y4
ROOM,-34.49821,-456.401,414.50179,-456.401,414.50179,-184.401,-34.49821,-184.401,-34.49821,-456.401,414.50179,-456.401,414.50179,-184.401,-34.49821,-184.401
SOFA,-123.3,-125,123.3,-125,123.3,125,-123.3,125,-34.488212585449176,-208.83406372070309,-34.48821258544926,-455.4340637207031,215.51178741455072,-455.4340637207032,215.51178741455084,-208.83406372070317
STORAGE_FURNITURE,-90,-22.5,90,-22.5,90,22.5,-90,22.5,414.4917907714844,-410.8542785644531,414.4917907714844,-230.85427856445312,369.4917907714844,-230.85427856445312,369.4917907714844,-410.8542785644531
DECORATION,-75,-100,75,-100,75,100,-75,100,256.81324768066406,-364.281494140625,256.81324768066406,-214.28149414062503,56.81324768066408,-214.28149414062497,56.81324768066405,-364.281494140625
TABLE,-44.95,-44.95,44.95,-44.95,44.95,44.95,-44.95,44.95,105.75620727539062,-329.808154296875,195.6562072753906,-329.808154296875,195.6562072753906,-239.908154296875,105.75620727539062,-239.908154296875
RADIATOR,-50.45,-7.5,50.45,-7.5,50.45,7.5,-50.45,7.5,137.776318359375,-463.8095703125,238.676318359375,-463.8095703125,238.676318359375,-448.8095703125,137.776318359375,-448.8095703125
