in_product_family,in_bounding_box_x1,in_bounding_box_y1,in_bounding_box_x2,in_bounding_box_y2,in_bounding_box_x3,in_bounding_box_y3,in_bounding_box_x4,in_bounding_box_y4,out_bounding_box_x1,out_bounding_box_y1,out_bounding_box_x2,out_bounding_box_y2,out_bounding_box_x3,out_bounding_box_y3,out_bounding_box_x4,out_bounding_box_y4
ROOM,497.34401,-521.91339,1087.20934,-521.91339,1087.20934,-122.5259,497.34401,-122.5259,497.34401,-521.91339,1087.20934,-521.91339,1087.20934,-122.5259,497.34401,-122.5259
SOFA,-123.3,-125,123.3,-125,123.3,125,-123.3,125,1037.3398559570312,-146.56118774414062,790.7398559570313,-146.56118774414062,790.7398559570313,-396.5611877441406,1037.3398559570312,-396.5611877441406
STORAGE_FURNITURE,-105,-20,105,-20,105,20,-105,20,797.113037109375,-521.874725341797,1007.113037109375,-521.8747253417968,1007.113037109375,-481.8747253417968,797.113037109375,-481.87472534179693
