in_product_family,in_bounding_box_x1,in_bounding_box_y1,in_bounding_box_x2,in_bounding_box_y2,in_bounding_box_x3,in_bounding_box_y3,in_bounding_box_x4,in_bounding_box_y4,out_bounding_box_x1,out_bounding_box_y1,out_bounding_box_x2,out_bounding_box_y2,out_bounding_box_x3,out_bounding_box_y3,out_bounding_box_x4,out_bounding_box_y4
ROOM,-584.3527,-383.7107,395.54756,-383.7107,395.54756,802.7274,-584.3527,802.7274,-584.3527,-383.7107,395.54756,-383.7107,395.54756,802.7274,-584.3527,802.7274
STORAGE_FURNITURE,-111,-31.9,111,-31.9,111,31.9,-111,31.9,-432.9334411621094,-383.7007202148437,-210.93344116210938,-383.7007202148437,-210.93344116210938,-319.9007202148438,-432.9334411621094,-319.9007202148438
SOFA,-110.5,-45.5,110.5,-45.5,110.5,45.5,-110.5,45.5,68.36671829223633,-77.43379974365236,-152.63328170776367,-77.43379974365233,-152.63328170776367,-168.43379974365234,68.36671829223633,-168.43379974365234
STORAGE_FURNITURE,-90,-22.5,90,-22.5,90,22.5,-90,22.5,-140.76400756835938,-383.7007141113281,39.235992431640625,-383.7007141113281,39.235992431640625,-338.7007141113281,-140.76400756835938,-338.7007141113281
TABLE,-105,-37.5,105,-37.5,105,37.5,-105,37.5,281.08863830566406,-347.9604187011719,281.08863830566406,-137.96041870117188,206.0886383056641,-137.96041870117188,206.08863830566403,-347.9604187011719
SEATING,-60,-20,60,-20,60,20,-60,20,166.07862854003903,-183.3845672607422,166.0786285400391,-303.3845672607422,206.0786285400391,-303.3845672607422,206.07862854003903,-183.3845672607422
SEATING,-60,-20,60,-20,60,20,-60,20,282.18121337890625,-183.43084716796875,282.18121337890625,-303.43084716796875,322.18121337890625,-303.43084716796875,322.18121337890625,-183.43084716796875
STORAGE_FURNITURE,-65,-20,65,-20,65,20,-65,20,-584.3427124023438,120.15991973876953,-584.3427124023438,-9.840080261230469,-544.3427124023438,-9.840080261230469,-544.3427124023438,120.15991973876953
