in_product_family,in_bounding_box_x1,in_bounding_box_y1,in_bounding_box_x2,in_bounding_box_y2,in_bounding_box_x3,in_bounding_box_y3,in_bounding_box_x4,in_bounding_box_y4,out_bounding_box_x1,out_bounding_box_y1,out_bounding_box_x2,out_bounding_box_y2,out_bounding_box_x3,out_bounding_box_y3,out_bounding_box_x4,out_bounding_box_y4
ROOM,-969.46696,-1411.76813,-224.5379,-1411.76813,-224.5379,-413.04637,-969.46696,-413.04637,-969.46696,-1411.76813,-224.5379,-1411.76813,-224.5379,-413.04637,-969.46696,-413.04637
STORAGE_FURNITURE,-153.95,-25.45,153.95,-25.45,153.95,25.45,-153.95,25.45,-224.59317356217178,-918.5219834319593,-224.56630539138976,-610.6219846042533,-275.46630519759384,-610.6175429352282,-275.4931733683759,-918.5175417629342
SOFA,-91,-45,91,-45,91,45,-91,45,-562.7563171386719,-963.0411376953125,-380.7563171386719,-963.0411376953125,-380.7563171386719,-873.0411376953125,-562.7563171386719,-873.0411376953125
SOFA,-91,-45,91,-45,91,45,-91,45,-381.97601318359375,-583.1494140625,-563.9760131835938,-583.1494140625,-563.9760131835938,-673.1494140625,-381.97601318359375,-673.1494140625
SOFA,-91,-45,91,-45,91,45,-91,45,-662.2456665039062,-682.1448364257812,-662.2456665039062,-864.1448364257812,-572.2456665039062,-864.1448364257812,-572.2456665039062,-682.1448364257812
