in_product_family,in_bounding_box_x1,in_bounding_box_y1,in_bounding_box_x2,in_bounding_box_y2,in_bounding_box_x3,in_bounding_box_y3,in_bounding_box_x4,in_bounding_box_y4,out_bounding_box_x1,out_bounding_box_y1,out_bounding_box_x2,out_bounding_box_y2,out_bounding_box_x3,out_bounding_box_y3,out_bounding_box_x4,out_bounding_box_y4
ROOM,-389.86208,-984.02043,141.5257,-984.02043,141.5257,-17,-389.86208,-17,-389.86208,-984.02043,141.5257,-984.02043,141.5257,-17,-389.86208,-17
STORAGE_FURNITURE,-60,-17.85,60,-17.85,60,17.85,-60,17.85,141.5156951904297,-284.0346374511719,141.51569519042965,-164.03463745117188,105.81569519042966,-164.03463745117188,105.81569519042971,-284.0346374511719
SEATING,-40.9,-48.9,40.9,-48.9,40.9,48.9,-40.9,48.9,-105.09193438961242,-632.821783451556,-162.35956778507023,-691.2311847948625,-92.52534466312196,-759.7003112750065,-35.25771126766415,-701.2909099317
SOFA,-88.5,-48.5,88.5,-48.5,88.5,48.5,-88.5,48.5,-158.36627197265625,-982.4627075195312,18.63372802734375,-982.4627075195312,18.63372802734375,-885.4627075195312,-158.36627197265625,-885.4627075195312
STORAGE_FURNITURE,-73.5,-17.5,73.5,-17.5,73.5,17.5,-73.5,17.5,57.86822509765623,-855.7396850585938,57.86822509765627,-708.7396850585938,22.86822509765627,-708.7396850585938,22.86822509765623,-855.7396850585938
TABLE,-40.5,-35.5,40.5,-35.5,40.5,35.5,-40.5,35.5,-389.8520812988281,-741.1763916015625,-389.8520812988281,-822.1763916015625,-318.8520812988281,-822.1763916015625,-318.8520812988281,-741.1763916015625
