in_product_family,in_bounding_box_x1,in_bounding_box_y1,in_bounding_box_x2,in_bounding_box_y2,in_bounding_box_x3,in_bounding_box_y3,in_bounding_box_x4,in_bounding_box_y4,out_bounding_box_x1,out_bounding_box_y1,out_bounding_box_x2,out_bounding_box_y2,out_bounding_box_x3,out_bounding_box_y3,out_bounding_box_x4,out_bounding_box_y4
ROOM,-233.92288,-349.2,326.23403,-349.2,326.23403,38.2,-233.92288,38.2,-233.92288,-349.2,326.23403,-349.2,326.23403,38.2,-233.92288,38.2
STORAGE_FURNITURE,-73.5,-17.5,73.5,-17.5,73.5,17.5,-73.5,17.5,121.99000549316406,-4.380000114440918,268.99000549316406,-4.380000114440918,268.99000549316406,30.619999885559082,121.99000549316406,30.619999885559082
DECORATION,-75,-100,75,-100,75,100,-75,100,95.48999023437503,-46.19000244140621,95.48999023437497,-196.1900024414062,295.489990234375,-196.1900024414063,295.489990234375,-46.19000244140629
SOFA,-109,-49,109,-49,109,49,-109,49,25.241256713867188,-339.70147705078125,243.2412567138672,-339.70147705078125,243.2412567138672,-241.70147705078125,25.241256713867188,-241.70147705078125
