in_product_family,in_bounding_box_x1,in_bounding_box_y1,in_bounding_box_x2,in_bounding_box_y2,in_bounding_box_x3,in_bounding_box_y3,in_bounding_box_x4,in_bounding_box_y4,out_bounding_box_x1,out_bounding_box_y1,out_bounding_box_x2,out_bounding_box_y2,out_bounding_box_x3,out_bounding_box_y3,out_bounding_box_x4,out_bounding_box_y4
ROOM,-614,-7.81139,-344.18328,-7.81139,-344.18328,430,-614,430,-614,-7.81139,-344.18328,-7.81139,-344.18328,430,-614,430
SOFA,-88.8,-39,88.8,-39,88.8,39,-88.8,39,-368.38609619140624,429.99041748046875,-545.9860961914062,429.99041748046875,-545.9860961914062,351.99041748046875,-368.38609619140624,351.99041748046875
TABLE,-80,-40,80,-40,80,40,-80,40,-329.1932678222656,167.37115478515625,-329.1932678222656,327.37115478515625,-409.1932678222656,327.37115478515625,-409.1932678222656,167.37115478515625
SEATING,-27.5,-23.75,27.5,-23.75,27.5,23.75,-27.5,23.75,-441.70327781913056,268.4626615434568,-441.7032773566507,213.46266154345685,-394.2032773566507,213.46266194287128,-394.20327781913056,268.4626619428713
STORAGE_FURNITURE,-60,-20,60,-20,60,20,-60,20,-567.2032775878906,2.1907405853271626,-447.2032775878906,2.1907405853271342,-447.2032775878906,42.190740585327134,-567.2032775878906,42.19074058532716
STORAGE_FURNITURE,-60,-20,60,-20,60,20,-60,20,-467.1932678222656,2.1907405853271626,-347.1932678222656,2.1907405853271342,-347.1932678222656,42.190740585327134,-467.1932678222656,42.19074058532716
