in_product_family,in_bounding_box_x1,in_bounding_box_y1,in_bounding_box_x2,in_bounding_box_y2,in_bounding_box_x3,in_bounding_box_y3,in_bounding_box_x4,in_bounding_box_y4,out_bounding_box_x1,out_bounding_box_y1,out_bounding_box_x2,out_bounding_box_y2,out_bounding_box_x3,out_bounding_box_y3,out_bounding_box_x4,out_bounding_box_y4
ROOM,-66.24878,46.247,492.78999,46.247,492.78999,608.43339,-66.24878,608.43339,-66.24878,46.247,492.78999,46.247,492.78999,608.43339,-66.24878,608.43339
SOFA,-68.5,-52,68.5,-52,68.5,52,-68.5,52,351.44915771484375,46.25700378417969,488.44915771484375,46.25700378417969,488.44915771484375,150.2570037841797,351.44915771484375,150.2570037841797
TABLE,-60,-60,60,-60,60,60,-60,60,170.73814392089844,67.32624816894531,290.73814392089844,67.32624816894531,290.73814392089844,187.3262481689453,170.73814392089844,187.3262481689453
SEATING,-29,-28,29,-28,29,28,-29,28,346.68087528421734,94.89724332029749,349.5227368921849,152.82757926443958,293.58999873922016,155.57144564454626,290.7481371312526,97.64110970040417
