in_product_family,in_bounding_box_x1,in_bounding_box_y1,in_bounding_box_x2,in_bounding_box_y2,in_bounding_box_x3,in_bounding_box_y3,in_bounding_box_x4,in_bounding_box_y4,out_bounding_box_x1,out_bounding_box_y1,out_bounding_box_x2,out_bounding_box_y2,out_bounding_box_x3,out_bounding_box_y3,out_bounding_box_x4,out_bounding_box_y4
ROOM,-478.14192,-578.75979,234.005,-578.75979,234.005,170.68594,-478.14192,170.68594,-478.14192,-578.75979,234.005,-578.75979,234.005,170.68594,-478.14192,170.68594
SOFA,-99,-48.5,99,-48.5,99,48.5,-99,48.5,-130.0136566162109,-229.82260131835938,-130.01365661621097,-427.8226013183594,-33.01365661621097,-427.8226013183594,-33.0136566162109,-229.82260131835938
TABLE,-100,-50,100,-50,100,50,-100,50,-284.29779052734375,-479.0876770019531,-284.29779052734375,-279.0876770019531,-384.29779052734375,-279.0876770019531,-384.29779052734375,-479.0876770019531
SEATING,-28,-29,28,-29,28,29,-28,29,-442.30780029296875,-401.95391845703125,-442.30780029296875,-457.95391845703125,-384.30780029296875,-457.95391845703125,-384.30780029296875,-401.95391845703125
SEATING,-28,-29,28,-29,28,29,-28,29,-226.2877960205078,-444.4429931640625,-226.2877960205078,-388.4429931640625,-284.2877960205078,-388.4429931640625,-284.2877960205078,-444.4429931640625
SEATING,-28,-29,28,-29,28,29,-28,29,-226.2877960205078,-354.65948486328125,-226.2877960205078,-298.65948486328125,-284.2877960205078,-298.65948486328125,-284.2877960205078,-354.65948486328125
SEATING,-28,-29,28,-29,28,29,-28,29,-442.30780029296875,-304.3153381347656,-442.30780029296875,-360.3153381347656,-384.30780029296875,-360.3153381347656,-384.30780029296875,-304.3153381347656
STORAGE_FURNITURE,-85,-23,85,-23,85,23,-85,23,-413.2822265625,124.67604064941406,-243.2822265625,124.67604064941406,-243.2822265625,170.67604064941406,-413.2822265625,170.67604064941406
STORAGE_FURNITURE,-80,-20,80,-20,80,20,-80,20,233.99499511718753,-467.9005432128906,233.99499511718747,-307.9005432128906,193.99499511718747,-307.9005432128906,193.99499511718753,-467.9005432128906
