in_product_family,in_bounding_box_x1,in_bounding_box_y1,in_bounding_box_x2,in_bounding_box_y2,in_bounding_box_x3,in_bounding_box_y3,in_bounding_box_x4,in_bounding_box_y4,out_bounding_box_x1,out_bounding_box_y1,out_bounding_box_x2,out_bounding_box_y2,out_bounding_box_x3,out_bounding_box_y3,out_bounding_box_x4,out_bounding_box_y4
ROOM,-385,-198.96967,881.01,-198.96967,881.01,611.01,-385,611.01,-385,-198.96967,881.01,-198.96967,881.01,611.01,-385,611.01
SOFA,-164,-107.3,164,-107.3,164,107.3,-164,107.3,349.83874511718744,610.9999816894532,21.838745117187443,610.9999816894531,21.838745117187557,396.39998168945306,349.83874511718756,396.3999816894532
STORAGE_FURNITURE,-153.95,-25.45,153.95,-25.45,153.95,25.45,-153.95,25.45,-1.8299133300781136,161.0794647216797,306.07008666992186,161.0794647216797,306.07008666992186,211.97946472167968,-1.8299133300781136,211.97946472167968
TABLE,-100,-50,100,-50,100,50,-100,50,524.1812133789062,359.5913391113281,724.1812133789062,359.5913391113281,724.1812133789062,459.5913391113281,524.1812133789062,459.5913391113281
TABLE,-45.05,-25.1,45.05,-25.1,45.05,25.1,-45.05,25.1,125.22627563476563,346.1899780273437,215.32627563476564,346.1899780273437,215.32627563476564,396.3899780273438,125.22627563476563,396.3899780273438
STORAGE_FURNITURE,-50,-17.5,50,-17.5,50,17.5,-50,17.5,-69.2642822265625,491.8721923828125,-69.2642822265625,591.8721923828125,-104.2642822265625,591.8721923828125,-104.2642822265625,491.8721923828125
