in_product_family,in_bounding_box_x1,in_bounding_box_y1,in_bounding_box_x2,in_bounding_box_y2,in_bounding_box_x3,in_bounding_box_y3,in_bounding_box_x4,in_bounding_box_y4,out_bounding_box_x1,out_bounding_box_y1,out_bounding_box_x2,out_bounding_box_y2,out_bounding_box_x3,out_bounding_box_y3,out_bounding_box_x4,out_bounding_box_y4
ROOM,-338.60593,-183.10907,350.64572,-183.10907,350.64572,245.72917,-338.60593,245.72917,-338.60593,-183.10907,350.64572,-183.10907,350.64572,245.72917,-338.60593,245.72917
SOFA,-87.5,-50.5,87.5,-50.5,87.5,50.5,-87.5,50.5,-38.77871036529543,-6.041893005371108,-38.77871036529539,-181.0418930053711,62.22128963470461,-181.0418930053711,62.22128963470457,-6.0418930053710795
