in_product_family,in_bounding_box_x1,in_bounding_box_y1,in_bounding_box_x2,in_bounding_box_y2,in_bounding_box_x3,in_bounding_box_y3,in_bounding_box_x4,in_bounding_box_y4,out_bounding_box_x1,out_bounding_box_y1,out_bounding_box_x2,out_bounding_box_y2,out_bounding_box_x3,out_bounding_box_y3,out_bounding_box_x4,out_bounding_box_y4
ROOM,-450.85236,-506.73368,600.68912,-506.73368,600.68912,298.57513,-450.85236,298.57513,-450.85236,-506.73368,600.68912,-506.73368,600.68912,298.57513,-450.85236,298.57513
SOFA,-163.65,-78.8,163.65,-78.8,163.65,78.8,-163.65,78.8,67.43498687744136,-61.72608795166019,67.43498687744145,265.5739120483398,-90.16501312255855,265.5739120483399,-90.16501312255863,-61.72608795166013
TABLE,-89.65,-44.75,89.65,-44.75,89.65,44.75,-89.65,44.75,-255.1165985107422,-342.69610595703125,-75.81659851074218,-342.69610595703125,-75.81659851074218,-253.19610595703125,-255.1165985107422,-253.19610595703125
STORAGE_FURNITURE,-62.5,-22.5,62.5,-22.5,62.5,22.5,-62.5,22.5,-441.4498768371399,177.1464639308196,-441.4498768371399,52.146463930819614,-396.4498768371399,52.1464639308196,-396.4498768371399,177.1464639308196
TABLE,-49.85,-49.85,49.85,-49.85,49.85,49.85,-49.85,49.85,-246.8110595703125,58.41953125,-147.1110595703125,58.41953125,-147.1110595703125,158.11953125,-246.8110595703125,158.11953125
SEATING,-24.15,-28.45,24.15,-28.45,24.15,28.45,-24.15,28.45,-234.30103149414063,-399.6061279296875,-186.00103149414062,-399.6061279296875,-186.00103149414062,-342.7061279296875,-234.30103149414063,-342.7061279296875
SEATING,-24.15,-28.45,24.15,-28.45,24.15,28.45,-24.15,28.45,-155.54341735839844,-399.6061279296875,-107.24341735839843,-399.6061279296875,-107.24341735839843,-342.7061279296875,-155.54341735839844,-342.7061279296875
SEATING,-24.15,-28.45,24.15,-28.45,24.15,28.45,-24.15,28.45,-185.8720947265625,-196.28611450195314,-234.1720947265625,-196.28611450195314,-234.1720947265625,-253.1861145019531,-185.8720947265625,-253.1861145019531
SEATING,-24.15,-28.45,24.15,-28.45,24.15,28.45,-24.15,28.45,-108.37012634277345,-196.28611450195314,-156.67012634277344,-196.28611450195314,-156.67012634277344,-253.1861145019531,-108.37012634277343,-253.1861145019531
