in_product_family,in_bounding_box_x1,in_bounding_box_y1,in_bounding_box_x2,in_bounding_box_y2,in_bounding_box_x3,in_bounding_box_y3,in_bounding_box_x4,in_bounding_box_y4,out_bounding_box_x1,out_bounding_box_y1,out_bounding_box_x2,out_bounding_box_y2,out_bounding_box_x3,out_bounding_box_y3,out_bounding_box_x4,out_bounding_box_y4
ROOM,-326.37234,-682.97441,75.1182,-682.97441,75.1182,-98.63077,-326.37234,-98.63077,-326.37234,-682.97441,75.1182,-682.97441,75.1182,-98.63077,-326.37234,-98.63077
SOFA,-121.25,-79.45,121.25,-79.45,121.25,79.45,-121.25,79.45,-324.01712341308587,-376.3785705566406,-324.017123413086,-618.8785705566406,-165.11712341308598,-618.8785705566406,-165.1171234130859,-376.3785705566406
STORAGE_FURNITURE,-80,-20,80,-20,80,20,-80,20,38.617660522460966,-587.7532653808594,38.61766052246091,-427.7532653808594,-1.3823394775390945,-427.7532653808594,-1.3823394775390305,-587.7532653808594
