in_product_family,in_bounding_box_x1,in_bounding_box_y1,in_bounding_box_x2,in_bounding_box_y2,in_bounding_box_x3,in_bounding_box_y3,in_bounding_box_x4,in_bounding_box_y4,out_bounding_box_x1,out_bounding_box_y1,out_bounding_box_x2,out_bounding_box_y2,out_bounding_box_x3,out_bounding_box_y3,out_bounding_box_x4,out_bounding_box_y4
ROOM,-118.5,-207.495,338.5,-207.495,338.5,27.505,-118.5,27.505,-118.5,-207.495,338.5,-207.495,338.5,27.505,-118.5,27.505
STORAGE_FURNITURE,-21,-28.5,21,-28.5,21,28.5,-21,28.5,166.2375946044922,-182.18594360351562,208.2375946044922,-182.18594360351562,208.2375946044922,-125.18594360351562,166.2375946044922,-125.18594360351562
SEATING,-27.2,-26.7,27.2,-26.7,27.2,26.7,-27.2,26.7,275.5223114013672,-74.2778289794922,221.1223114013672,-74.27782897949218,221.1223114013672,-127.67782897949218,275.5223114013672,-127.67782897949219
TABLE,-80,-40,80,-40,80,40,-80,40,153.14163208007812,-207.48773193359375,313.1416320800781,-207.48773193359375,313.1416320800781,-127.48773193359375,153.14163208007812,-127.48773193359375
SOFA,-93,-54.5,93,-54.5,93,54.5,-93,54.5,-83.73860931396484,-207.48500061035156,102.26139068603516,-207.48500061035156,102.26139068603516,-98.48500061035156,-83.73860931396484,-98.48500061035156
STORAGE_FURNITURE,-73.5,-19.9,73.5,-19.9,73.5,19.9,-73.5,19.9,269.85862731933594,27.495000743865976,122.85862731933594,27.495000743865955,122.85862731933594,-12.304999256134042,269.85862731933594,-12.304999256134021
