in_product_family,in_bounding_box_x1,in_bounding_box_y1,in_bounding_box_x2,in_bounding_box_y2,in_bounding_box_x3,in_bounding_box_y3,in_bounding_box_x4,in_bounding_box_y4,out_bounding_box_x1,out_bounding_box_y1,out_bounding_box_x2,out_bounding_box_y2,out_bounding_box_x3,out_bounding_box_y3,out_bounding_box_x4,out_bounding_box_y4
ROOM,-100.61688,-179,539.37438,-179,539.37438,83.01,-100.61688,83.01,-100.61688,-179,539.37438,-179,539.37438,83.01,-100.61688,83.01
STORAGE_FURNITURE,-70,-22.5,70,-22.5,70,22.5,-70,22.5,15.527305603027344,-178.99000549316403,155.52730560302734,-178.9900054931641,155.52730560302734,-133.9900054931641,15.527305603027344,-133.99000549316403
SOFA,-80.75,-51.15,80.75,-51.15,80.75,51.15,-80.75,51.15,171.30265045166016,38.94094028472901,9.802650451660156,38.940940284728995,9.802650451660156,-63.359059715271,171.30265045166016,-63.35905971527099
TABLE,-40.5,-35.5,40.5,-35.5,40.5,35.5,-40.5,35.5,253.85003662109375,-178.989990234375,334.85003662109375,-178.989990234375,334.85003662109375,-107.989990234375,253.85003662109375,-107.989990234375
