in_product_family,in_bounding_box_x1,in_bounding_box_y1,in_bounding_box_x2,in_bounding_box_y2,in_bounding_box_x3,in_bounding_box_y3,in_bounding_box_x4,in_bounding_box_y4,out_bounding_box_x1,out_bounding_box_y1,out_bounding_box_x2,out_bounding_box_y2,out_bounding_box_x3,out_bounding_box_y3,out_bounding_box_x4,out_bounding_box_y4
ROOM,-430.01786,-447.05576,100.19855,-447.05576,100.19855,-43.13549,-430.01786,-43.13549,-430.01786,-447.05576,100.19855,-447.05576,100.19855,-43.13549,-430.01786,-43.13549
SOFA,-109.85,-92.25,109.85,-92.25,109.85,92.25,-109.85,92.25,-430.00784301757807,-47.932760620117136,-430.0078430175782,-267.6327606201171,-245.50784301757818,-267.6327606201172,-245.50784301757807,-47.93276062011725
LIGHTING,-24.2,-24,24.2,-24,24.2,24,-24.2,24,-49.66918678283692,-439.678955078125,-1.2691867828369148,-439.678955078125,-1.2691867828369148,-391.678955078125,-49.66918678283692,-391.678955078125
STORAGE_FURNITURE,-85,-20,85,-20,85,20,-85,20,1.1864280700683913,-343.4667663574219,1.1864280700683274,-173.46676635742188,-38.81357192993167,-173.46676635742188,-38.81357192993161,-343.4667663574219
DECORATION,-75,-100,75,-100,75,100,-75,100,-327.9838104248047,-149.89314270019534,-327.9838104248047,-299.8931427001953,-127.98381042480467,-299.8931427001953,-127.9838104248047,-149.89314270019528
SEATING,-49.4,-58.9,49.4,-58.9,49.4,58.9,-49.4,58.9,-441.2449437400555,-353.41271428891685,-386.11466636816243,-435.401082469398,-288.3593043068195,-369.66882867983315,-343.48958167871257,-287.680460499352
DECORATION,-53.1,-4.95,53.1,-4.95,53.1,4.95,-53.1,4.95,-171.63174285888672,-443.3522216796875,-65.43174285888674,-443.3522216796875,-65.43174285888674,-433.4522216796875,-171.63174285888672,-433.4522216796875
TABLE,-33.75,-45,33.75,-45,33.75,45,-33.75,45,-293.5608825683594,-257.13600158691406,-226.06088256835938,-257.13600158691406,-226.06088256835938,-167.13600158691406,-293.5608825683594,-167.13600158691406
LIGHTING,-23.2,-23.15,23.2,-23.15,23.2,23.15,-23.2,23.15,-238.57030029296874,-257.1359924316406,-192.17030029296876,-257.1359924316406,-192.17030029296876,-210.83599243164062,-238.57030029296874,-210.83599243164062
