in_product_family,in_bounding_box_x1,in_bounding_box_y1,in_bounding_box_x2,in_bounding_box_y2,in_bounding_box_x3,in_bounding_box_y3,in_bounding_box_x4,in_bounding_box_y4,out_bounding_box_x1,out_bounding_box_y1,out_bounding_box_x2,out_bounding_box_y2,out_bounding_box_x3,out_bounding_box_y3,out_bounding_box_x4,out_bounding_box_y4
ROOM,565.61124,-579.14091,903.09696,-579.14091,903.09696,-379.20114,565.61124,-379.20114,565.61124,-579.14091,903.09696,-579.14091,903.09696,-379.20114,565.61124,-379.20114
SOFA,-125.5,-81.75,125.5,-81.75,125.5,81.75,-125.5,81.75,565.6211547851562,-414.20953369140625,565.6211547851562,-665.2095336914062,729.1211547851562,-665.2095336914062,729.1211547851562,-414.20953369140625
STORAGE_FURNITURE,-23.85,-17.5,23.85,-17.5,23.85,17.5,-23.85,17.5,613.3178955078125,-379.2085876464844,565.6178955078125,-379.2085876464844,565.6178955078125,-414.2085876464844,613.3178955078125,-414.2085876464844
STORAGE_FURNITURE,-23.85,-17.5,23.85,-17.5,23.85,17.5,-23.85,17.5,661.0279174804688,-379.2085876464844,613.3279174804687,-379.2085876464844,613.3279174804687,-414.2085876464844,661.0279174804688,-414.2085876464844
