in_product_family,in_bounding_box_x1,in_bounding_box_y1,in_bounding_box_x2,in_bounding_box_y2,in_bounding_box_x3,in_bounding_box_y3,in_bounding_box_x4,in_bounding_box_y4,out_bounding_box_x1,out_bounding_box_y1,out_bounding_box_x2,out_bounding_box_y2,out_bounding_box_x3,out_bounding_box_y3,out_bounding_box_x4,out_bounding_box_y4
ROOM,-476.26737,-430,423.73262,-430,423.73262,430,-476.26737,430,-476.26737,-430,423.73262,-430,423.73262,430,-476.26737,430
SOFA,-71.8,-29,71.8,-29,71.8,29,-71.8,29,152.05413513183595,408.8163146972656,8.45413513183594,408.8163146972656,8.45413513183594,350.8163146972656,152.05413513183595,350.8163146972656
SOFA,-87,-31.45,87,-31.45,87,31.45,-87,31.45,-74.10337371826168,311.3119659423828,-74.10337371826175,137.3119659423828,-11.203373718261751,137.3119659423828,-11.203373718261687,311.3119659423828
TABLE,-55,-37.5,55,-37.5,55,37.5,-55,37.5,35.30977223408191,304.6431394138146,27.57295988412553,194.91555976921674,102.38721873271496,189.64046043970103,110.12403108267134,299.36804008429885
SEATING,-45,-47.65,45,-47.65,45,47.65,-45,47.65,157.05043555135447,39.66055301789561,239.52441034817934,75.6889235224396,201.37436913614553,163.0196990572997,118.90039433932066,126.99132855275572
