in_product_family,in_bounding_box_x1,in_bounding_box_y1,in_bounding_box_x2,in_bounding_box_y2,in_bounding_box_x3,in_bounding_box_y3,in_bounding_box_x4,in_bounding_box_y4,out_bounding_box_x1,out_bounding_box_y1,out_bounding_box_x2,out_bounding_box_y2,out_bounding_box_x3,out_bounding_box_y3,out_bounding_box_x4,out_bounding_box_y4
ROOM,8.5269,20.49913,349.76118,20.49913,349.76118,269.46225,8.5269,269.46225,8.5269,20.49913,349.76118,20.49913,349.76118,269.46225,8.5269,269.46225
LIGHTING,-30,-29.55,30,-29.55,30,29.55,-30,29.55,81.38137817382812,94.83272094726563,141.38137817382812,94.83272094726563,141.38137817382812,153.93272094726564,81.38137817382812,153.93272094726564
LIGHTING,-3.3,-9.25,3.3,-9.25,3.3,9.25,-3.3,9.25,355.701171875,37.68445892333985,355.701171875,44.28445892333985,337.201171875,44.28445892333984,337.201171875,37.68445892333984
LIGHTING,-3.3,-9.25,3.3,-9.25,3.3,9.25,-3.3,9.25,355.701171875,229.8544647216797,355.701171875,236.4544647216797,337.201171875,236.45446472167967,337.201171875,229.85446472167968
