in_product_family,in_bounding_box_x1,in_bounding_box_y1,in_bounding_box_x2,in_bounding_box_y2,in_bounding_box_x3,in_bounding_box_y3,in_bounding_box_x4,in_bounding_box_y4,out_bounding_box_x1,out_bounding_box_y1,out_bounding_box_x2,out_bounding_box_y2,out_bounding_box_x3,out_bounding_box_y3,out_bounding_box_x4,out_bounding_box_y4
ROOM,-480.79226,37.05999,-68.37013,37.05999,-68.37013,422.16215,-480.79226,422.16215,-480.79226,37.05999,-68.37013,37.05999,-68.37013,422.16215,-480.79226,422.16215
SOFA,-91.05,-47.55,91.05,-47.55,91.05,47.55,-91.05,47.55,-343.1544464111328,41.85377807617188,-161.0544464111328,41.85377807617188,-161.0544464111328,136.9537780761719,-343.1544464111328,136.9537780761719
TABLE,-25,-25,25,-25,25,25,-25,25,-132.04145050048828,105.98876953125,-132.04145050048828,55.98876953124999,-82.04145050048828,55.98876953125001,-82.04145050048828,105.98876953125
STORAGE_FURNITURE,-100,-22.5,100,-22.5,100,22.5,-100,22.5,-112.91185402025216,421.3160647259212,-312.9118539897904,421.3195553844124,-312.91263938795095,376.3195553912663,-112.9126394184127,376.3160647327751
TABLE,-80,-40,80,-40,80,40,-80,40,-480.78226875976566,412.1490173339844,-480.78226875976566,252.14901733398438,-400.78226875976566,252.14901733398438,-400.78226875976566,412.1490173339844
SEATING,-32.65,-33.3,32.65,-33.3,32.65,33.3,-32.65,33.3,-365.94402783503887,307.0599893796243,-365.94402783503887,372.35998937962427,-432.5440278350389,372.35998937962427,-432.5440278350389,307.0599893796243
STORAGE_FURNITURE,-71,-19,71,-19,71,19,-71,19,-72.90596329693813,261.1449320730259,-72.903484951037,403.1449320513984,-110.90348494524937,403.1455952707241,-110.9059632911505,261.1455952923516
DECORATION,-100,-8.7,100,-8.7,100,8.7,-100,8.7,-480.78227539062493,231.24661254882812,-480.78227539062505,31.246612548828125,-463.38227539062507,31.246612548828125,-463.38227539062495,231.24661254882812
