in_product_family,in_bounding_box_x1,in_bounding_box_y1,in_bounding_box_x2,in_bounding_box_y2,in_bounding_box_x3,in_bounding_box_y3,in_bounding_box_x4,in_bounding_box_y4,out_bounding_box_x1,out_bounding_box_y1,out_bounding_box_x2,out_bounding_box_y2,out_bounding_box_x3,out_bounding_box_y3,out_bounding_box_x4,out_bounding_box_y4
ROOM,23,-224,281,-224,281,324,23,324,23,-224,281,-224,281,324,23,324
SEATING,-21.25,-20.05,21.25,-20.05,21.25,20.05,-21.25,20.05,96.98287658691407,61.51305389404297,96.98287658691406,104.01305389404297,56.88287658691406,104.01305389404297,56.882876586914065,61.51305389404297
SEATING,-21.25,-20.05,21.25,-20.05,21.25,20.05,-21.25,20.05,99.26355438232423,3.6676445007324254,99.26355438232422,46.16764450073242,59.163554382324214,46.16764450073242,59.16355438232422,3.6676445007324183
SOFA,-71.8,-28.55,71.8,-28.55,71.8,28.55,-71.8,28.55,23.010001373291026,-65.49621887207032,23.010001373291004,-209.09621887207032,80.110001373291,-209.09621887207032,80.11000137329103,-65.49621887207032
SEATING,-57.05,-21.5,57.05,-21.5,57.05,21.5,-57.05,21.5,280.9999694824219,-223.99000244140626,280.9999694824219,-109.89000244140625,237.99996948242188,-109.89000244140625,237.99996948242188,-223.99000244140626
SEATING,-57.05,-21.5,57.05,-21.5,57.05,21.5,-57.05,21.5,151.2807647705078,-221.04260253906247,265.3807647705078,-221.04260253906253,265.3807647705078,-178.04260253906253,151.28076477050783,-178.04260253906247
TABLE,-19,-19.5,19,-19.5,19,19.5,-19,19.5,191.10610961914062,-173.72850036621094,229.10610961914062,-173.72850036621094,229.10610961914062,-134.72850036621094,191.10610961914062,-134.72850036621094
DECORATION,-80,-115,80,-115,80,115,-80,115,-14.837623596191406,-284.8340301513672,145.1623764038086,-284.8340301513672,145.1623764038086,-54.83403015136719,-14.837623596191406,-54.83403015136719
TABLE,-20,-20,20,-20,20,20,-20,20,96.78854370117188,-158.9176025390625,136.78854370117188,-158.9176025390625,136.78854370117188,-118.9176025390625,96.78854370117188,-118.9176025390625
