in_product_family,in_bounding_box_x1,in_bounding_box_y1,in_bounding_box_x2,in_bounding_box_y2,in_bounding_box_x3,in_bounding_box_y3,in_bounding_box_x4,in_bounding_box_y4,out_bounding_box_x1,out_bounding_box_y1,out_bounding_box_x2,out_bounding_box_y2,out_bounding_box_x3,out_bounding_box_y3,out_bounding_box_x4,out_bounding_box_y4
ROOM,-3206.95709,-164,-2738.95709,-164,-2738.95709,122,-3206.95709,122,-3206.95709,-164,-2738.95709,-164,-2738.95709,122,-3206.95709,122
SOFA,-92.35,-42.1,92.35,-42.1,92.35,42.1,-92.35,42.1,-3197.322412109375,-160.66978607177734,-3012.622412109375,-160.66978607177734,-3012.622412109375,-76.46978607177735,-3197.322412109375,-76.46978607177735
TABLE,-45,-27.5,45,-27.5,45,27.5,-45,27.5,-3143.8721181177193,-56.58184127330476,-3056.1964042863265,-36.260197536743426,-3068.6151865697807,17.319405360218823,-3156.2909004011735,-3.002238376342511
DECORATION,-75,-100,75,-100,75,100,-75,100,-3202.880126953125,75.5936150550842,-3202.880126953125,-74.4063849449158,-3002.880126953125,-74.40638494491574,-3002.880126953125,75.59361505508426
STORAGE_FURNITURE,-50,-22.5,50,-22.5,50,22.5,-50,22.5,-2884.11474609375,121.9900131225586,-2984.11474609375,121.9900131225586,-2984.11474609375,76.9900131225586,-2884.11474609375,76.9900131225586
SEATING,-31.75,-34.7,31.75,-34.7,31.75,34.7,-31.75,34.7,-3150.124220831815,119.15558897531577,-3209.8968200209683,97.71995541405136,-3186.469529168185,32.39368165456704,-3126.6969299790317,53.829315215831464
STORAGE_FURNITURE,-44,-17.5,44,-17.5,44,17.5,-44,17.5,-3003.007080078125,-163.99998474121094,-2915.007080078125,-163.99998474121094,-2915.007080078125,-128.99998474121094,-3003.007080078125,-128.99998474121094
