in_product_family,in_bounding_box_x1,in_bounding_box_y1,in_bounding_box_x2,in_bounding_box_y2,in_bounding_box_x3,in_bounding_box_y3,in_bounding_box_x4,in_bounding_box_y4,out_bounding_box_x1,out_bounding_box_y1,out_bounding_box_x2,out_bounding_box_y2,out_bounding_box_x3,out_bounding_box_y3,out_bounding_box_x4,out_bounding_box_y4
ROOM,376.25945,-312.91734,609.41958,-312.91734,609.41958,0.08266,376.25945,0.08266,376.25945,-312.91734,609.41958,-312.91734,609.41958,0.08266,376.25945,0.08266
SEATING,-37,-45.75,37,-45.75,37,45.75,-37,45.75,445.7452639997497,-8.59897711210612,376.26945414556025,-34.076650575444965,407.77225309009407,-119.98255059785481,477.2480629442835,-94.50487713451597
SEATING,-37,-45.75,37,-45.75,37,45.75,-37,45.75,603.4904630951041,-44.969191406447706,541.2863299729278,-4.886204709863165,491.7242585845834,-81.80077471904058,553.9283917067597,-121.88376141562512
SOFA,-105,-45,105,-45,105,45,-105,45,382.6401062011719,-312.9073181152344,592.6401062011719,-312.9073181152344,592.6401062011719,-222.90731811523438,382.6401062011719,-222.90731811523438
STORAGE_FURNITURE,-29.95,-8,29.95,-8,29.95,8,-29.95,8,609.4095458984375,-184.940560317676,609.4095458984375,-125.04056031767598,593.4095458984375,-125.04056031767597,593.4095458984375,-184.94056031767596
TABLE,-45.05,-25.1,45.05,-25.1,45.05,25.1,-45.05,25.1,445.3996154785156,-186.76336059570312,535.4996154785156,-186.76336059570312,535.4996154785156,-136.56336059570313,445.3996154785156,-136.56336059570313
