in_product_family,in_bounding_box_x1,in_bounding_box_y1,in_bounding_box_x2,in_bounding_box_y2,in_bounding_box_x3,in_bounding_box_y3,in_bounding_box_x4,in_bounding_box_y4,out_bounding_box_x1,out_bounding_box_y1,out_bounding_box_x2,out_bounding_box_y2,out_bounding_box_x3,out_bounding_box_y3,out_bounding_box_x4,out_bounding_box_y4
ROOM,-216.5,-394.01,153.36703,-394.01,153.36703,184.19988,-216.5,184.19988,-216.5,-394.01,153.36703,-394.01,153.36703,184.19988,-216.5,184.19988
SEATING,-25.5,-24.4,25.5,-24.4,25.5,24.4,-25.5,24.4,86.86775115253258,7.7103380220901485,35.912226839293524,5.580891623867288,37.94981476543618,-43.17655124840851,88.90533907867523,-41.04710485018565
STORAGE_FURNITURE,-60,-26.5,60,-26.5,60,26.5,-60,26.5,6.009382518574114,-75.65866980684879,125.19693142359034,-61.71850531662974,119.04002544041026,-9.077337883580903,-0.14752346460596755,-23.01750237379995
TABLE,-70.3,-35,70.3,-35,70.3,35,-70.3,35,-108.17054892082542,-163.88117065384228,31.425018396710456,-147.10506904186735,23.072762971118394,-77.60514221236868,-116.52280434641749,-94.3812438243436
SEATING,-28,-29,28,-29,28,29,-28,29,-100.4778633788148,-193.17169920418308,-44.80819217182637,-187.0981740576308,-51.09862893075551,-129.44030030753567,-106.76830013774395,-135.51382545408794
SEATING,-28,-29,28,-29,28,29,-28,29,-26.400078132064948,-182.8551517771143,28.92284018425393,-174.17329086104857,19.930912806900153,-116.87455403343259,-35.39200550941872,-125.5564149494983
