in_product_family,in_bounding_box_x1,in_bounding_box_y1,in_bounding_box_x2,in_bounding_box_y2,in_bounding_box_x3,in_bounding_box_y3,in_bounding_box_x4,in_bounding_box_y4,out_bounding_box_x1,out_bounding_box_y1,out_bounding_box_x2,out_bounding_box_y2,out_bounding_box_x3,out_bounding_box_y3,out_bounding_box_x4,out_bounding_box_y4
ROOM,-67.79067,-271.36286,1160.1856,-271.36286,1160.1856,568.49713,-67.79067,568.49713,-67.79067,-271.36286,1160.1856,-271.36286,1160.1856,568.49713,-67.79067,568.49713
TABLE,-70,-45.5,70,-45.5,70,45.5,-70,45.5,772.3041116805659,433.8511288148984,911.6589456476465,447.27611484868675,902.9327047256841,537.8567569272891,763.5778707586035,524.4317708935008
TABLE,-129.8,-44.75,129.8,-44.75,129.8,44.75,-129.8,44.75,104.76737422781127,259.32779720376135,358.9409435616801,312.1289018520637,340.73717289132935,399.7580792610824,86.56360355746051,346.9569746127801
STORAGE_FURNITURE,-75.25,-20.35,75.25,-20.35,75.25,20.35,-75.25,20.35,286.08183054791243,-239.05778569826174,435.34553530131035,-219.80690407454253,430.13948292865007,-179.44123773923826,280.87577817525215,-198.69211936295747
SOFA,-123.3,-125,123.3,-125,123.3,125,-123.3,125,425.69425762665685,265.3754414840969,179.09425762665688,265.37544352566874,179.0942555569369,15.375443525668715,425.69425555693687,15.37544148409691
TABLE,-40,-40,40,-40,40,40,-40,40,177.22677612304688,-109.8227310180664,257.2267761230469,-109.8227310180664,257.2267761230469,-29.822731018066406,177.22677612304688,-29.822731018066406
