in_product_family,in_bounding_box_x1,in_bounding_box_y1,in_bounding_box_x2,in_bounding_box_y2,in_bounding_box_x3,in_bounding_box_y3,in_bounding_box_x4,in_bounding_box_y4,out_bounding_box_x1,out_bounding_box_y1,out_bounding_box_x2,out_bounding_box_y2,out_bounding_box_x3,out_bounding_box_y3,out_bounding_box_x4,out_bounding_box_y4
ROOM,-1134.57289,-204.48405,407.1395,-204.48405,407.1395,693.45965,-1134.57289,693.45965,-1134.57289,-204.48405,407.1395,-204.48405,407.1395,693.45965,-1134.57289,693.45965
SOFA,-91,-45,91,-45,91,45,-91,45,-156.82698822021482,673.5922241210938,-156.82698822021487,491.59222412109375,-66.82698822021487,491.59222412109375,-66.82698822021482,673.5922241210938
SOFA,-91,-45,91,-45,91,45,-91,45,72.10585021972656,369.488037109375,254.10585021972656,369.488037109375,254.10585021972656,459.488037109375,72.10585021972656,459.488037109375
SOFA,-91,-45,91,-45,91,45,-91,45,-70.03886413574216,487.2607116699219,-70.03886413574222,305.2607116699219,19.961135864257777,305.2607116699219,19.961135864257848,487.2607116699219
STORAGE_FURNITURE,-90,-22.5,90,-22.5,90,22.5,-90,22.5,340.2007093806401,704.7932670128758,160.2328044889642,701.3942658506681,161.08255477951613,656.4022896277492,341.050459671192,659.8012907899569
