in_product_family,in_bounding_box_x1,in_bounding_box_y1,in_bounding_box_x2,in_bounding_box_y2,in_bounding_box_x3,in_bounding_box_y3,in_bounding_box_x4,in_bounding_box_y4,out_bounding_box_x1,out_bounding_box_y1,out_bounding_box_x2,out_bounding_box_y2,out_bounding_box_x3,out_bounding_box_y3,out_bounding_box_x4,out_bounding_box_y4
ROOM,-349.30748,-432.53496,374.69252,-432.53496,374.69252,315.0648,-349.30748,315.0648,-349.30748,-432.53496,374.69252,-432.53496,374.69252,315.0648,-349.30748,315.0648
STORAGE_FURNITURE,-90,-22.5,90,-22.5,90,22.5,-90,22.5,-265.53895568847656,267.10528564453125,-85.53895568847656,267.10528564453125,-85.53895568847656,312.10528564453125,-265.53895568847656,312.10528564453125
SOFA,-121.25,-79.45,121.25,-79.45,121.25,79.45,-121.25,79.45,-242.05990600585938,9.896130371093747,0.440093994140625,9.896130371093747,0.440093994140625,168.79613037109374,-242.05990600585938,168.79613037109374
TABLE,-105,-37.5,105,-37.5,105,37.5,-105,37.5,62.33683776855469,44.096580505371094,272.3368377685547,44.096580505371094,272.3368377685547,119.0965805053711,62.33683776855469,119.0965805053711
SEATING,-29,-28,29,-28,29,28,-29,28,111.02435302734375,-11.913421630859375,169.02435302734375,-11.913421630859375,169.02435302734375,44.086578369140625,111.02435302734375,44.086578369140625
SEATING,-29,-28,29,-28,29,28,-29,28,169.02435302734375,-11.913421630859375,227.02435302734375,-11.913421630859375,227.02435302734375,44.086578369140625,169.02435302734375,44.086578369140625
SEATING,-29,-28,29,-28,29,28,-29,28,168.07716369628906,175.10658264160156,110.07716369628906,175.10658264160156,110.07716369628906,119.10658264160156,168.07716369628906,119.10658264160156
SEATING,-29,-28,29,-28,29,28,-29,28,236.0289078078887,179.06214325963552,178.22189661041676,174.33462208936484,182.7863998092988,118.52095610559886,240.59341100677074,123.24847727586955
STORAGE_FURNITURE,-50.6,-15.65,50.6,-15.65,50.6,15.65,-50.6,15.65,-188.31429443359374,-62.55160369873047,-87.11429443359376,-62.55160369873047,-87.11429443359376,-31.25160369873047,-188.31429443359374,-31.25160369873047
