in_product_family,in_bounding_box_x1,in_bounding_box_y1,in_bounding_box_x2,in_bounding_box_y2,in_bounding_box_x3,in_bounding_box_y3,in_bounding_box_x4,in_bounding_box_y4,out_bounding_box_x1,out_bounding_box_y1,out_bounding_box_x2,out_bounding_box_y2,out_bounding_box_x3,out_bounding_box_y3,out_bounding_box_x4,out_bounding_box_y4
ROOM,-400,-201.04245,400,-201.04245,400,400,-400,400,-400,-201.04245,400,-201.04245,400,400,-400,400
SEATING,-28.5,-26,28.5,-26,28.5,26,-28.5,26,3.5427894592285156,-103.67292022705078,60.542789459228516,-103.67292022705078,60.542789459228516,-51.67292022705078,3.5427894592285156,-51.67292022705078
SEATING,-28.5,-26,28.5,-26,28.5,26,-28.5,26,-248.18795776367188,-12.790308952331543,-191.18795776367188,-12.790308952331543,-191.18795776367188,39.20969104766846,-248.18795776367188,39.20969104766846
SEATING,-28.5,-26,28.5,-26,28.5,26,-28.5,26,214.68605041503906,-15.259767532348633,271.68605041503906,-15.259767532348633,271.68605041503906,36.74023246765137,214.68605041503906,36.74023246765137
SEATING,-28.5,-26,28.5,-26,28.5,26,-28.5,26,-49.15815544128418,146.38485717773438,7.84184455871582,146.38485717773438,7.84184455871582,198.38485717773438,-49.15815544128418,198.38485717773438
TABLE,-58.35,-58.7,58.35,-58.7,58.35,58.7,-58.35,58.7,220.23355712890626,52.35800628662109,336.9335571289063,52.35800628662109,336.9335571289063,169.75800628662108,220.23355712890626,169.75800628662108
TABLE,-58.35,-58.7,58.35,-58.7,58.35,58.7,-58.35,58.7,-42.11860618591309,-18.16266555786133,74.58139381408691,-18.16266555786133,74.58139381408691,99.23733444213867,-42.11860618591309,99.23733444213867
TABLE,-58.35,-58.7,58.35,-58.7,58.35,58.7,-58.35,58.7,-292.5590301513672,40.749752807617185,-175.8590301513672,40.749752807617185,-175.8590301513672,158.14975280761718,-292.5590301513672,158.14975280761718
TABLE,-58.35,-58.7,58.35,-58.7,58.35,58.7,-58.35,58.7,7.85185089111328,146.38485412597657,124.55185089111328,146.38485412597657,124.55185089111328,263.78485412597655,7.85185089111328,263.78485412597655
