in_product_family,in_bounding_box_x1,in_bounding_box_y1,in_bounding_box_x2,in_bounding_box_y2,in_bounding_box_x3,in_bounding_box_y3,in_bounding_box_x4,in_bounding_box_y4,out_bounding_box_x1,out_bounding_box_y1,out_bounding_box_x2,out_bounding_box_y2,out_bounding_box_x3,out_bounding_box_y3,out_bounding_box_x4,out_bounding_box_y4
ROOM,-234.71963,118.63588,815.46018,118.63588,815.46018,1221.76456,-234.71963,1221.76456,-234.71963,118.63588,815.46018,118.63588,815.46018,1221.76456,-234.71963,1221.76456
DECORATION,-75,-100,75,-100,75,100,-75,100,-63.68478012084961,986.870361328125,86.31521987915039,986.870361328125,86.31521987915039,1186.870361328125,-63.68478012084961,1186.870361328125
VEGETATION,-19.1,-18.95,19.1,-18.95,19.1,18.95,-19.1,18.95,372.8308471679687,710.6113403320312,411.0308471679688,710.6113403320312,411.0308471679688,748.5113403320313,372.8308471679687,748.5113403320313
VEGETATION,-35,-14.9,35,-14.9,35,14.9,-35,14.9,157.0723114013672,659.0100341796875,227.0723114013672,659.0100341796875,227.0723114013672,688.8100341796875,157.0723114013672,688.8100341796875
VEGETATION,-42.45,-43,42.45,-43,42.45,43,-42.45,43,266.50742797851564,458.8445739746094,351.4074279785156,458.8445739746094,351.4074279785156,544.8445739746094,266.50742797851564,544.8445739746094
VEGETATION,-48.05,-48.2,48.05,-48.2,48.05,48.2,-48.05,48.2,14.564784240722659,474.35902099609376,110.66478424072265,474.35902099609376,110.66478424072265,570.7590209960938,14.564784240722659,570.7590209960938
VEGETATION,-12.2,-11.9,12.2,-11.9,12.2,11.9,-12.2,11.9,257.00037841796876,435.03460083007815,281.40037841796874,435.03460083007815,281.40037841796874,458.8346008300781,257.00037841796876,458.8346008300781
SOFA,-146,-76.8,146,-76.8,146,76.8,-146,76.8,-234.70153503417973,1221.7452392578125,-234.70153503417964,929.7452392578125,-81.10153503417965,929.7452392578125,-81.10153503417973,1221.7452392578125
