in_product_family,in_bounding_box_x1,in_bounding_box_y1,in_bounding_box_x2,in_bounding_box_y2,in_bounding_box_x3,in_bounding_box_y3,in_bounding_box_x4,in_bounding_box_y4,out_bounding_box_x1,out_bounding_box_y1,out_bounding_box_x2,out_bounding_box_y2,out_bounding_box_x3,out_bounding_box_y3,out_bounding_box_x4,out_bounding_box_y4
ROOM,-5.58866,-699.01145,935.9716,-699.01145,935.9716,-13.4,-5.58866,-13.4,-5.58866,-699.01145,935.9716,-699.01145,935.9716,-13.4,-5.58866,-13.4
STORAGE_FURNITURE,-80,-20,80,-20,80,20,-80,20,-5.578663825988738,-125.88558959960936,-5.5786638259888015,-285.8855895996094,34.4213361740112,-285.8855895996094,34.42133617401126,-125.88558959960939
SOFA,-130.3,-83.7,130.3,-83.7,130.3,83.7,-130.3,83.7,501.52998657226556,-338.43375854492194,501.52998657226567,-77.83375854492189,334.1299865722657,-77.83375854492184,334.1299865722656,-338.43375854492183
VEGETATION,-34.4,-37.05,34.4,-37.05,34.4,37.05,-34.4,37.05,6.200711822509767,-99.3375747680664,75.00071182250977,-99.3375747680664,75.00071182250977,-25.23757476806641,6.200711822509767,-25.23757476806641
DECORATION,-20,-2,20,-2,20,2,-20,2,-5.578663349151604,-457.97265625,-5.578663349151618,-497.97265625,-1.5786633491516189,-497.97265625,-1.5786633491516038,-457.97265625
TABLE,-49.85,-49.85,49.85,-49.85,49.85,49.85,-49.85,49.85,234.41998901367188,-199.62798461914062,334.1199890136719,-199.62798461914062,334.1199890136719,-99.92798461914063,234.41998901367188,-99.92798461914063
TABLE,-70,-35,70,-35,70,35,-70,35,290.4160461425781,-699.00146484375,290.4160461425781,-559.00146484375,220.41604614257815,-559.00146484375,220.4160461425781,-699.00146484375
SEATING,-20.55,-25.4,20.55,-25.4,20.55,25.4,-20.55,25.4,336.37604370117185,-642.9286010742187,336.37604370117185,-601.8286010742188,285.5760437011719,-601.8286010742188,285.5760437011719,-642.9286010742187
SEATING,-20.55,-25.4,20.55,-25.4,20.55,25.4,-20.55,25.4,169.60605773925784,-597.91142578125,169.6060577392578,-639.01142578125,220.4060577392578,-639.01142578125,220.40605773925782,-597.91142578125
