in_product_family,in_bounding_box_x1,in_bounding_box_y1,in_bounding_box_x2,in_bounding_box_y2,in_bounding_box_x3,in_bounding_box_y3,in_bounding_box_x4,in_bounding_box_y4,out_bounding_box_x1,out_bounding_box_y1,out_bounding_box_x2,out_bounding_box_y2,out_bounding_box_x3,out_bounding_box_y3,out_bounding_box_x4,out_bounding_box_y4
ROOM,-761.02849,496.2525,-200,496.2525,-200,915.56487,-761.02849,915.56487,-761.02849,496.2525,-200,496.2525,-200,915.56487,-761.02849,915.56487
TABLE,-100,-47.65,100,-47.65,100,47.65,-100,47.65,-375.1337278775535,748.9307614043948,-575.1337278775535,748.9307620331051,-575.133728177134,653.6307620331052,-375.133728177134,653.6307614043949
SEATING,-50.85,-22.5,50.85,-22.5,50.85,22.5,-50.85,22.5,-385.91855430160183,793.9407339911513,-487.6185543016018,793.9407357354112,-487.61855507339817,748.9407357354112,-385.9185550733982,748.9407339911513
SEATING,-50.85,-22.5,50.85,-22.5,50.85,22.5,-50.85,22.5,-443.68555259261746,793.9407339911513,-545.3855525926174,793.9407357354112,-545.3855533644138,748.9407357354112,-443.6855533644138,748.9407339911513
SEATING,-50.85,-22.5,50.85,-22.5,50.85,22.5,-50.85,22.5,-542.752027670615,604.2637239308812,-441.10802855096637,607.6382524853418,-442.60118277860374,652.6134733347438,-544.2451818982524,649.2389447802832
SEATING,-50.85,-22.5,50.85,-22.5,50.85,22.5,-50.85,22.5,-482.08790413545876,606.2780061574437,-380.4439050158101,609.6525347119043,-381.9370592434475,654.6277555613063,-483.58105836309613,651.2532270068457
SEATING,-50.85,-22.5,50.85,-22.5,50.85,22.5,-50.85,22.5,-333.0174068276166,647.6333899299503,-323.92482967174345,748.9261095136623,-368.74461709816467,752.9493737419247,-377.8371942540378,651.6566541582127
SEATING,-50.85,-22.5,50.85,-22.5,50.85,22.5,-50.85,22.5,-631.7446335200556,740.0022092606583,-627.1134699896606,638.4077097818246,-582.1601516361944,640.4568971846542,-586.7913151665894,742.0513966634879
STORAGE_FURNITURE,-105,-25,105,-25,105,25,-105,25,-761.0184936523438,831.72900390625,-761.0184936523438,621.72900390625,-711.0184936523438,621.72900390625,-711.0184936523438,831.72900390625
