in_product_family,in_bounding_box_x1,in_bounding_box_y1,in_bounding_box_x2,in_bounding_box_y2,in_bounding_box_x3,in_bounding_box_y3,in_bounding_box_x4,in_bounding_box_y4,out_bounding_box_x1,out_bounding_box_y1,out_bounding_box_x2,out_bounding_box_y2,out_bounding_box_x3,out_bounding_box_y3,out_bounding_box_x4,out_bounding_box_y4
ROOM,-9501.27273,-5970.52673,-8481.20455,-5970.52673,-8481.20455,-5149.2798,-9501.27273,-5149.2798,-9501.27273,-5970.52673,-8481.20455,-5970.52673,-8481.20455,-5149.2798,-9501.27273,-5149.2798
STORAGE_FURNITURE,-60,-20,60,-20,60,20,-60,20,-9119.585239331747,-5631.3424264141595,-8999.585239404856,-5631.338237623971,-8999.586635668253,-5591.3382376483405,-9119.586635595144,-5591.342426438529
SEATING,-21.95,-24.9,21.95,-24.9,21.95,24.9,-21.95,24.9,-8757.186334997386,-5616.662076023489,-8798.845440565303,-5630.508697390499,-8783.137883752614,-5677.766634914011,-8741.478778184697,-5663.920013547001
SEATING,-21.95,-24.9,21.95,-24.9,21.95,24.9,-21.95,24.9,-8560.56765536599,-5624.548526527872,-8604.321056171311,-5628.133204751768,-8600.25461025901,-5677.766903159628,-8556.501209453689,-5674.182224935732
SEATING,-21.95,-24.9,21.95,-24.9,21.95,24.9,-21.95,24.9,-8668.3078125,-5625.676171875,-8712.2078125,-5625.676171875,-8712.2078125,-5675.476171875,-8668.3078125,-5675.476171875
SEATING,-21.95,-24.9,21.95,-24.9,21.95,24.9,-21.95,24.9,-8512.2728515625,-5770.7576171875,-8512.2728515625,-5726.8576171875,-8562.0728515625,-5726.8576171875,-8562.0728515625,-5770.7576171875
STORAGE_FURNITURE,-90,-20.6,90,-20.6,90,20.6,-90,20.6,-8629.4228515625,-5149.2896484375,-8809.4228515625,-5149.2896484375,-8809.4228515625,-5190.4896484375,-8629.4228515625,-5190.4896484375
STORAGE_FURNITURE,-50,-15.75,50,-15.75,50,15.75,-50,15.75,-8937.4951171875,-5484.10107421875,-8937.4951171875,-5384.10107421875,-8968.9951171875,-5384.10107421875,-8968.9951171875,-5484.10107421875
SOFA,-109.85,-92.25,109.85,-92.25,109.85,92.25,-109.85,92.25,-8818.328515625,-5485.31884765625,-8598.628515625,-5485.31884765625,-8598.628515625,-5300.81884765625,-8818.328515625,-5300.81884765625
