in_product_family,in_bounding_box_x1,in_bounding_box_y1,in_bounding_box_x2,in_bounding_box_y2,in_bounding_box_x3,in_bounding_box_y3,in_bounding_box_x4,in_bounding_box_y4,out_bounding_box_x1,out_bounding_box_y1,out_bounding_box_x2,out_bounding_box_y2,out_bounding_box_x3,out_bounding_box_y3,out_bounding_box_x4,out_bounding_box_y4
ROOM,-296.48323,-239.03523,230.00092,-239.03523,230.00092,280.63982,-296.48323,280.63982,-296.48323,-239.03523,230.00092,-239.03523,230.00092,280.63982,-296.48323,280.63982
STORAGE_FURNITURE,-65,-20.45,65,-20.45,65,20.45,-65,20.45,-118.68002319335938,280.6298095703125,-248.68002319335938,280.6298095703125,-248.68002319335938,239.72980957031248,-118.68002319335938,239.7298095703125
STORAGE_FURNITURE,-105,-25,105,-25,105,25,-105,25,168.54500579833984,-49.42074584960936,-41.454994201660156,-49.42074584960939,-41.454994201660156,-99.42074584960939,168.54500579833984,-99.42074584960936
SOFA,-121.25,-79.45,121.25,-79.45,121.25,79.45,-121.25,79.45,-56.791259765625,-49.41074485778809,185.708740234375,-49.41074485778809,185.708740234375,109.48925514221192,-56.791259765625,109.48925514221192
TABLE,-60,-25,60,-25,60,25,-60,25,37.612091064453125,109.499267578125,157.61209106445312,109.499267578125,157.61209106445312,159.499267578125,37.612091064453125,159.499267578125
STORAGE_FURNITURE,-60.25,-22.8,60.25,-22.8,60.25,22.8,-60.25,22.8,170.00788882180606,280.6298033931736,49.50788882180607,280.62980354042014,49.507888766084555,235.02980354042015,170.00788876608456,235.0298033931736
TABLE,-105,-37.5,105,-37.5,105,37.5,-105,37.5,-215.5869293212891,142.90509796142578,-215.58692932128903,-67.09490203857423,-140.58692932128903,-67.0949020385742,-140.5869293212891,142.90509796142578
