in_product_family,in_bounding_box_x1,in_bounding_box_y1,in_bounding_box_x2,in_bounding_box_y2,in_bounding_box_x3,in_bounding_box_y3,in_bounding_box_x4,in_bounding_box_y4,out_bounding_box_x1,out_bounding_box_y1,out_bounding_box_x2,out_bounding_box_y2,out_bounding_box_x3,out_bounding_box_y3,out_bounding_box_x4,out_bounding_box_y4
ROOM,467.65821,-432.30579,1013.25656,-432.30579,1013.25656,-13.078,467.65821,-13.078,467.65821,-432.30579,1013.25656,-432.30579,1013.25656,-13.078,467.65821,-13.078
RADIATOR,-24.25,-2.5,24.25,-2.5,24.25,2.5,-24.25,2.5,829.6852416992188,-13.0880012512207,781.1852416992188,-13.088001251220707,781.1852416992188,-18.088001251220707,829.6852416992188,-18.0880012512207
SOFA,-87.5,-50.5,87.5,-50.5,87.5,50.5,-87.5,50.5,540.7725219726562,-432.2957763671875,715.7725219726562,-432.2957763671875,715.7725219726562,-331.2957763671875,540.7725219726562,-331.2957763671875
