in_product_family,in_bounding_box_x1,in_bounding_box_y1,in_bounding_box_x2,in_bounding_box_y2,in_bounding_box_x3,in_bounding_box_y3,in_bounding_box_x4,in_bounding_box_y4,out_bounding_box_x1,out_bounding_box_y1,out_bounding_box_x2,out_bounding_box_y2,out_bounding_box_x3,out_bounding_box_y3,out_bounding_box_x4,out_bounding_box_y4
ROOM,43.2956,-174.17271,798.64,-174.17271,798.64,579.21841,43.2956,579.21841,43.2956,-174.17271,798.64,-174.17271,798.64,579.21841,43.2956,579.21841
SOFA,-135.35,-81.25,135.35,-81.25,135.35,81.25,-135.35,81.25,568.2342495757183,289.56066211012717,580.0914173968594,560.0008543361743,417.74737884225044,567.1186591789353,405.89021102110934,296.67846695288824
TABLE,-60,-60,60,-60,60,60,-60,60,621.72021484375,320.22906494140625,741.72021484375,320.22906494140625,741.72021484375,440.22906494140625,621.72021484375,440.22906494140625
SEATING,-24.15,-28.45,24.15,-28.45,24.15,28.45,-24.15,28.45,659.2107788085938,263.31101684570314,707.5107788085937,263.31101684570314,707.5107788085937,320.2110168457031,659.2107788085938,320.2110168457031
SEATING,-24.15,-28.45,24.15,-28.45,24.15,28.45,-24.15,28.45,798.6299926757813,357.78630981445315,798.6299926757813,406.08630981445316,741.7299926757812,406.0863098144531,741.7299926757812,357.7863098144531
SEATING,-24.15,-28.45,24.15,-28.45,24.15,28.45,-24.15,28.45,701.1354736328125,497.13099975585936,652.8354736328125,497.13099975585936,652.8354736328125,440.2309997558594,701.1354736328125,440.2309997558594
