in_product_family,in_bounding_box_x1,in_bounding_box_y1,in_bounding_box_x2,in_bounding_box_y2,in_bounding_box_x3,in_bounding_box_y3,in_bounding_box_x4,in_bounding_box_y4,out_bounding_box_x1,out_bounding_box_y1,out_bounding_box_x2,out_bounding_box_y2,out_bounding_box_x3,out_bounding_box_y3,out_bounding_box_x4,out_bounding_box_y4
ROOM,-175.16518,-103.65739,374.81873,-103.65739,374.81873,505.41124,-175.16518,505.41124,-175.16518,-103.65739,374.81873,-103.65739,374.81873,505.41124,-175.16518,505.41124
STORAGE_FURNITURE,-75.25,-20.35,75.25,-20.35,75.25,20.35,-75.25,20.35,-175.15517578125002,403.6592102050781,-175.15517578124997,253.15921020507812,-134.45517578124998,253.15921020507812,-134.45517578125003,403.6592102050781
TABLE,-90,-45,90,-45,90,45,-90,45,-94.16647720336914,0.4623260498046875,85.83352279663086,0.4623260498046875,85.83352279663086,90.46232604980469,-94.16647720336914,90.46232604980469
SEATING,-20.55,-25,20.55,-25,20.55,25,-20.55,25,-28.484408302946782,140.4263649280804,-69.54662874636924,142.18819700174086,-71.689976767854,92.2341575328571,-30.627756324431537,90.47232545919664
SEATING,-20.55,-25,20.55,-25,20.55,25,-20.55,25,44.392617034912114,140.4723358154297,3.292617034912112,140.4723358154297,3.292617034912105,90.47233581542969,44.39261703491211,90.47233581542969
SEATING,-20.55,-25,20.55,-25,20.55,25,-20.55,25,-66.28640823364258,-49.54767036437988,-25.186408233642577,-49.54767036437988,-25.186408233642577,0.4523296356201172,-66.28640823364258,0.4523296356201172
SEATING,-20.55,-25,20.55,-25,20.55,25,-20.55,25,10.558259201049804,-50.720645904541016,51.6582592010498,-50.720645904541016,51.6582592010498,-0.7206459045410156,10.558259201049804,-0.7206459045410156
TABLE,-40,-40,40,-40,40,40,-40,40,-46.7904257774353,299.7548522949219,33.2095742225647,299.7548522949219,33.2095742225647,379.7548522949219,-46.7904257774353,379.7548522949219
SOFA,-122,-47,122,-47,122,47,-122,47,189.00812189607097,215.7325754848583,198.0306489701623,459.56570285929297,104.09493596525715,463.04159443701667,95.07240889116581,219.20846706258203
