in_product_family,in_bounding_box_x1,in_bounding_box_y1,in_bounding_box_x2,in_bounding_box_y2,in_bounding_box_x3,in_bounding_box_y3,in_bounding_box_x4,in_bounding_box_y4,out_bounding_box_x1,out_bounding_box_y1,out_bounding_box_x2,out_bounding_box_y2,out_bounding_box_x3,out_bounding_box_y3,out_bounding_box_x4,out_bounding_box_y4
ROOM,131.0474,360.72603,541.07889,360.72603,541.07889,1298.8381,131.0474,1298.8381,131.0474,360.72603,541.07889,360.72603,541.07889,1298.8381,131.0474,1298.8381
SOFA,-122,-47,122,-47,122,47,-122,47,272.77274775644844,372.33348675729536,516.4639229106177,384.60586028404157,511.73604130605156,478.4868867778609,268.0448661518823,466.2145132511147
SOFA,-122,-47,122,-47,122,47,-122,47,144.6851807522275,824.6490478855277,144.6851805758975,580.6490478855277,238.6851805758975,580.6490478175973,238.6851807522275,824.6490478175973
STORAGE_FURNITURE,-60,-17.5,60,-17.5,60,17.5,-60,17.5,527.5895885237582,782.6790110398482,523.5628194967447,902.6114300565723,488.58253061686685,901.4369557570268,492.6092996438803,781.5045367403027
TABLE,-49.85,-49.85,49.85,-49.85,49.85,49.85,-49.85,49.85,265.27838745117185,663.0416625976562,364.9783874511719,663.0416625976562,364.9783874511719,762.7416625976563,265.27838745117185,762.7416625976563
TABLE,-49.85,-49.85,49.85,-49.85,49.85,49.85,-49.85,49.85,324.0094055175781,526.6325439453125,423.70940551757815,526.6325439453125,423.70940551757815,626.3325439453125,324.0094055175781,626.3325439453125
