in_product_family,in_bounding_box_x1,in_bounding_box_y1,in_bounding_box_x2,in_bounding_box_y2,in_bounding_box_x3,in_bounding_box_y3,in_bounding_box_x4,in_bounding_box_y4,out_bounding_box_x1,out_bounding_box_y1,out_bounding_box_x2,out_bounding_box_y2,out_bounding_box_x3,out_bounding_box_y3,out_bounding_box_x4,out_bounding_box_y4
ROOM,-132.01,-519.80513,643.10362,-519.80513,643.10362,40,-132.01,40,-132.01,-519.80513,643.10362,-519.80513,643.10362,40,-132.01,40
SOFA,-146,-76.8,146,-76.8,146,76.8,-146,76.8,203.06905059814449,-306.010009765625,203.06905059814457,-14.010009765625028,49.46905059814458,-14.010009765624972,49.46905059814449,-306.010009765625
STORAGE_FURNITURE,-90,-22.5,90,-22.5,90,22.5,-90,22.5,-132,-24.09002685546875,-132,-204.09002685546875,-87.00000000000001,-204.09002685546875,-86.99999999999999,-24.09002685546875
