in_product_family,in_bounding_box_x1,in_bounding_box_y1,in_bounding_box_x2,in_bounding_box_y2,in_bounding_box_x3,in_bounding_box_y3,in_bounding_box_x4,in_bounding_box_y4,out_bounding_box_x1,out_bounding_box_y1,out_bounding_box_x2,out_bounding_box_y2,out_bounding_box_x3,out_bounding_box_y3,out_bounding_box_x4,out_bounding_box_y4
ROOM,-381.21089,236.40882,152.0717,236.40882,152.0717,669.30109,-381.21089,669.30109,-381.21089,236.40882,152.0717,236.40882,152.0717,669.30109,-381.21089,669.30109
STORAGE_FURNITURE,-80.25,-22.25,80.25,-22.25,80.25,22.25,-80.25,22.25,149.2948532104492,360.7135314941406,149.29485321044925,521.2135314941406,104.79485321044925,521.2135314941406,104.79485321044919,360.7135314941406
STORAGE_FURNITURE,-40,-22.5,40,-22.5,40,22.5,-40,22.5,131.18441964423783,666.5346635712641,51.18442628148166,666.5020758593488,51.202756869434026,621.5020795927984,131.20275023219023,621.5346673047137
DECORATION,-30,-1,30,-1,30,1,-30,1,-132.9856719970703,248.91632080078125,-72.98567199707031,248.91632080078125,-72.98567199707031,250.91632080078125,-132.9856719970703,250.91632080078125
TABLE,-20,-20,20,-20,20,20,-20,20,135.02090977370727,605.1726115864451,95.0209130923292,605.1563177304876,95.03720694828682,565.1563210491095,135.03720362966493,565.172614905067
TABLE,-30,-30,30,-30,30,30,-30,30,60.44268739738564,455.26374378190803,0.44269237531850436,455.23930299797155,0.46713315925498833,395.23930797590447,60.467128181322124,395.26374875984095
SOFA,-120.6,-49.55,120.6,-49.55,120.6,49.55,-120.6,49.55,-210.86695556669713,575.9896789549587,-210.86695556611537,334.7896789549586,-111.76695556611537,334.78967895519764,-111.76695556669713,575.9896789551976
