in_product_family,in_bounding_box_x1,in_bounding_box_y1,in_bounding_box_x2,in_bounding_box_y2,in_bounding_box_x3,in_bounding_box_y3,in_bounding_box_x4,in_bounding_box_y4,out_bounding_box_x1,out_bounding_box_y1,out_bounding_box_x2,out_bounding_box_y2,out_bounding_box_x3,out_bounding_box_y3,out_bounding_box_x4,out_bounding_box_y4
ROOM,-514.98292,-939.67106,1005.17359,-939.67106,1005.17359,788.24907,-514.98292,788.24907,-514.98292,-939.67106,1005.17359,-939.67106,1005.17359,788.24907,-514.98292,788.24907
TABLE,-100,-50,100,-50,100,50,-100,50,-344.2498321533203,-887.0347290039062,-144.2498321533203,-887.0347290039062,-144.2498321533203,-787.0347290039062,-344.2498321533203,-787.0347290039062
SEATING,-26.5,-27.5,26.5,-27.5,26.5,27.5,-26.5,27.5,-412.48748779296875,-820.8767700195312,-412.48748779296875,-873.8767700195312,-357.48748779296875,-873.8767700195312,-357.48748779296875,-820.8767700195312
SEATING,-26.5,-27.5,26.5,-27.5,26.5,27.5,-26.5,27.5,-70.55895233154295,-868.5184326171875,-70.55895233154298,-815.5184326171875,-125.55895233154298,-815.5184326171875,-125.55895233154295,-868.5184326171875
SEATING,-26.5,-27.5,26.5,-27.5,26.5,27.5,-26.5,27.5,-232.04440307617188,-717.7496948242188,-285.0444030761719,-717.7496948242188,-285.0444030761719,-772.7496948242188,-232.04440307617188,-772.7496948242188
