in_product_family,in_bounding_box_x1,in_bounding_box_y1,in_bounding_box_x2,in_bounding_box_y2,in_bounding_box_x3,in_bounding_box_y3,in_bounding_box_x4,in_bounding_box_y4,out_bounding_box_x1,out_bounding_box_y1,out_bounding_box_x2,out_bounding_box_y2,out_bounding_box_x3,out_bounding_box_y3,out_bounding_box_x4,out_bounding_box_y4
ROOM,-500,5.32758,13.12963,5.32758,13.12963,400,-500,400,-500,5.32758,13.12963,5.32758,13.12963,400,-500,400
SOFA,-65.5,-39,65.5,-39,65.5,39,-65.5,39,-379.60395034822056,391.06562152796596,-499.9900000091666,339.41100850035497,-469.23381820646694,267.73076519078404,-348.8477685455209,319.38537821839503
TABLE,-55,-30,55,-30,55,30,-55,30,-425.530510037639,182.23299889260556,-323.87592462828184,224.26090944323514,-346.8002394740798,279.7088651210663,-448.4548248834369,237.68095457043674
SEATING,-87.5,-20.5,87.5,-20.5,87.5,20.5,-87.5,20.5,-398.5294494628906,15.700454711914062,-223.52944946289062,15.700454711914062,-223.52944946289062,56.70045471191406,-398.5294494628906,56.70045471191406
SEATING,-28.55,-31.7,28.55,-31.7,28.55,31.7,-28.55,31.7,-241.05823974609376,253.47996215820314,-183.95823974609377,253.4799621582031,-183.95823974609374,316.8799621582031,-241.05823974609373,316.8799621582031
SEATING,-28.55,-31.7,28.55,-31.7,28.55,31.7,-28.55,31.7,-316.64762763004325,382.45424965125216,-313.91476261543363,325.41968601820656,-250.5874187566755,328.45407554406034,-253.32028377128512,385.48863917710594
STORAGE_FURNITURE,-60,-24.9,60,-24.9,60,24.9,-60,24.9,-499.9899963378906,183.14832305908203,-499.98999633789066,63.14832305908204,-450.18999633789065,63.148323059082024,-450.1899963378906,183.14832305908203
SEATING,-28.55,-31.7,28.55,-31.7,28.55,31.7,-28.55,31.7,-421.9409300188644,93.32700670499163,-421.9409303326981,150.42700670499164,-485.3409303326981,150.42700635653182,-485.3409300188644,93.32700635653181
TABLE,-41.55,-35.75,41.55,-35.75,41.55,35.75,-41.55,35.75,-178.52330017089844,316.8899719238281,-178.52330017089844,399.98997192382814,-250.02330017089844,399.98997192382814,-250.02330017089844,316.8899719238281
