in_product_family,in_bounding_box_x1,in_bounding_box_y1,in_bounding_box_x2,in_bounding_box_y2,in_bounding_box_x3,in_bounding_box_y3,in_bounding_box_x4,in_bounding_box_y4,out_bounding_box_x1,out_bounding_box_y1,out_bounding_box_x2,out_bounding_box_y2,out_bounding_box_x3,out_bounding_box_y3,out_bounding_box_x4,out_bounding_box_y4
ROOM,-598.13243,-202.08869,1.81943,-202.08869,1.81943,389.964,-598.13243,389.964,-598.13243,-202.08869,1.81943,-202.08869,1.81943,389.964,-598.13243,389.964
SOFA,-120.6,-49.55,120.6,-49.55,120.6,49.55,-120.6,49.55,-288.84859008789056,119.11047973632814,-288.84859008789067,360.31047973632815,-387.9485900878907,360.3104797363281,-387.9485900878906,119.11047973632812
TABLE,-90.2,-45,90.2,-45,90.2,45,-90.2,45,-446.5773620605469,-82.4913317680359,-446.5773620605469,97.9086682319641,-536.5773620605469,97.90866823196413,-536.5773620605469,-82.49133176803588
TABLE,-27.5,-27.5,27.5,-27.5,27.5,27.5,-27.5,27.5,-450.4814147949219,210.78948974609375,-450.4814147949219,265.78948974609375,-505.4814147949219,265.78948974609375,-505.4814147949219,210.78948974609375
STORAGE_FURNITURE,-94.85,-23.4,94.85,-23.4,94.85,23.4,-94.85,23.4,-152.7424255371093,105.11398925781252,-152.74242553710943,294.8139892578125,-199.54242553710944,294.81398925781247,-199.54242553710932,105.11398925781249
STORAGE_FURNITURE,-80,-20,80,-20,80,20,-80,20,-595.6324462890625,316.98207092285156,-595.6324462890625,156.98207092285156,-555.6324462890625,156.98207092285156,-555.6324462890625,316.98207092285156
