in_product_family,in_bounding_box_x1,in_bounding_box_y1,in_bounding_box_x2,in_bounding_box_y2,in_bounding_box_x3,in_bounding_box_y3,in_bounding_box_x4,in_bounding_box_y4,out_bounding_box_x1,out_bounding_box_y1,out_bounding_box_x2,out_bounding_box_y2,out_bounding_box_x3,out_bounding_box_y3,out_bounding_box_x4,out_bounding_box_y4
ROOM,-362,-208.995,138,-208.995,138,291.005,-362,291.005,-362,-208.995,138,-208.995,138,291.005,-362,291.005
TABLE,-70,-35,70,-35,70,35,-70,35,-361.989990234375,-71.02702713012695,-221.989990234375,-71.02702713012695,-221.989990234375,-1.0270271301269531,-361.989990234375,-1.0270271301269531
SEATING,-20.05,-20.1,20.05,-20.1,20.05,20.1,-20.05,20.1,-344.7681396484375,-0.5285717010498061,-304.6681396484375,-0.5285717010498061,-304.6681396484375,39.6714282989502,-344.7681396484375,39.6714282989502
SEATING,-20.05,-20.1,20.05,-20.1,20.05,20.1,-20.05,20.1,-279.903271484375,-0.5285717010498061,-239.803271484375,-0.5285717010498061,-239.803271484375,39.6714282989502,-279.903271484375,39.6714282989502
TABLE,-40,-40,40,-40,40,40,-40,40,-88.10029602050781,182.5650634765625,-168.1002960205078,182.5650634765625,-168.1002960205078,102.5650634765625,-88.10029602050781,102.5650634765625
STORAGE_FURNITURE,-90,-22.5,90,-22.5,90,22.5,-90,22.5,137.98999786376953,-16.86608123779297,137.98999786376953,163.13391876220703,92.98999786376953,163.13391876220703,92.98999786376953,-16.86608123779297
LIGHTING,-31.1,-29.5,31.1,-29.5,31.1,29.5,-31.1,29.5,-361.99993286132815,231.9949951171875,-299.79993286132816,231.9949951171875,-299.7999328613281,290.9949951171875,-361.9999328613281,290.9949951171875
SOFA,-80.75,-51.15,80.75,-51.15,80.75,51.15,-80.75,51.15,-370.1400207519531,213.71212768554688,-370.14002075195316,52.21212768554689,-267.84002075195315,52.21212768554686,-267.8400207519531,213.71212768554688
