in_product_family,in_bounding_box_x1,in_bounding_box_y1,in_bounding_box_x2,in_bounding_box_y2,in_bounding_box_x3,in_bounding_box_y3,in_bounding_box_x4,in_bounding_box_y4,out_bounding_box_x1,out_bounding_box_y1,out_bounding_box_x2,out_bounding_box_y2,out_bounding_box_x3,out_bounding_box_y3,out_bounding_box_x4,out_bounding_box_y4
ROOM,38.49038,-255.72519,522.0969,-255.72519,522.0969,148.72254,38.49038,148.72254,38.49038,-255.72519,522.0969,-255.72519,522.0969,148.72254,38.49038,148.72254
SEATING,-34,-33.5,34,-33.5,34,33.5,-34,33.5,94.66941833496094,-155.49920654296875,94.66941833496094,-223.49920654296875,161.66941833496094,-223.49920654296875,161.66941833496094,-155.49920654296875
SOFA,-100,-51,100,-51,100,51,-100,51,341.2713165283203,-37.3965301513672,141.2713165283203,-37.39653015136717,141.2713165283203,-139.3965301513672,341.2713165283203,-139.3965301513672
STORAGE_FURNITURE,-111,-31.9,111,-31.9,111,31.9,-111,31.9,38.49176940917975,56.27481079101564,38.491769409179625,-165.72518920898438,102.29176940917962,-165.72518920898438,102.29176940917975,56.27481079101561
