in_product_family,in_bounding_box_x1,in_bounding_box_y1,in_bounding_box_x2,in_bounding_box_y2,in_bounding_box_x3,in_bounding_box_y3,in_bounding_box_x4,in_bounding_box_y4,out_bounding_box_x1,out_bounding_box_y1,out_bounding_box_x2,out_bounding_box_y2,out_bounding_box_x3,out_bounding_box_y3,out_bounding_box_x4,out_bounding_box_y4
ROOM,-276.56144,-316.59155,443.14896,-316.59155,443.14896,243.65868,-276.56144,243.65868,-276.56144,-316.59155,443.14896,-316.59155,443.14896,243.65868,-276.56144,243.65868
DECORATION,-80,-115,80,-115,80,115,-80,115,-117.50718688964844,-57.62153244018555,42.49281311035156,-57.62153244018555,42.49281311035156,172.37846755981445,-117.50718688964844,172.37846755981445
TABLE,-44.95,-44.95,44.95,-44.95,44.95,44.95,-44.95,44.95,-98.72608489990235,-24.651660156250003,-8.826084899902341,-24.651660156250003,-8.826084899902341,65.24833984375,-98.72608489990235,65.24833984375
STORAGE_FURNITURE,-71,-19,71,-19,71,19,-71,19,-225.14071655273438,-312.09600830078125,-83.14071655273438,-312.09600830078125,-83.14071655273438,-274.09600830078125,-225.14071655273438,-274.09600830078125
STORAGE_FURNITURE,-71,-19,71,-19,71,19,-71,19,-83.14071655273438,-312.09600830078125,58.859283447265625,-312.09600830078125,58.859283447265625,-274.09600830078125,-83.14071655273438,-274.09600830078125
