in_product_family,in_bounding_box_x1,in_bounding_box_y1,in_bounding_box_x2,in_bounding_box_y2,in_bounding_box_x3,in_bounding_box_y3,in_bounding_box_x4,in_bounding_box_y4,out_bounding_box_x1,out_bounding_box_y1,out_bounding_box_x2,out_bounding_box_y2,out_bounding_box_x3,out_bounding_box_y3,out_bounding_box_x4,out_bounding_box_y4
ROOM,-136.15287,-342.22227,233.84713,-342.22227,233.84713,367.77773,-136.15287,367.77773,-136.15287,-342.22227,233.84713,-342.22227,233.84713,367.77773,-136.15287,367.77773
SOFA,-94.4,-51.2,94.4,-51.2,94.4,51.2,-94.4,51.2,-136.15285797119137,367.7677368164063,-136.15285797119145,178.96773681640627,-33.75285797119144,178.96773681640622,-33.75285797119137,367.7677368164062
DECORATION,-100.3,-7.05,100.3,-7.05,100.3,7.05,-100.3,7.05,42.6007568359375,50.52138824462891,243.2007568359375,50.52138824462891,243.2007568359375,64.6213882446289,42.6007568359375,64.6213882446289
DECORATION,-100.3,-7.05,100.3,-7.05,100.3,7.05,-100.3,7.05,-139.0559280395508,50.52138824462891,61.544071960449216,50.52138824462891,61.544071960449216,64.6213882446289,-139.0559280395508,64.6213882446289
RADIATOR,-33.5,-2.5,33.5,-2.5,33.5,2.5,-33.5,2.5,84.7668342590332,367.7677307128906,17.766834259033203,367.7677307128906,17.766834259033203,362.7677307128906,84.7668342590332,362.7677307128906
RADIATOR,-33.5,-2.5,33.5,-2.5,33.5,2.5,-33.5,2.5,166.83714294433594,-342.2222595214844,233.83714294433594,-342.2222595214844,233.83714294433594,-337.2222595214844,166.83714294433594,-337.2222595214844
SEATING,-28,-29,28,-29,28,29,-28,29,110.8271484375,-342.2219543457031,166.8271484375,-342.2219543457031,166.8271484375,-284.2219543457031,110.8271484375,-284.2219543457031
TABLE,-105,-37.5,105,-37.5,105,37.5,-105,37.5,147.11585235595703,-62.57756042480467,-62.88414764404297,-62.5775604248047,-62.88414764404297,-137.5775604248047,147.11585235595703,-137.5775604248047
STORAGE_FURNITURE,-37.5,-3,37.5,-3,37.5,3,-37.5,3,131.75401306152344,-342.2122497558594,206.75401306152344,-342.2122497558594,206.75401306152344,-336.2122497558594,131.75401306152344,-336.2122497558594
