in_product_family,in_bounding_box_x1,in_bounding_box_y1,in_bounding_box_x2,in_bounding_box_y2,in_bounding_box_x3,in_bounding_box_y3,in_bounding_box_x4,in_bounding_box_y4,out_bounding_box_x1,out_bounding_box_y1,out_bounding_box_x2,out_bounding_box_y2,out_bounding_box_x3,out_bounding_box_y3,out_bounding_box_x4,out_bounding_box_y4
ROOM,-1398.0592,-854.96237,-958,-854.96237,-958,-169.96237,-1398.0592,-169.96237,-1398.0592,-854.96237,-958,-854.96237,-958,-169.96237,-1398.0592,-169.96237
TABLE,-80.85,-41.25,80.85,-41.25,80.85,41.25,-80.85,41.25,-1251.5854736328124,-721.2705688476562,-1089.8854736328126,-721.2705688476562,-1089.8854736328126,-638.7705688476562,-1251.5854736328124,-638.7705688476562
STORAGE_FURNITURE,-67.6,-21.5,67.6,-21.5,67.6,21.5,-67.6,21.5,-1398.0491943359375,-385.0747131347656,-1398.0491943359375,-520.2747131347656,-1355.0491943359375,-520.2747131347656,-1355.0491943359375,-385.0747131347656
SOFA,-109.85,-92.25,109.85,-92.25,109.85,92.25,-109.85,92.25,-1122.9193115234375,-570.3855834960938,-1122.9193115234375,-350.6855834960938,-1307.4193115234375,-350.6855834960937,-1307.4193115234375,-570.3855834960937
SEATING,-20.55,-25,20.55,-25,20.55,25,-20.55,25,-1169.349560546875,-771.2805786132812,-1128.249560546875,-771.2805786132812,-1128.249560546875,-721.2805786132812,-1169.349560546875,-721.2805786132812
SEATING,-20.55,-25,20.55,-25,20.55,25,-20.55,25,-1235.8604248046875,-771.2805786132812,-1194.7604248046875,-771.2805786132812,-1194.7604248046875,-721.2805786132812,-1235.8604248046875,-721.2805786132812
SEATING,-20.55,-25,20.55,-25,20.55,25,-20.55,25,-1232.313427734375,-638.7605590820312,-1191.213427734375,-638.7605590820312,-1191.213427734375,-588.7605590820312,-1232.313427734375,-588.7605590820312
SEATING,-20.55,-25,20.55,-25,20.55,25,-20.55,25,-1167.1726806640625,-638.7605590820312,-1126.0726806640625,-638.7605590820312,-1126.0726806640625,-588.7605590820312,-1167.1726806640625,-588.7605590820312
