in_product_family,in_bounding_box_x1,in_bounding_box_y1,in_bounding_box_x2,in_bounding_box_y2,in_bounding_box_x3,in_bounding_box_y3,in_bounding_box_x4,in_bounding_box_y4,out_bounding_box_x1,out_bounding_box_y1,out_bounding_box_x2,out_bounding_box_y2,out_bounding_box_x3,out_bounding_box_y3,out_bounding_box_x4,out_bounding_box_y4
ROOM,-183.5,-191.5,183.5,-191.5,183.5,191.5,-183.5,191.5,-183.5,-191.5,183.5,-191.5,183.5,191.5,-183.5,191.5
RADIATOR,-49.9,-3.95,49.9,-3.95,49.9,3.95,-49.9,3.95,50.70988848209381,191.48999328613283,-49.09011151790619,191.4899932861328,-49.09011151790619,183.5899932861328,50.70988848209381,183.58999328613282
SOFA,-95,-49.5,95,-49.5,95,49.5,-95,49.5,183.49247741699222,-120.97177696228026,183.49247741699216,69.02822303771974,84.49247741699216,69.02822303771971,84.49247741699222,-120.97177696228029
STORAGE_FURNITURE,-65,-22.7,65,-22.7,65,22.7,-65,22.7,-132.24108871904645,184.11633184472407,-171.11309411098026,60.06405578011704,-127.7902223161098,46.48875543554938,-88.918216924176,170.5410315001564
STORAGE_FURNITURE,-60,-23.75,60,-23.75,60,23.75,-60,23.75,-183.48999023437497,-47.39541625976562,-183.48999023437503,-167.39541625976562,-135.98999023437503,-167.39541625976562,-135.98999023437497,-47.39541625976563
TABLE,-27,-35,27,-35,27,35,-27,35,-11.71922492980957,12.473804473876953,42.28077507019043,12.473804473876953,42.28077507019043,82.47380447387695,-11.71922492980957,82.47380447387695
