in_product_family,in_bounding_box_x1,in_bounding_box_y1,in_bounding_box_x2,in_bounding_box_y2,in_bounding_box_x3,in_bounding_box_y3,in_bounding_box_x4,in_bounding_box_y4,out_bounding_box_x1,out_bounding_box_y1,out_bounding_box_x2,out_bounding_box_y2,out_bounding_box_x3,out_bounding_box_y3,out_bounding_box_x4,out_bounding_box_y4
ROOM,1490.1026,-750.96191,2659.86396,-750.96191,2659.86396,-330.63993,1490.1026,-330.63993,1490.1026,-750.96191,2659.86396,-750.96191,2659.86396,-330.63993,1490.1026,-330.63993
TABLE,-73.45,-46.2,73.45,-46.2,73.45,46.2,-73.45,46.2,2440.541796875,-750.9518920898438,2440.541796875,-604.0518920898437,2348.141796875,-604.0518920898437,2348.141796875,-750.9518920898438
SOFA,-163.65,-78.8,163.65,-78.8,163.65,78.8,-163.65,78.8,2295.2232421875,-449.958544921875,1967.9232421875,-449.95854492187505,1967.9232421875,-607.558544921875,2295.2232421875,-607.558544921875
SEATING,-26.35,-26.15,26.35,-26.15,26.35,26.15,-26.35,26.15,2288.58828125,-697.7512573242187,2288.58828125,-750.4512573242188,2340.88828125,-750.4512573242188,2340.88828125,-697.7512573242187
SEATING,-26.35,-26.15,26.35,-26.15,26.35,26.15,-26.35,26.15,2288.58828125,-633.3119873046875,2288.58828125,-686.0119873046875,2340.88828125,-686.0119873046875,2340.88828125,-633.3119873046875
SEATING,-26.35,-26.15,26.35,-26.15,26.35,26.15,-26.35,26.15,2412.242822265625,-551.54189453125,2359.542822265625,-551.54189453125,2359.542822265625,-603.84189453125,2412.242822265625,-603.84189453125
