in_product_family,in_bounding_box_x1,in_bounding_box_y1,in_bounding_box_x2,in_bounding_box_y2,in_bounding_box_x3,in_bounding_box_y3,in_bounding_box_x4,in_bounding_box_y4,out_bounding_box_x1,out_bounding_box_y1,out_bounding_box_x2,out_bounding_box_y2,out_bounding_box_x3,out_bounding_box_y3,out_bounding_box_x4,out_bounding_box_y4
ROOM,-234.94174,-449,535.05826,-449,535.05826,204.4975,-234.94174,204.4975,-234.94174,-449,535.05826,-449,535.05826,204.4975,-234.94174,204.4975
TABLE,-65,-65,65,-65,65,65,-65,65,425.0582580566406,-31.99999999999997,425.0582580566406,98.00000000000003,295.0582580566406,97.99999999999997,295.0582580566406,-32.00000000000003
SOFA,-113.3,-49.55,113.3,-49.55,113.3,49.55,-113.3,49.55,209.33710937500004,-262.29999999999995,209.33710937499995,-35.69999999999999,110.23710937499996,-35.70000000000002,110.23710937500005,-262.3
SOFA,-120.6,-49.55,120.6,-49.55,120.6,49.55,-120.6,49.55,-239.48173217773433,-28.39999999999999,-239.48173217773441,-269.59999999999997,-140.38173217773442,-269.6,-140.38173217773434,-28.40000000000002
SOFA,-85.25,-49.8,85.25,-49.8,85.25,49.8,-85.25,49.8,75.55825996398926,62.800000000000004,-94.94174003601074,62.79999999999999,-94.94174003601074,-36.800000000000004,75.55825996398926,-36.79999999999999
STORAGE_FURNITURE,-80,-22.05,80,-22.05,80,22.05,-80,22.05,14.662040710449219,-448.99119262695314,174.66204071044922,-448.99119262695314,174.66204071044922,-404.8911926269531,14.662040710449219,-404.8911926269531
TABLE,-64.5,-34.5,64.5,-34.5,64.5,34.5,-64.5,34.5,19.04971790313723,-233.49118041992188,19.049717903137186,-104.49118041992186,-49.950282096862814,-104.49118041992189,-49.95028209686277,-233.49118041992188
