in_product_family,in_bounding_box_x1,in_bounding_box_y1,in_bounding_box_x2,in_bounding_box_y2,in_bounding_box_x3,in_bounding_box_y3,in_bounding_box_x4,in_bounding_box_y4,out_bounding_box_x1,out_bounding_box_y1,out_bounding_box_x2,out_bounding_box_y2,out_bounding_box_x3,out_bounding_box_y3,out_bounding_box_x4,out_bounding_box_y4
ROOM,-348.02586,-171.7655,46.28006,-171.7655,46.28006,328.42976,-348.02586,328.42976,-348.02586,-171.7655,46.28006,-171.7655,46.28006,328.42976,-348.02586,328.42976
SOFA,-123.3,-125,123.3,-125,123.3,125,-123.3,125,-202.4117172241211,-32.23438262939453,44.1882827758789,-32.23438262939453,44.1882827758789,217.76561737060547,-202.4117172241211,217.76561737060547
STORAGE_FURNITURE,-75.25,-20.35,75.25,-20.35,75.25,20.35,-75.25,20.35,-156.14720153808594,-169.41503295898437,-5.6472015380859375,-169.41503295898437,-5.6472015380859375,-128.71503295898438,-156.14720153808594,-128.71503295898438
VEGETATION,-42.35,-39.1,42.35,-39.1,42.35,39.1,-42.35,39.1,-361.36341011021835,-113.59770396183016,-300.4774153574475,-172.47881844657448,-246.1149224093129,-116.26530262996671,-307.00091716208374,-57.384188145222396
DECORATION,-75,-100,75,-100,75,100,-75,100,-205.34420776367188,113.86519622802732,-205.34420776367188,-36.134803771972685,-5.344207763671861,-36.13480377197263,-5.344207763671889,113.86519622802737
TABLE,-49.5,-51.5,49.5,-51.5,49.5,51.5,-49.5,51.5,-76.57888421324589,-0.5235078626172651,-58.28986491990641,96.77249294567834,-159.51701727601193,115.80046251349617,-177.80603656935142,18.50446170520057
VEGETATION,-11,-14.9,11,-14.9,11,14.9,-11,14.9,-183.49779780825932,229.3262364572995,-182.5040641371631,207.34869124881615,-152.73448017294473,208.69474867602827,-153.72821384404094,230.67229388451162
STORAGE_FURNITURE,-72.5,-22.5,72.5,-22.5,72.5,22.5,-72.5,22.5,-344.42852783203125,75.20497512817383,-344.42852783203125,-69.79502487182617,-299.42852783203125,-69.79502487182617,-299.42852783203125,75.20497512817383
