in_product_family,in_bounding_box_x1,in_bounding_box_y1,in_bounding_box_x2,in_bounding_box_y2,in_bounding_box_x3,in_bounding_box_y3,in_bounding_box_x4,in_bounding_box_y4,out_bounding_box_x1,out_bounding_box_y1,out_bounding_box_x2,out_bounding_box_y2,out_bounding_box_x3,out_bounding_box_y3,out_bounding_box_x4,out_bounding_box_y4
ROOM,-298.01,-320.45225,210.25363,-320.45225,210.25363,465.21689,-298.01,465.21689,-298.01,-320.45225,210.25363,-320.45225,210.25363,465.21689,-298.01,465.21689
TABLE,-100,-50,100,-50,100,50,-100,50,-174.29356384277344,247.85137939453125,25.706436157226562,247.85137939453125,25.706436157226562,347.85137939453125,-174.29356384277344,347.85137939453125
SEATING,-27.5,-26.5,27.5,-26.5,27.5,26.5,-27.5,26.5,-46.79542350769043,194.8413848876953,8.20457649230957,194.8413848876953,8.20457649230957,247.8413848876953,-46.79542350769043,247.8413848876953
SEATING,-27.5,-26.5,27.5,-26.5,27.5,26.5,-27.5,26.5,-146.38479614257812,194.8413848876953,-91.38479614257812,194.8413848876953,-91.38479614257812,247.8413848876953,-146.38479614257812,247.8413848876953
SEATING,-27.5,-26.5,27.5,-26.5,27.5,26.5,-27.5,26.5,-100.3052749633789,400.8613586425781,-155.3052749633789,400.8613586425781,-155.3052749633789,347.8613586425781,-100.3052749633789,347.8613586425781
SEATING,-27.5,-26.5,27.5,-26.5,27.5,26.5,-27.5,26.5,-9.632659912109379,400.86138916015625,-64.63265991210938,400.86138916015625,-64.63265991210938,347.86138916015625,-9.632659912109371,347.86138916015625
SEATING,-27.5,-26.5,27.5,-26.5,27.5,26.5,-27.5,26.5,-228.30355834960938,325.35137939453125,-228.30355834960938,270.35137939453125,-175.30355834960938,270.35137939453125,-175.30355834960938,325.35137939453125
SEATING,-27.5,-26.5,27.5,-26.5,27.5,26.5,-27.5,26.5,79.71643829345703,274.8106689453125,79.71643829345703,329.8106689453125,26.71643829345704,329.8106689453125,26.716438293457024,274.8106689453125
