in_product_family,in_bounding_box_x1,in_bounding_box_y1,in_bounding_box_x2,in_bounding_box_y2,in_bounding_box_x3,in_bounding_box_y3,in_bounding_box_x4,in_bounding_box_y4,out_bounding_box_x1,out_bounding_box_y1,out_bounding_box_x2,out_bounding_box_y2,out_bounding_box_x3,out_bounding_box_y3,out_bounding_box_x4,out_bounding_box_y4
ROOM,-259.86107,-400,500,-400,500,261.52988,-259.86107,261.52988,-259.86107,-400,500,-400,500,261.52988,-259.86107,261.52988
RADIATOR,-30,-5,30,-5,30,5,-30,5,115.37962341308594,-399.9997863769531,175.37962341308594,-399.9997863769531,175.37962341308594,-389.9997863769531,115.37962341308594,-389.9997863769531
RADIATOR,-30,-5,30,-5,30,5,-30,5,449.7750549316406,261.5198974609375,389.7750549316406,261.5198974609375,389.7750549316406,251.5198974609375,449.7750549316406,251.5198974609375
LIGHTING,-22.5,-22.5,22.5,-22.5,22.5,22.5,-22.5,22.5,96.92263793945312,-237.77725219726562,141.92263793945312,-237.77725219726562,141.92263793945312,-192.77725219726562,96.92263793945312,-192.77725219726562
LIGHTING,-22.5,-22.5,22.5,-22.5,22.5,22.5,-22.5,22.5,289.2252502441406,55.87761688232422,334.2252502441406,55.87761688232422,334.2252502441406,100.87761688232422,289.2252502441406,100.87761688232422
