in_product_family,in_bounding_box_x1,in_bounding_box_y1,in_bounding_box_x2,in_bounding_box_y2,in_bounding_box_x3,in_bounding_box_y3,in_bounding_box_x4,in_bounding_box_y4,out_bounding_box_x1,out_bounding_box_y1,out_bounding_box_x2,out_bounding_box_y2,out_bounding_box_x3,out_bounding_box_y3,out_bounding_box_x4,out_bounding_box_y4
ROOM,265.27273,-98,473.27273,-98,473.27273,252,265.27273,252,265.27273,-98,473.27273,-98,473.27273,252,265.27273,252
DECORATION,-12.25,-12.15,12.25,-12.15,12.25,12.15,-12.25,12.15,339.6213073730469,136.42215881347656,364.1213073730469,136.42215881347656,364.1213073730469,160.72215881347657,339.6213073730469,160.72215881347657
STORAGE_FURNITURE,-27.5,-15,27.5,-15,27.5,15,-27.5,15,485.7627258300781,138.3128204345703,485.7627258300781,193.3128204345703,455.7627258300781,193.3128204345703,455.7627258300781,138.3128204345703
STORAGE_FURNITURE,-27.5,-15,27.5,-15,27.5,15,-27.5,15,485.7627258300781,83.30287170410156,485.7627258300781,138.30287170410156,455.7627258300781,138.30287170410156,455.7627258300781,83.30287170410156
DECORATION,-12.25,-12.15,12.25,-12.15,12.25,12.15,-12.25,12.15,338.96685791015625,20.186032867431642,363.46685791015625,20.186032867431642,363.46685791015625,44.48603286743164,338.96685791015625,44.48603286743164
