in_product_family,in_bounding_box_x1,in_bounding_box_y1,in_bounding_box_x2,in_bounding_box_y2,in_bounding_box_x3,in_bounding_box_y3,in_bounding_box_x4,in_bounding_box_y4,out_bounding_box_x1,out_bounding_box_y1,out_bounding_box_x2,out_bounding_box_y2,out_bounding_box_x3,out_bounding_box_y3,out_bounding_box_x4,out_bounding_box_y4
ROOM,-76.42808,56.02354,1264.88446,56.02354,1264.88446,846.02354,-76.42808,846.02354,-76.42808,56.02354,1264.88446,56.02354,1264.88446,846.02354,-76.42808,846.02354
SEATING,-27.7,-28.6,27.7,-28.6,27.7,28.6,-27.7,28.6,974.8309677950743,299.5963302970112,974.8309706814882,244.1963302970113,1032.030970681488,244.19633327720754,1032.0309677950743,299.59633327720746
SEATING,-27.7,-28.6,27.7,-28.6,27.7,28.6,-27.7,28.6,1152.0311526530086,244.19642365915053,1152.0311520344912,299.5964236591505,1094.8311520344914,299.596423020537,1094.8311526530088,244.19642302053697
