in_product_family,in_bounding_box_x1,in_bounding_box_y1,in_bounding_box_x2,in_bounding_box_y2,in_bounding_box_x3,in_bounding_box_y3,in_bounding_box_x4,in_bounding_box_y4,out_bounding_box_x1,out_bounding_box_y1,out_bounding_box_x2,out_bounding_box_y2,out_bounding_box_x3,out_bounding_box_y3,out_bounding_box_x4,out_bounding_box_y4
ROOM,-873.5743,-112.41827,-242.28488,-112.41827,-242.28488,362.92388,-873.5743,362.92388,-873.5743,-112.41827,-242.28488,-112.41827,-242.28488,362.92388,-873.5743,362.92388
TABLE,-90,-45,90,-45,90,45,-90,45,-684.3406982421875,1.6894645690917756,-504.3406982421875,1.6894645690918182,-504.3406982421875,91.68946456909183,-684.3406982421875,91.68946456909177
SEATING,-26.1,-30.6,26.1,-30.6,26.1,30.6,-26.1,30.6,-418.8924621582031,51.83122100830077,-418.8924621582031,104.03122100830078,-480.09246215820315,104.03122100830079,-480.09246215820315,51.83122100830079
SEATING,-26.1,-30.6,26.1,-30.6,26.1,30.6,-26.1,30.6,-585.5725341796875,146.89825592041015,-585.5725341796875,94.69825592041015,-524.3725341796875,94.69825592041016,-524.3725341796875,146.89825592041018
SEATING,-26.1,-30.6,26.1,-30.6,26.1,30.6,-26.1,30.6,-759.1023193359375,104.88011322021484,-759.1023193359375,52.680113220214835,-697.9023193359375,52.68011322021485,-697.9023193359375,104.88011322021485
SEATING,-26.1,-30.6,26.1,-30.6,26.1,30.6,-26.1,30.6,-599.8572092403812,-21.669585374150273,-549.0073395979787,-9.87421520824762,-562.8363942752438,49.74287333801746,-613.6862639176463,37.94750317211481
