in_product_family,in_bounding_box_x1,in_bounding_box_y1,in_bounding_box_x2,in_bounding_box_y2,in_bounding_box_x3,in_bounding_box_y3,in_bounding_box_x4,in_bounding_box_y4,out_bounding_box_x1,out_bounding_box_y1,out_bounding_box_x2,out_bounding_box_y2,out_bounding_box_x3,out_bounding_box_y3,out_bounding_box_x4,out_bounding_box_y4
ROOM,88.85979,-765.67945,449.86862,-765.67945,449.86862,-130.6269,88.85979,-130.6269,88.85979,-765.67945,449.86862,-765.67945,449.86862,-130.6269,88.85979,-130.6269
STORAGE_FURNITURE,-105,-25,105,-25,105,25,-105,25,133.91576385498044,-615.6543579101562,133.9157638549805,-405.65435791015625,83.9157638549805,-405.65435791015625,83.91576385498044,-615.6543579101562
STORAGE_FURNITURE,-105,-25,105,-25,105,25,-105,25,133.91576385498044,-720.6643676757812,133.9157638549805,-510.66436767578125,83.9157638549805,-510.66436767578125,83.91576385498044,-720.6643676757812
TABLE,-80,-40,80,-40,80,40,-80,40,153.91439819335935,-795.6743774414062,153.9143981933594,-635.6743774414062,73.9143981933594,-635.6743774414062,73.91439819335935,-795.6743774414062
SEATING,-32.65,-33.3,32.65,-33.3,32.65,33.3,-32.65,33.3,208.2409637451172,-744.5600952148437,208.24096374511717,-679.2600952148438,141.64096374511718,-679.2600952148438,141.6409637451172,-744.5600952148437
SEATING,-36.5,-40.5,36.5,-40.5,36.5,40.5,-36.5,40.5,341.1681677746209,-347.7041621211764,281.9466455150407,-305.0214806067958,234.58640986209787,-370.73303270304234,293.80793212167805,-413.41571421742293
SOFA,-109.85,-92.25,109.85,-92.25,109.85,92.25,-109.85,92.25,449.8619995117188,-718.4677368164062,449.8619995117187,-498.7677368164062,265.3619995117187,-498.7677368164063,265.3619995117188,-718.4677368164063
RADIATOR,-30,-3.95,30,-3.95,30,3.95,-30,3.95,379.2392272949219,-763.2291748046875,439.2392272949219,-763.2291748046875,439.2392272949219,-755.3291748046875,379.2392272949219,-755.3291748046875
