in_product_family,in_bounding_box_x1,in_bounding_box_y1,in_bounding_box_x2,in_bounding_box_y2,in_bounding_box_x3,in_bounding_box_y3,in_bounding_box_x4,in_bounding_box_y4,out_bounding_box_x1,out_bounding_box_y1,out_bounding_box_x2,out_bounding_box_y2,out_bounding_box_x3,out_bounding_box_y3,out_bounding_box_x4,out_bounding_box_y4
ROOM,-208.21409,-34.22342,1351.7821,-34.22342,1351.7821,589.99981,-208.21409,589.99981,-208.21409,-34.22342,1351.7821,-34.22342,1351.7821,589.99981,-208.21409,589.99981
DECORATION,-75,-100,75,-100,75,100,-75,100,1053.2861328125,356.820068359375,1053.2861328125,206.820068359375,1253.2861328125,206.820068359375,1253.2861328125,356.820068359375
SOFA,-121.25,-79.45,121.25,-79.45,121.25,79.45,-121.25,79.45,120.1847411054178,241.87079804851024,-120.76172789225225,214.4655234183442,-102.80420979438264,56.58348661945851,138.1422592032874,83.98876124962456
SEATING,-47.6,-22,47.6,-22,47.6,22,-47.6,22,210.03842330076446,434.20119706086734,210.03841996095431,339.0011970608674,254.0384199609543,339.00119551725766,254.03842330076444,434.2011955172576
SEATING,-47.6,-22,47.6,-22,47.6,22,-47.6,22,210.03839278318634,384.94155350617984,210.0383894433762,289.7415535061799,254.03838944337616,289.74155196257016,254.0383927831863,384.9415519625701
SEATING,-47.6,-22,47.6,-22,47.6,22,-47.6,22,210.03839278318634,559.9333137600861,210.0383894433762,464.73331376008616,254.03838944337616,464.7333122164764,254.0383927831863,559.9333122164763
SEATING,-47.6,-22,47.6,-22,47.6,22,-47.6,22,210.03842330076446,506.4927925198517,210.03841996095431,411.2927925198518,254.0384199609543,411.29279097624203,254.03842330076444,506.49279097624196
TABLE,-100,-47.65,100,-47.65,100,47.65,-100,47.65,7.455999755859345,328.387451171875,7.455999755859402,528.387451171875,-87.8440002441406,528.387451171875,-87.84400024414066,328.387451171875
DECORATION,-21.7,-20.55,21.7,-20.55,21.7,20.55,-21.7,20.55,1009.8760498046875,344.6151916503906,1053.2760498046875,344.6151916503906,1053.2760498046875,385.71519165039064,1009.8760498046875,385.71519165039064
