in_product_family,in_bounding_box_x1,in_bounding_box_y1,in_bounding_box_x2,in_bounding_box_y2,in_bounding_box_x3,in_bounding_box_y3,in_bounding_box_x4,in_bounding_box_y4,out_bounding_box_x1,out_bounding_box_y1,out_bounding_box_x2,out_bounding_box_y2,out_bounding_box_x3,out_bounding_box_y3,out_bounding_box_x4,out_bounding_box_y4
ROOM,-473.06038,-478.81596,612.6972,-478.81596,612.6972,425.98842,-473.06038,425.98842,-473.06038,-478.81596,612.6972,-478.81596,612.6972,425.98842,-473.06038,425.98842
SOFA,-146,-76.8,146,-76.8,146,76.8,-146,76.8,-41.87045110278322,425.9783908780607,-41.87044092602528,133.97839087806085,111.72955907397463,133.97839623131432,111.72954889721669,425.97839623131415
TABLE,-49.85,-49.85,49.85,-49.85,49.85,49.85,-49.85,49.85,111.73956909179688,299.7732299804687,211.43956909179687,299.7732299804687,211.43956909179687,399.4732299804688,111.73956909179688,399.4732299804688
TABLE,-90,-45,90,-45,90,45,-90,45,-364.85577392578125,225.6356201171875,-184.85577392578125,225.6356201171875,-184.85577392578125,315.6356201171875,-364.85577392578125,315.6356201171875
