in_product_family,in_bounding_box_x1,in_bounding_box_y1,in_bounding_box_x2,in_bounding_box_y2,in_bounding_box_x3,in_bounding_box_y3,in_bounding_box_x4,in_bounding_box_y4,out_bounding_box_x1,out_bounding_box_y1,out_bounding_box_x2,out_bounding_box_y2,out_bounding_box_x3,out_bounding_box_y3,out_bounding_box_x4,out_bounding_box_y4
ROOM,-1204.09114,52.06685,-700.22674,52.06685,-700.22674,712.8199,-1204.09114,712.8199,-1204.09114,52.06685,-700.22674,52.06685,-700.22674,712.8199,-1204.09114,712.8199
TABLE,-75.35,-40.75,75.35,-40.75,75.35,40.75,-75.35,40.75,-1170.561181640625,133.32447814941406,-1019.861181640625,133.32447814941406,-1019.861181640625,214.82447814941406,-1170.561181640625,214.82447814941406
SEATING,-46.9,-24.65,46.9,-24.65,46.9,24.65,-46.9,24.65,-1166.683447265625,81.08059844970703,-1072.883447265625,81.08059844970703,-1072.883447265625,130.38059844970704,-1166.683447265625,130.38059844970704
SEATING,-46.9,-24.65,46.9,-24.65,46.9,24.65,-46.9,24.65,-1117.909521484375,81.42373809814453,-1024.109521484375,81.42373809814453,-1024.109521484375,130.72373809814454,-1117.909521484375,130.72373809814454
SEATING,-46.9,-24.65,46.9,-24.65,46.9,24.65,-46.9,24.65,-1025.1462646484374,264.3278411865234,-1118.9462646484376,264.3278411865234,-1118.9462646484376,215.02784118652346,-1025.1462646484374,215.02784118652343
SEATING,-46.9,-24.65,46.9,-24.65,46.9,24.65,-46.9,24.65,-1073.9203125,263.98448791503904,-1167.7203125,263.98448791503904,-1167.7203125,214.68448791503909,-1073.9203125,214.68448791503906
