in_product_family,in_bounding_box_x1,in_bounding_box_y1,in_bounding_box_x2,in_bounding_box_y2,in_bounding_box_x3,in_bounding_box_y3,in_bounding_box_x4,in_bounding_box_y4,out_bounding_box_x1,out_bounding_box_y1,out_bounding_box_x2,out_bounding_box_y2,out_bounding_box_x3,out_bounding_box_y3,out_bounding_box_x4,out_bounding_box_y4
ROOM,-47.79299,-522.5,450.01112,-522.5,450.01112,181.29862,-47.79299,181.29862,-47.79299,-522.5,450.01112,-522.5,450.01112,181.29862,-47.79299,181.29862
SOFA,-163.65,-78.8,163.65,-78.8,163.65,78.8,-163.65,78.8,40.93011779785152,-195.19588623046877,40.93011779785161,-522.4958862304688,198.5301177978516,-522.4958862304687,198.53011779785152,-195.19588623046872
TABLE,-87.5,-45,87.5,-45,87.5,45,-87.5,45,103.0399169921875,-7.550270080566406,278.0399169921875,-7.550270080566406,278.0399169921875,82.4497299194336,103.0399169921875,82.4497299194336
STORAGE_FURNITURE,-90,-22.5,90,-22.5,90,22.5,-90,22.5,450.00109863281256,-462.42852783203125,450.00109863281244,-282.42852783203125,405.00109863281244,-282.42852783203125,405.00109863281256,-462.42852783203125
