in_product_family,in_bounding_box_x1,in_bounding_box_y1,in_bounding_box_x2,in_bounding_box_y2,in_bounding_box_x3,in_bounding_box_y3,in_bounding_box_x4,in_bounding_box_y4,out_bounding_box_x1,out_bounding_box_y1,out_bounding_box_x2,out_bounding_box_y2,out_bounding_box_x3,out_bounding_box_y3,out_bounding_box_x4,out_bounding_box_y4
ROOM,-264.36157,-935.80054,299.05533,-935.80054,299.05533,-278.0835,-264.36157,-278.0835,-264.36157,-935.80054,299.05533,-935.80054,299.05533,-278.0835,-264.36157,-278.0835
SOFA,-164,-107.3,164,-107.3,164,107.3,-164,107.3,-266.0251159667969,-525.6026733398437,61.974884033203125,-525.6026733398437,61.974884033203125,-311.00267333984374,-266.0251159667969,-311.00267333984374
SOFA,-164,-107.3,164,-107.3,164,107.3,-164,107.3,-262.61095428466797,-738.5830810546875,65.38904571533203,-738.5830810546875,65.38904571533203,-523.9830810546875,-262.61095428466797,-523.9830810546875
STORAGE_FURNITURE,-74.95,-22.45,74.95,-22.45,74.95,22.45,-74.95,22.45,299.04533691406255,-491.96507568359374,299.0453369140625,-342.0650756835937,254.14533691406248,-342.06507568359376,254.14533691406254,-491.9650756835938
TABLE,-100,-50,100,-50,100,50,-100,50,-26.064430236816435,-623.9798583984375,-26.064430236816378,-423.9798583984375,-126.06443023681638,-423.9798583984375,-126.06443023681643,-623.9798583984375
STORAGE_FURNITURE,-50,-17.5,50,-17.5,50,17.5,-50,17.5,292.39208984375,-898.2086791992188,292.39208984375,-798.2086791992188,257.39208984375,-798.2086791992188,257.39208984375,-898.2086791992188
