in_product_family,in_bounding_box_x1,in_bounding_box_y1,in_bounding_box_x2,in_bounding_box_y2,in_bounding_box_x3,in_bounding_box_y3,in_bounding_box_x4,in_bounding_box_y4,out_bounding_box_x1,out_bounding_box_y1,out_bounding_box_x2,out_bounding_box_y2,out_bounding_box_x3,out_bounding_box_y3,out_bounding_box_x4,out_bounding_box_y4
ROOM,-400,-400,43.57063,-400,43.57063,29.02889,-400,29.02889,-400,-400,43.57063,-400,43.57063,29.02889,-400,29.02889
STORAGE_FURNITURE,-90,-20,90,-20,90,20,-90,20,-385.15087890624994,-0.8426971435546733,-385.15087890625006,-180.8426971435547,-345.15087890625006,-180.8426971435547,-345.15087890624994,-0.8426971435547017
SOFA,-94.5,-54.5,94.5,-54.5,94.5,54.5,-94.5,54.5,30.72725486755366,-174.13499450683597,30.72725486755376,14.865005493164034,-78.27274513244623,14.865005493164091,-78.27274513244635,-174.1349945068359
TABLE,-59.5,-59.5,59.5,-59.5,59.5,59.5,-59.5,59.5,-150.39164915251342,-360.5602098080178,-33.52919143709934,-338.10656919645874,-55.98283204865846,-221.24411148104465,-172.84528976407253,-243.69775209260376
SEATING,-20.65,-24.5,20.65,-24.5,20.65,24.5,-20.65,24.5,8.483104705810554,-301.68524780273435,8.48310470581054,-260.38524780273434,-40.51689529418946,-260.3852478027344,-40.516895294189446,-301.6852478027344
SEATING,-20.65,-24.5,20.65,-24.5,20.65,24.5,-20.65,24.5,-122.77303161621094,-396.7296447753906,-81.47303161621093,-396.7296447753906,-81.47303161621093,-347.7296447753906,-122.77303161621094,-347.7296447753906
SEATING,-20.65,-24.5,20.65,-24.5,20.65,24.5,-20.65,24.5,-80.84300384521484,-176.2960968017578,-122.14300384521484,-176.2960968017578,-122.14300384521485,-225.2960968017578,-80.84300384521485,-225.2960968017578
SEATING,-20.65,-24.5,20.65,-24.5,20.65,24.5,-20.65,24.5,-217.51852415164038,-270.0498290798726,-217.51852418820337,-311.3498290798726,-168.51852418820337,-311.3498291232524,-168.51852415164038,-270.0498291232524
