in_product_family,in_bounding_box_x1,in_bounding_box_y1,in_bounding_box_x2,in_bounding_box_y2,in_bounding_box_x3,in_bounding_box_y3,in_bounding_box_x4,in_bounding_box_y4,out_bounding_box_x1,out_bounding_box_y1,out_bounding_box_x2,out_bounding_box_y2,out_bounding_box_x3,out_bounding_box_y3,out_bounding_box_x4,out_bounding_box_y4
ROOM,-86.5,228.44604,269.00006,228.44604,269.00006,565,-86.5,565,-86.5,228.44604,269.00006,228.44604,269.00006,565,-86.5,565
STORAGE_FURNITURE,-75.25,-20.35,75.25,-20.35,75.25,20.35,-75.25,20.35,-86.49000701904293,497.475341796875,-86.49000701904299,346.975341796875,-45.790007019042996,346.975341796875,-45.79000701904294,497.475341796875
SOFA,-123.3,-125,123.3,-125,123.3,125,-123.3,125,275.43978881835943,315.58040161132817,275.4397888183593,562.1804016113282,25.439788818359332,562.1804016113281,25.439788818359418,315.58040161132806
TABLE,-40,-40,40,-40,40,40,-40,40,48.539512634277344,362.5236511230469,128.53951263427734,362.5236511230469,128.53951263427734,442.5236511230469,48.539512634277344,442.5236511230469
