in_product_family,in_bounding_box_x1,in_bounding_box_y1,in_bounding_box_x2,in_bounding_box_y2,in_bounding_box_x3,in_bounding_box_y3,in_bounding_box_x4,in_bounding_box_y4,out_bounding_box_x1,out_bounding_box_y1,out_bounding_box_x2,out_bounding_box_y2,out_bounding_box_x3,out_bounding_box_y3,out_bounding_box_x4,out_bounding_box_y4
ROOM,1906.09204,-482.28214,2800.91069,-482.28214,2800.91069,539.93789,1906.09204,539.93789,1906.09204,-482.28214,2800.91069,-482.28214,2800.91069,539.93789,1906.09204,539.93789
SEATING,-56.4,-17.5,56.4,-17.5,56.4,17.5,-56.4,17.5,2624.129052734375,-479.83709716796875,2736.929052734375,-479.83709716796875,2736.929052734375,-444.83709716796875,2624.129052734375,-444.83709716796875
SOFA,-121.25,-79.45,121.25,-79.45,121.25,79.45,-121.25,79.45,2151.212841796875,466.6432189941406,2151.212841796875,224.14321899414062,2310.112841796875,224.14321899414062,2310.112841796875,466.6432189941406
DECORATION,-80.5,-115.5,80.5,-115.5,80.5,115.5,-80.5,115.5,1990.202880859375,242.58602905273438,2151.202880859375,242.58602905273438,2151.202880859375,473.5860290527344,1990.202880859375,473.5860290527344
STORAGE_FURNITURE,-100,-22.5,100,-22.5,100,22.5,-100,22.5,1906.10205078125,458.93939208984375,1906.10205078125,258.93939208984375,1951.10205078125,258.93939208984375,1951.10205078125,458.93939208984375
STORAGE_FURNITURE,-111,-31.9,111,-31.9,111,31.9,-111,31.9,2022.19580078125,109.95877990722656,2244.19580078125,109.95877990722656,2244.19580078125,173.75877990722657,2022.19580078125,173.75877990722657
SEATING,-36.5,-40.5,36.5,-40.5,36.5,40.5,-36.5,40.5,1920.4090837328151,173.41674619659264,1979.857760659396,131.05101934482,2026.8663068921849,197.01461977020423,1967.417629965604,239.38034662197688
RADIATOR,-30,-3.95,30,-3.95,30,3.95,-30,3.95,1925.850830078125,532.0215576171875,1985.850830078125,532.0215576171875,1985.850830078125,539.9215576171875,1925.850830078125,539.9215576171875
