in_product_family,in_bounding_box_x1,in_bounding_box_y1,in_bounding_box_x2,in_bounding_box_y2,in_bounding_box_x3,in_bounding_box_y3,in_bounding_box_x4,in_bounding_box_y4,out_bounding_box_x1,out_bounding_box_y1,out_bounding_box_x2,out_bounding_box_y2,out_bounding_box_x3,out_bounding_box_y3,out_bounding_box_x4,out_bounding_box_y4
ROOM,551.72185,-272.67952,1059.52659,-272.67952,1059.52659,214.14909,551.72185,214.14909,551.72185,-272.67952,1059.52659,-272.67952,1059.52659,214.14909,551.72185,214.14909
STORAGE_FURNITURE,-65,-26.5,65,-26.5,65,26.5,-65,26.5,1056.0166015625,55.66806793212889,1056.0166015625,185.6680679321289,1003.0166015625,185.6680679321289,1003.0166015625,55.66806793212892
SOFA,-95,-49.5,95,-49.5,95,49.5,-95,49.5,684.281982421875,-145.74693298339844,874.281982421875,-145.74693298339844,874.281982421875,-46.74693298339844,684.281982421875,-46.74693298339844
TABLE,-50,-30,50,-30,50,30,-50,30,719.358154296875,6.558017730712891,819.358154296875,6.558017730712891,819.358154296875,66.55801773071289,719.358154296875,66.55801773071289
STORAGE_FURNITURE,-90,-23.05,90,-23.05,90,23.05,-90,23.05,875.5778198242188,214.13908081054686,695.5778198242188,214.1390808105469,695.5778198242188,168.0390808105469,875.5778198242188,168.03908081054686
