in_product_family,in_bounding_box_x1,in_bounding_box_y1,in_bounding_box_x2,in_bounding_box_y2,in_bounding_box_x3,in_bounding_box_y3,in_bounding_box_x4,in_bounding_box_y4,out_bounding_box_x1,out_bounding_box_y1,out_bounding_box_x2,out_bounding_box_y2,out_bounding_box_x3,out_bounding_box_y3,out_bounding_box_x4,out_bounding_box_y4
ROOM,-244.1527,-559.41576,203.89092,-559.41576,203.89092,-219.70441,-244.1527,-219.70441,-244.1527,-559.41576,203.89092,-559.41576,203.89092,-219.70441,-244.1527,-219.70441
TABLE,-60,-60,60,-60,60,60,-60,60,-244.14270019531247,-238.18310546874997,-244.14270019531253,-358.18310546875,-124.14270019531253,-358.18310546875,-124.14270019531247,-238.18310546875003
SEATING,-24.15,-28.45,24.15,-28.45,24.15,28.45,-24.15,28.45,-178.77796020507813,-436.67103881835936,-130.47796020507812,-436.67103881835936,-130.47796020507812,-379.7710388183594,-178.77796020507813,-379.7710388183594
SEATING,-24.15,-28.45,24.15,-28.45,24.15,28.45,-24.15,28.45,-39.16759947718192,-344.1765807986217,-39.167599497427446,-295.8765807986217,-96.06759949742745,-295.876580822472,-96.06759947718193,-344.17658082247203
SOFA,-91,-45,91,-45,91,45,-91,45,21.037925720214844,-455.55572509765625,203.03792572021484,-455.55572509765625,203.03792572021484,-365.55572509765625,21.037925720214844,-365.55572509765625
STORAGE_FURNITURE,-73,-22.55,73,-22.55,73,22.55,-73,22.55,-244.1427001953125,-557.2307250976562,-98.1427001953125,-557.2307250976562,-98.1427001953125,-512.1307250976563,-244.1427001953125,-512.1307250976563
STORAGE_FURNITURE,-70,-15,70,-15,70,15,-70,15,179.0077362060547,-233.8898468017578,39.00773620605469,-233.8898468017578,39.00773620605469,-263.8898468017578,179.0077362060547,-263.8898468017578
