in_product_family,in_bounding_box_x1,in_bounding_box_y1,in_bounding_box_x2,in_bounding_box_y2,in_bounding_box_x3,in_bounding_box_y3,in_bounding_box_x4,in_bounding_box_y4,out_bounding_box_x1,out_bounding_box_y1,out_bounding_box_x2,out_bounding_box_y2,out_bounding_box_x3,out_bounding_box_y3,out_bounding_box_x4,out_bounding_box_y4
ROOM,-961.6277,-114.5,-161.6277,-114.5,-161.6277,949.5,-961.6277,949.5,-961.6277,-114.5,-161.6277,-114.5,-161.6277,949.5,-961.6277,949.5
STORAGE_FURNITURE,-105,-25,105,-25,105,25,-105,25,-480.62768561151006,-119.48999759230217,-270.62768561151006,-119.48999813523689,-270.62768548223994,-69.48999813523689,-480.62768548223994,-69.48999759230217
STORAGE_FURNITURE,-100,-22.5,100,-22.5,100,22.5,-100,22.5,-964.11767578125,240.5,-964.11767578125,40.5,-919.11767578125,40.5,-919.11767578125,240.5
TABLE,-90,-45,90,-45,90,45,-90,45,-331.61767577907216,65.00000000108892,-331.61767578342784,245.00000000108892,-421.61767578342784,244.99999999891108,-421.61767577907216,64.99999999891108
TABLE,-55,-37.5,55,-37.5,55,37.5,-55,37.5,-791.61767578125,195.5,-791.61767578125,85.5,-716.61767578125,85.5,-716.61767578125,195.5
SOFA,-123.3,-47.05,123.3,-47.05,123.3,47.05,-123.3,47.05,-582.06767578125,17.19999999999999,-582.0676757812499,263.79999999999995,-676.16767578125,263.8,-676.1676757812501,17.200000000000017
STORAGE_FURNITURE,-40,-29.65,40,-29.65,40,29.65,-40,29.65,-559.579431134711,311.52777100916404,-559.5794311699766,391.52777100916404,-618.8794311699766,391.52777098302346,-618.8794311347109,311.52777098302346
TABLE,-98.4,-48,98.4,-48,98.4,48,-98.4,48,-743.4336303710937,277.8808898925781,-546.6336303710938,277.8808898925781,-546.6336303710938,373.8808898925781,-743.4336303710937,373.8808898925781
