in_product_family,in_bounding_box_x1,in_bounding_box_y1,in_bounding_box_x2,in_bounding_box_y2,in_bounding_box_x3,in_bounding_box_y3,in_bounding_box_x4,in_bounding_box_y4,out_bounding_box_x1,out_bounding_box_y1,out_bounding_box_x2,out_bounding_box_y2,out_bounding_box_x3,out_bounding_box_y3,out_bounding_box_x4,out_bounding_box_y4
ROOM,-8578.0519,-4436.24289,-7760.62316,-4436.24289,-7760.62316,-3515.26644,-8578.0519,-3515.26644,-8578.0519,-4436.24289,-7760.62316,-4436.24289,-7760.62316,-3515.26644,-8578.0519,-3515.26644
SOFA,-122,-47,122,-47,122,47,-122,47,-8397.5029296875,-3668.1181640625,-8153.5029296875,-3668.1181640625,-8153.5029296875,-3574.1181640625,-8397.5029296875,-3574.1181640625
SOFA,-122,-47,122,-47,122,47,-122,47,-8381.61328125,-3927.4775390625,-8381.61328125,-3683.4775390625,-8475.61328125,-3683.4775390625,-8475.61328125,-3927.4775390625
SEATING,-36.5,-40.5,36.5,-40.5,36.5,40.5,-36.5,40.5,-8200.635252834121,-3996.529318742987,-8138.718831585264,-3957.859475457371,-8181.62646591588,-3889.157692975763,-8243.542887164736,-3927.827536261379
SEATING,-36.5,-40.5,36.5,-40.5,36.5,40.5,-36.5,40.5,-8379.467349270877,-3968.1831899110734,-8313.976062580761,-4000.43053658755,-8278.194760104123,-3927.7621225889266,-8343.686046794239,-3895.51477591245
DECORATION,-75,-100,75,-100,75,100,-75,100,-8347.263671875,-3881.673583984375,-8197.263671875,-3881.673583984375,-8197.263671875,-3681.673583984375,-8347.263671875,-3681.673583984375
VEGETATION,-42.45,-43,42.45,-43,42.45,43,-42.45,43,-8068.59296875,-3515.2666015625,-8153.49296875,-3515.2666015625,-8153.49296875,-3601.2666015625,-8068.59296875,-3601.2666015625
TABLE,-44.95,-44.95,44.95,-44.95,44.95,44.95,-44.95,44.95,-8318.309375,-3827.72001953125,-8228.409375,-3827.72001953125,-8228.409375,-3737.82001953125,-8318.309375,-3737.82001953125
STORAGE_FURNITURE,-40,-20,40,-20,40,20,-40,20,-8578.0419921875,-3583.31005859375,-8578.0419921875,-3663.31005859375,-8538.0419921875,-3663.31005859375,-8538.0419921875,-3583.31005859375
