in_product_family,in_bounding_box_x1,in_bounding_box_y1,in_bounding_box_x2,in_bounding_box_y2,in_bounding_box_x3,in_bounding_box_y3,in_bounding_box_x4,in_bounding_box_y4,out_bounding_box_x1,out_bounding_box_y1,out_bounding_box_x2,out_bounding_box_y2,out_bounding_box_x3,out_bounding_box_y3,out_bounding_box_x4,out_bounding_box_y4
ROOM,328.48329,-717.78547,1373.66361,-717.78547,1373.66361,282.66707,328.48329,282.66707,328.48329,-717.78547,1373.66361,-717.78547,1373.66361,282.66707,328.48329,282.66707
SOFA,-164,-107.3,164,-107.3,164,107.3,-164,107.3,799.1601684570312,-230.4356384277344,799.1601684570313,97.5643615722656,584.5601684570313,97.56436157226565,584.5601684570312,-230.43563842773435
SEATING,-48.6,-45,48.6,-45,48.6,45,-48.6,45,487.3501344404764,-229.08467119669103,584.5501344404764,-229.0846708443246,584.5501341142111,-139.0846708443246,487.35013411421113,-139.08467119669103
SEATING,-48.6,-45,48.6,-45,48.6,45,-48.6,45,578.2381225585938,95.13978958129883,481.0381225585937,95.13978958129883,481.0381225585937,5.139789581298821,578.2381225585938,5.139789581298835
TABLE,-50,-50,50,-50,50,50,-50,50,583.6635847460939,-121.43252903302397,683.6635847460939,-121.43252903302397,683.6635847460939,-21.432529033023968,583.6635847460939,-21.432529033023968
DECORATION,-75,-100,75,-100,75,100,-75,100,554.77734375,-164.0846710205078,704.77734375,-164.0846710205078,704.77734375,35.91532897949219,554.77734375,35.91532897949219
