in_product_family,in_bounding_box_x1,in_bounding_box_y1,in_bounding_box_x2,in_bounding_box_y2,in_bounding_box_x3,in_bounding_box_y3,in_bounding_box_x4,in_bounding_box_y4,out_bounding_box_x1,out_bounding_box_y1,out_bounding_box_x2,out_bounding_box_y2,out_bounding_box_x3,out_bounding_box_y3,out_bounding_box_x4,out_bounding_box_y4
ROOM,153.21431,102.24382,654.65602,102.24382,654.65602,411.6502,153.21431,411.6502,153.21431,102.24382,654.65602,102.24382,654.65602,411.6502,153.21431,411.6502
SOFA,-99,-48.5,99,-48.5,99,48.5,-99,48.5,456.63238525390625,102.32305908203125,654.6323852539062,102.32305908203125,654.6323852539062,199.32305908203125,456.63238525390625,199.32305908203125
STORAGE_FURNITURE,-80,-20,80,-20,80,20,-80,20,637.2384643554688,411.64019775390625,477.23846435546875,411.64019775390625,477.23846435546875,371.64019775390625,637.2384643554688,371.64019775390625
TABLE,-100,-50,100,-50,100,50,-100,50,433.5489501953125,210.2884521484375,633.5489501953125,210.2884521484375,633.5489501953125,310.2884521484375,433.5489501953125,310.2884521484375
