in_product_family,in_bounding_box_x1,in_bounding_box_y1,in_bounding_box_x2,in_bounding_box_y2,in_bounding_box_x3,in_bounding_box_y3,in_bounding_box_x4,in_bounding_box_y4,out_bounding_box_x1,out_bounding_box_y1,out_bounding_box_x2,out_bounding_box_y2,out_bounding_box_x3,out_bounding_box_y3,out_bounding_box_x4,out_bounding_box_y4
ROOM,1.02171,-807.6,243.02172,-807.6,243.02172,-1.12577,1.02171,-1.12577,1.02171,-807.6,243.02172,-807.6,243.02172,-1.12577,1.02171,-1.12577
SOFA,-98,-50,98,-50,98,50,-98,50,1.0813827514648438,-101.96259689331055,197.08138275146484,-101.96259689331055,197.08138275146484,-1.9625968933105469,1.0813827514648438,-1.9625968933105469
