in_product_family,in_bounding_box_x1,in_bounding_box_y1,in_bounding_box_x2,in_bounding_box_y2,in_bounding_box_x3,in_bounding_box_y3,in_bounding_box_x4,in_bounding_box_y4,out_bounding_box_x1,out_bounding_box_y1,out_bounding_box_x2,out_bounding_box_y2,out_bounding_box_x3,out_bounding_box_y3,out_bounding_box_x4,out_bounding_box_y4
ROOM,207.63097,341.12452,755.01,341.12452,755.01,843.56705,207.63097,843.56705,207.63097,341.12452,755.01,341.12452,755.01,843.56705,207.63097,843.56705
DECORATION,-100,-70,100,-70,100,70,-100,70,504.90283203125,681.7772216796875,504.90283203125,481.7772216796875,644.90283203125,481.7772216796875,644.90283203125,681.7772216796875
SOFA,-122,-47,122,-47,122,47,-122,47,755.010009765625,460.43731689453125,755.010009765625,704.4373168945312,661.010009765625,704.4373168945312,661.010009765625,460.43731689453125
SOFA,-122,-47,122,-47,122,47,-122,47,395.2386169433593,701.440185546875,395.23861694335943,457.440185546875,489.23861694335943,457.440185546875,489.2386169433593,701.440185546875
