in_product_family,in_bounding_box_x1,in_bounding_box_y1,in_bounding_box_x2,in_bounding_box_y2,in_bounding_box_x3,in_bounding_box_y3,in_bounding_box_x4,in_bounding_box_y4,out_bounding_box_x1,out_bounding_box_y1,out_bounding_box_x2,out_bounding_box_y2,out_bounding_box_x3,out_bounding_box_y3,out_bounding_box_x4,out_bounding_box_y4
ROOM,-780.35934,-801.03254,1488.29065,-801.03254,1488.29065,1521.46303,-780.35934,1521.46303,-780.35934,-801.03254,1488.29065,-801.03254,1488.29065,1521.46303,-780.35934,1521.46303
STORAGE_FURNITURE,-90,-20.6,90,-20.6,90,20.6,-90,20.6,249.00311279296875,-801.0225463867188,429.00311279296875,-801.0225463867188,429.00311279296875,-759.8225463867187,249.00311279296875,-759.8225463867187
TABLE,-45.05,-25.1,45.05,-25.1,45.05,25.1,-45.05,25.1,293.08519287109374,-653.9641967773438,383.18519287109376,-653.9641967773438,383.18519287109376,-603.7641967773437,293.08519287109374,-603.7641967773437
SOFA,-110.5,-45.5,110.5,-45.5,110.5,45.5,-110.5,45.5,450.18463134765625,-430.1303405761719,229.18463134765625,-430.1303405761719,229.18463134765625,-521.1303405761719,450.18463134765625,-521.1303405761719
SEATING,-30.2,-28.85,30.2,-28.85,30.2,28.85,-30.2,28.85,170.3417812506562,-494.7813174549915,131.09649151265856,-540.6939217525112,174.95671118098443,-578.184869068446,214.20200091898207,-532.2722647709263
SEATING,-30.2,-28.85,30.2,-28.85,30.2,28.85,-30.2,28.85,546.2532431859009,-549.2864069871159,508.1999370127051,-502.38112061885016,463.39141013441156,-538.7333684035091,501.4447163076074,-585.6386547717748
DECORATION,-85,-60,85,-60,85,60,-85,60,254.49169921875,-636.751220703125,424.49169921875,-636.751220703125,424.49169921875,-516.751220703125,254.49169921875,-516.751220703125
