in_product_family,in_bounding_box_x1,in_bounding_box_y1,in_bounding_box_x2,in_bounding_box_y2,in_bounding_box_x3,in_bounding_box_y3,in_bounding_box_x4,in_bounding_box_y4,out_bounding_box_x1,out_bounding_box_y1,out_bounding_box_x2,out_bounding_box_y2,out_bounding_box_x3,out_bounding_box_y3,out_bounding_box_x4,out_bounding_box_y4
ROOM,-549.61282,-565.65528,210.58007,-565.65528,210.58007,112.76393,-549.61282,112.76393,-549.61282,-565.65528,210.58007,-565.65528,210.58007,112.76393,-549.61282,112.76393
SOFA,-123.3,-125,123.3,-125,123.3,125,-123.3,125,-121.79565191268924,-284.6751586914063,-121.79565191268918,-531.2751586914063,128.20434808731082,-531.2751586914062,128.20434808731076,-284.67515869140624
TABLE,-90,-45,90,-45,90,45,-90,45,-412.6498718261719,-36.98887825012207,-232.64987182617188,-36.98887825012207,-232.64987182617188,53.01112174987793,-412.6498718261719,53.01112174987793
