in_product_family,in_bounding_box_x1,in_bounding_box_y1,in_bounding_box_x2,in_bounding_box_y2,in_bounding_box_x3,in_bounding_box_y3,in_bounding_box_x4,in_bounding_box_y4,out_bounding_box_x1,out_bounding_box_y1,out_bounding_box_x2,out_bounding_box_y2,out_bounding_box_x3,out_bounding_box_y3,out_bounding_box_x4,out_bounding_box_y4
ROOM,924.64892,1135.95661,1933.16064,1135.95661,1933.16064,2222.29405,924.64892,2222.29405,924.64892,1135.95661,1933.16064,1135.95661,1933.16064,2222.29405,924.64892,2222.29405
STORAGE_FURNITURE,-42.5,-39.55,42.5,-39.55,42.5,39.55,-42.5,39.55,952.7006225585938,1694.33525390625,1037.7006225585938,1694.33525390625,1037.7006225585938,1773.43525390625,952.7006225585938,1773.43525390625
TABLE,-129.8,-44.75,129.8,-44.75,129.8,44.75,-129.8,44.75,1032.6742431640625,2042.50390625,1292.2742431640625,2042.50390625,1292.2742431640625,2132.00390625,1032.6742431640625,2132.00390625
SOFA,-122,-47,122,-47,122,47,-122,47,1602.1683349609375,1768.00244140625,1846.1683349609375,1768.00244140625,1846.1683349609375,1862.00244140625,1602.1683349609375,1862.00244140625
SOFA,-122,-47,122,-47,122,47,-122,47,1479.302978515625,2122.1297607421875,1479.302978515625,1878.1297607421875,1573.302978515625,1878.1297607421875,1573.302978515625,2122.1297607421875
TABLE,-55,-37.5,55,-37.5,55,37.5,-55,37.5,1697.166748046875,2053.4757080078125,1697.166748046875,1943.4757080078125,1772.166748046875,1943.4757080078125,1772.166748046875,2053.4757080078125
