in_product_family,in_bounding_box_x1,in_bounding_box_y1,in_bounding_box_x2,in_bounding_box_y2,in_bounding_box_x3,in_bounding_box_y3,in_bounding_box_x4,in_bounding_box_y4,out_bounding_box_x1,out_bounding_box_y1,out_bounding_box_x2,out_bounding_box_y2,out_bounding_box_x3,out_bounding_box_y3,out_bounding_box_x4,out_bounding_box_y4
ROOM,-201.96478,-282.65064,607.14615,-282.65064,607.14615,310.8791,-201.96478,310.8791,-201.96478,-282.65064,607.14615,-282.65064,607.14615,310.8791,-201.96478,310.8791
SOFA,-123.3,-125,123.3,-125,123.3,125,-123.3,125,44.998642744004556,186.90096328159532,-201.6012878087996,187.08603448997445,-201.78891068834048,-62.91389510532579,44.81101986446366,-63.09896631370492
TABLE,-59.7,-26.55,59.7,-26.55,59.7,26.55,-59.7,26.55,-79.48312110900879,-6.702532577514649,39.916878890991214,-6.702532577514649,39.916878890991214,46.39746742248535,-79.48312110900879,46.39746742248535
SEATING,-50.85,-22.5,50.85,-22.5,50.85,22.5,-50.85,22.5,407.2805422281844,-79.79975181509133,305.5805422281844,-79.79975074838524,305.5805417561906,-124.79975074838524,407.2805417561906,-124.79975181509133
SEATING,-50.85,-22.5,50.85,-22.5,50.85,22.5,-50.85,22.5,352.1102892876596,-81.36078591763754,250.4575778111947,-78.25977810039859,249.0854504584341,-123.23885397494058,350.73816193489904,-126.33986179217953
SEATING,-50.85,-22.5,50.85,-22.5,50.85,22.5,-50.85,22.5,259.0642746151059,-269.458980967053,360.76427461510565,-269.4589877829469,360.76427763098786,-224.45898778294702,259.0642776309881,-224.4589809670531
SEATING,-50.85,-22.5,50.85,-22.5,50.85,22.5,-50.85,22.5,319.7619369686215,-269.4589657082639,421.4619369686213,-269.45897252415784,421.4619399845035,-224.45897252415796,319.7619399845037,-224.45896570826403
TABLE,-90,-45,90,-45,90,45,-90,45,250.15634722151515,-219.99350876434744,430.1562965301313,-220.1285972376169,430.2238407667661,-130.1286225833088,250.22389145814992,-129.99353411003935
