in_product_family,in_bounding_box_x1,in_bounding_box_y1,in_bounding_box_x2,in_bounding_box_y2,in_bounding_box_x3,in_bounding_box_y3,in_bounding_box_x4,in_bounding_box_y4,out_bounding_box_x1,out_bounding_box_y1,out_bounding_box_x2,out_bounding_box_y2,out_bounding_box_x3,out_bounding_box_y3,out_bounding_box_x4,out_bounding_box_y4
ROOM,-275.7393,-493.57849,240.2607,-493.57849,240.2607,344,-275.7393,344,-275.7393,-493.57849,240.2607,-493.57849,240.2607,344,-275.7393,344
SOFA,-98,-50,98,-50,98,50,-98,50,58.6900623491732,0.7292139109487152,-122.75260297334005,-73.39608002211065,-84.93357545647301,-165.96886845196434,96.50908986604024,-91.84357451890497
SEATING,-51.2,-51.1,51.2,-51.1,51.2,51.1,-51.2,51.1,-194.39574068495602,-263.05963539035025,-201.03298492041904,-365.2443063980841,-99.0478933482471,-371.86858726589975,-92.41064911278409,-269.6839162581659
STORAGE_FURNITURE,-80.15,-22.1,80.15,-22.1,80.15,22.1,-80.15,22.1,241.3507019042969,-200.61482086181638,241.35070190429684,-40.314820861816386,197.15070190429685,-40.314820861816415,197.1507019042969,-200.61482086181644
TABLE,-90,-45,90,-45,90,45,-90,45,-27.85590432875594,-321.1653811299571,138.88537997192236,-253.3616636082727,104.98352121108016,-169.99102145793353,-61.75776308959814,-237.79473897961793
