in_product_family,in_bounding_box_x1,in_bounding_box_y1,in_bounding_box_x2,in_bounding_box_y2,in_bounding_box_x3,in_bounding_box_y3,in_bounding_box_x4,in_bounding_box_y4,out_bounding_box_x1,out_bounding_box_y1,out_bounding_box_x2,out_bounding_box_y2,out_bounding_box_x3,out_bounding_box_y3,out_bounding_box_x4,out_bounding_box_y4
ROOM,257.06025,-40.15145,608.05525,-40.15145,608.05525,320.84605,257.06025,320.84605,257.06025,-40.15145,608.05525,-40.15145,608.05525,320.84605,257.06025,320.84605
STORAGE_FURNITURE,-80,-20,80,-20,80,20,-80,20,538.0328369140625,320.8360290527344,378.0328369140625,320.8360290527344,378.0328369140625,280.8360290527344,538.0328369140625,280.8360290527344
TABLE,-29.75,-29.9,29.75,-29.9,29.75,29.9,-29.75,29.9,396.01458740234375,130.19791564941406,455.51458740234375,130.19791564941406,455.51458740234375,189.99791564941407,396.01458740234375,189.99791564941407
SOFA,-109.85,-92.25,109.85,-92.25,109.85,92.25,-109.85,92.25,387.15729370117185,-32.464630126953125,606.8572937011719,-32.464630126953125,606.8572937011719,152.03536987304688,387.15729370117185,152.03536987304688
SEATING,-47.75,-34.5,47.75,-34.5,47.75,34.5,-47.75,34.5,257.0316162109375,188.60574340820312,257.0316162109375,93.10574340820312,326.0316162109375,93.10574340820312,326.0316162109375,188.60574340820312
