in_product_family,in_bounding_box_x1,in_bounding_box_y1,in_bounding_box_x2,in_bounding_box_y2,in_bounding_box_x3,in_bounding_box_y3,in_bounding_box_x4,in_bounding_box_y4,out_bounding_box_x1,out_bounding_box_y1,out_bounding_box_x2,out_bounding_box_y2,out_bounding_box_x3,out_bounding_box_y3,out_bounding_box_x4,out_bounding_box_y4
ROOM,-332.61228,-254.08322,277.38773,-254.08322,277.38773,302.04395,-332.61228,302.04395,-332.61228,-254.08322,277.38773,-254.08322,277.38773,302.04395,-332.61228,302.04395
SOFA,-110,-49.5,110,-49.5,110,49.5,-110,49.5,276.15373229980474,7.537322998046889,276.15373229980463,227.53732299804688,177.15373229980463,227.53732299804688,177.15373229980474,7.537322998046861
