in_product_family,in_bounding_box_x1,in_bounding_box_y1,in_bounding_box_x2,in_bounding_box_y2,in_bounding_box_x3,in_bounding_box_y3,in_bounding_box_x4,in_bounding_box_y4,out_bounding_box_x1,out_bounding_box_y1,out_bounding_box_x2,out_bounding_box_y2,out_bounding_box_x3,out_bounding_box_y3,out_bounding_box_x4,out_bounding_box_y4
ROOM,-631.55706,207.45096,398.40969,207.45096,398.40969,1216.96377,-631.55706,1216.96377,-631.55706,207.45096,398.40969,207.45096,398.40969,1216.96377,-631.55706,1216.96377
SOFA,-122,-47,122,-47,122,47,-122,47,-185.78879165649414,530.1270751953125,58.21120834350586,530.1270751953125,58.21120834350586,624.1270751953125,-185.78879165649414,624.1270751953125
SOFA,-122,-47,122,-47,122,47,-122,47,191.80253601074216,300.3552551269531,191.80253601074222,544.3552551269531,97.80253601074222,544.3552551269531,97.80253601074216,300.3552551269531
STORAGE_FURNITURE,-74.95,-22.45,74.95,-22.45,74.95,22.45,-74.95,22.45,-110.91486282348633,207.46102600097657,38.985137176513675,207.46102600097657,38.985137176513675,252.36102600097655,-110.91486282348633,252.36102600097655
