in_product_family,in_bounding_box_x1,in_bounding_box_y1,in_bounding_box_x2,in_bounding_box_y2,in_bounding_box_x3,in_bounding_box_y3,in_bounding_box_x4,in_bounding_box_y4,out_bounding_box_x1,out_bounding_box_y1,out_bounding_box_x2,out_bounding_box_y2,out_bounding_box_x3,out_bounding_box_y3,out_bounding_box_x4,out_bounding_box_y4
ROOM,-479.71784,135.20434,170.14497,135.20434,170.14497,687.72649,-479.71784,687.72649,-479.71784,135.20434,170.14497,135.20434,170.14497,687.72649,-479.71784,687.72649
STORAGE_FURNITURE,-90,-22.5,90,-22.5,90,22.5,-90,22.5,-479.7078552246093,632.7090454101562,-479.70785522460943,452.70904541015625,-434.70785522460943,452.70904541015625,-434.7078552246093,632.7090454101562
STORAGE_FURNITURE,-90,-22.5,90,-22.5,90,22.5,-90,22.5,-479.7078552246093,452.69903564453125,-479.70785522460943,272.69903564453125,-434.70785522460943,272.69903564453125,-434.7078552246093,452.69903564453125
DECORATION,-145,-100,145,-100,145,100,-145,100,135.01631164550787,327.4369201660156,135.01631164550776,617.4369201660156,-64.98368835449224,617.4369201660156,-64.98368835449213,327.4369201660156
TABLE,-100,-50,100,-50,100,50,-100,50,84.6618957519531,372.8310852050781,84.66189575195315,572.8310852050781,-15.338104248046847,572.8310852050781,-15.338104248046903,372.8310852050781
