in_product_family,in_bounding_box_x1,in_bounding_box_y1,in_bounding_box_x2,in_bounding_box_y2,in_bounding_box_x3,in_bounding_box_y3,in_bounding_box_x4,in_bounding_box_y4,out_bounding_box_x1,out_bounding_box_y1,out_bounding_box_x2,out_bounding_box_y2,out_bounding_box_x3,out_bounding_box_y3,out_bounding_box_x4,out_bounding_box_y4
ROOM,59.89568,110.84003,474.06,110.84003,474.06,471.94,59.89568,471.94,59.89568,110.84003,474.06,110.84003,474.06,471.94,59.89568,471.94
TABLE,-90,-45,90,-45,90,45,-90,45,191.281005859375,250.55401611328125,371.281005859375,250.55401611328125,371.281005859375,340.55401611328125,191.281005859375,340.55401611328125
SEATING,-56.4,-17.5,56.4,-17.5,56.4,17.5,-56.4,17.5,222.2190185546875,212.8350067138672,335.0190185546875,212.8350067138672,335.0190185546875,247.8350067138672,222.2190185546875,247.8350067138672
SEATING,-56.4,-17.5,56.4,-17.5,56.4,17.5,-56.4,17.5,226.21199951171874,344.60400390625,339.0119995117187,344.60400390625,339.0119995117187,379.60400390625,226.21199951171874,379.60400390625
