in_product_family,in_bounding_box_x1,in_bounding_box_y1,in_bounding_box_x2,in_bounding_box_y2,in_bounding_box_x3,in_bounding_box_y3,in_bounding_box_x4,in_bounding_box_y4,out_bounding_box_x1,out_bounding_box_y1,out_bounding_box_x2,out_bounding_box_y2,out_bounding_box_x3,out_bounding_box_y3,out_bounding_box_x4,out_bounding_box_y4
ROOM,740.5048,872.27244,1455.31384,872.27244,1455.31384,1620.27244,740.5048,1620.27244,740.5048,872.27244,1455.31384,872.27244,1455.31384,1620.27244,740.5048,1620.27244
SEATING,-27.7,-28.6,27.7,-28.6,27.7,28.6,-27.7,28.6,1169.5826718057644,1433.710864466674,1169.5826718057638,1378.3108644666738,1226.7826718057638,1378.3108644666734,1226.7826718057645,1433.7108644666735
STORAGE_FURNITURE,-90,-20,90,-20,90,20,-90,20,814.6885375976562,990.5096435546875,994.6885375976562,990.5096435546875,994.6885375976562,1030.5096435546875,814.6885375976562,1030.5096435546875
SOFA,-109.85,-92.25,109.85,-92.25,109.85,92.25,-109.85,92.25,1060.2483154522702,1314.181640598109,840.5483154522701,1314.181640651891,840.5483154071048,1129.681640651891,1060.2483154071049,1129.681640598109
TABLE,-60.15,-24.85,60.15,-24.85,60.15,24.85,-60.15,24.85,839.387109375,1078.171728515625,959.687109375,1078.171728515625,959.687109375,1127.871728515625,839.387109375,1127.871728515625
TABLE,-69.3,-69.3,69.3,-69.3,69.3,69.3,-69.3,69.3,809.94853515625,1401.50126953125,948.54853515625,1401.50126953125,948.54853515625,1540.10126953125,809.94853515625,1540.10126953125
VEGETATION,-22.8,-22.65,22.8,-22.65,22.8,22.65,-22.8,22.65,1455.30380859375,1571.7712890625,1455.30380859375,1617.3712890625,1410.00380859375,1617.3712890625,1410.00380859375,1571.7712890625
SEATING,-27.7,-28.6,27.7,-28.6,27.7,28.6,-27.7,28.6,1323.7826718057638,1378.3108644666727,1323.7826718057643,1433.7108644666728,1266.5826718057644,1433.7108644666732,1266.582671805764,1378.3108644666731
