in_product_family,in_bounding_box_x1,in_bounding_box_y1,in_bounding_box_x2,in_bounding_box_y2,in_bounding_box_x3,in_bounding_box_y3,in_bounding_box_x4,in_bounding_box_y4,out_bounding_box_x1,out_bounding_box_y1,out_bounding_box_x2,out_bounding_box_y2,out_bounding_box_x3,out_bounding_box_y3,out_bounding_box_x4,out_bounding_box_y4
ROOM,6.496,-421.609,401.63968,-421.609,401.63968,2.391,6.496,2.391,6.496,-421.609,401.63968,-421.609,401.63968,2.391,6.496,2.391
TABLE,-40.5,-35.5,40.5,-35.5,40.5,35.5,-40.5,35.5,242.63380621064675,-391.3141620504783,241.69088116885948,-310.31965055515803,170.69569208036887,-311.1461650979592,171.63861712215615,-392.14067659327947
SOFA,-80.75,-51.15,80.75,-51.15,80.75,51.15,-80.75,51.15,408.4594144722268,-308.16616213993893,406.5793812617732,-146.67710531215386,304.2863130668357,-147.86798702998297,306.1663462772893,-309.357043857768
