in_product_family,in_bounding_box_x1,in_bounding_box_y1,in_bounding_box_x2,in_bounding_box_y2,in_bounding_box_x3,in_bounding_box_y3,in_bounding_box_x4,in_bounding_box_y4,out_bounding_box_x1,out_bounding_box_y1,out_bounding_box_x2,out_bounding_box_y2,out_bounding_box_x3,out_bounding_box_y3,out_bounding_box_x4,out_bounding_box_y4
ROOM,-593.84236,-1319.39538,-93.8008,-1319.39538,-93.8008,-306.35257,-593.84236,-306.35257,-593.84236,-1319.39538,-93.8008,-1319.39538,-93.8008,-306.35257,-593.84236,-306.35257
TABLE,-90,-45,90,-45,90,45,-90,45,-434.0684509277344,-852.2796020507812,-254.06845092773438,-852.2796020507812,-254.06845092773438,-762.2796020507812,-434.0684509277344,-762.2796020507812
SEATING,-47,-27.2,47,-27.2,47,27.2,-47,27.2,-419.0871887207031,-910.3889038085938,-325.0871887207031,-910.3889038085938,-325.0871887207031,-855.9889038085937,-419.0871887207031,-855.9889038085937
SEATING,-47,-27.2,47,-27.2,47,27.2,-47,27.2,-370.0609436035156,-910.0229370117188,-276.0609436035156,-910.0229370117188,-276.0609436035156,-855.6229370117187,-370.0609436035156,-855.6229370117187
SEATING,-47,-27.2,47,-27.2,47,27.2,-47,27.2,-278.6413581572908,-703.833751170651,-372.64135815729077,-703.8337537121615,-372.6413566864592,-758.2337537121615,-278.64135668645923,-758.233751170651
SEATING,-47,-27.2,47,-27.2,47,27.2,-47,27.2,-327.6677863799471,-704.1998400378385,-421.667786379947,-704.199842579349,-421.6677849091154,-758.599842579349,-327.6677849091155,-758.5998400378385
SOFA,-146,-76.8,146,-76.8,146,76.8,-146,76.8,-593.8324096679688,-381.69195556640625,-593.8324096679687,-673.6919555664062,-440.2324096679687,-673.6919555664062,-440.2324096679688,-381.69195556640625
STORAGE_FURNITURE,-90,-22.5,90,-22.5,90,22.5,-90,22.5,-93.8107986450195,-582.8160400390625,-93.81079864501956,-402.8160400390625,-138.81079864501956,-402.8160400390625,-138.8107986450195,-582.8160400390625
STORAGE_FURNITURE,-90,-22.45,90,-22.45,90,22.45,-90,22.45,-593.8323242187499,-722.0347290039062,-593.83232421875,-902.0347290039062,-548.9323242187501,-902.0347290039062,-548.93232421875,-722.0347290039062
