in_product_family,in_bounding_box_x1,in_bounding_box_y1,in_bounding_box_x2,in_bounding_box_y2,in_bounding_box_x3,in_bounding_box_y3,in_bounding_box_x4,in_bounding_box_y4,out_bounding_box_x1,out_bounding_box_y1,out_bounding_box_x2,out_bounding_box_y2,out_bounding_box_x3,out_bounding_box_y3,out_bounding_box_x4,out_bounding_box_y4
ROOM,-299.39812,-182.15087,109.7575,-182.15087,109.7575,272.80763,-299.39812,272.80763,-299.39812,-182.15087,109.7575,-182.15087,109.7575,272.80763,-299.39812,272.80763
STORAGE_FURNITURE,-70,-17.5,70,-17.5,70,17.5,-70,17.5,109.74749755859378,100.2198486328125,109.74749755859372,240.2198486328125,74.74749755859372,240.2198486328125,74.74749755859378,100.2198486328125
RADIATOR,-17.05,-5,17.05,-5,17.05,5,-17.05,5,-90.32073211669922,18.085786747932435,-90.32073211669922,-16.014213252067567,-80.32073211669922,-16.014213252067567,-80.32073211669922,18.085786747932435
SOFA,-100,-51,100,-51,100,51,-100,51,-299.3881225585937,251.36428833007812,-299.3881225585938,51.36428833007814,-197.38812255859378,51.36428833007811,-197.38812255859372,251.36428833007812
TABLE,-49.85,-49.85,49.85,-49.85,49.85,49.85,-49.85,49.85,-147.53246459960937,111.98578491210938,-47.832464599609374,111.98578491210938,-47.832464599609374,211.68578491210937,-147.53246459960937,211.68578491210937
