in_product_family,in_bounding_box_x1,in_bounding_box_y1,in_bounding_box_x2,in_bounding_box_y2,in_bounding_box_x3,in_bounding_box_y3,in_bounding_box_x4,in_bounding_box_y4,out_bounding_box_x1,out_bounding_box_y1,out_bounding_box_x2,out_bounding_box_y2,out_bounding_box_x3,out_bounding_box_y3,out_bounding_box_x4,out_bounding_box_y4
ROOM,-465.44307,762.96932,999.03159,762.96932,999.03159,1374.84923,-465.44307,1374.84923,-465.44307,762.96932,999.03159,762.96932,999.03159,1374.84923,-465.44307,1374.84923
SOFA,-164,-107.3,164,-107.3,164,107.3,-164,107.3,605.3339721679687,1296.993896484375,605.3339721679688,968.993896484375,819.9339721679688,968.993896484375,819.9339721679687,1296.993896484375
TABLE,-80,-40,80,-40,80,40,-80,40,-301.98394775390625,1094.610595703125,-461.98394775390625,1094.610595703125,-461.98394775390625,1014.610595703125,-301.98394775390625,1014.610595703125
SEATING,-40.5,-32.65,40.5,-32.65,40.5,32.65,-40.5,32.65,-425.4587097167969,948.2610107421875,-344.4587097167969,948.2610107421875,-344.4587097167969,1013.5610107421875,-425.4587097167969,1013.5610107421875
