in_product_family,in_bounding_box_x1,in_bounding_box_y1,in_bounding_box_x2,in_bounding_box_y2,in_bounding_box_x3,in_bounding_box_y3,in_bounding_box_x4,in_bounding_box_y4,out_bounding_box_x1,out_bounding_box_y1,out_bounding_box_x2,out_bounding_box_y2,out_bounding_box_x3,out_bounding_box_y3,out_bounding_box_x4,out_bounding_box_y4
ROOM,-313.42317,-101.52522,137.58241,-101.52522,137.58241,184.47478,-313.42317,184.47478,-313.42317,-101.52522,137.58241,-101.52522,137.58241,184.47478,-313.42317,184.47478
SOFA,-88.5,-48.5,88.5,-48.5,88.5,48.5,-88.5,48.5,-233.1732635498047,-101.51522064208984,-56.17326354980469,-101.51522064208984,-56.17326354980469,-4.515220642089844,-233.1732635498047,-4.515220642089844
STORAGE_FURNITURE,-80,-18.25,80,-18.25,80,18.25,-80,18.25,-65.49108886718751,184.4647827148438,-225.4910888671875,184.4647827148437,-225.4910888671875,147.9647827148437,-65.49108886718749,147.9647827148438
