in_product_family,in_bounding_box_x1,in_bounding_box_y1,in_bounding_box_x2,in_bounding_box_y2,in_bounding_box_x3,in_bounding_box_y3,in_bounding_box_x4,in_bounding_box_y4,out_bounding_box_x1,out_bounding_box_y1,out_bounding_box_x2,out_bounding_box_y2,out_bounding_box_x3,out_bounding_box_y3,out_bounding_box_x4,out_bounding_box_y4
ROOM,-8820.77962,3458.05314,-7565.63254,3458.05314,-7565.63254,4064.07027,-8820.77962,4064.07027,-8820.77962,3458.05314,-7565.63254,3458.05314,-7565.63254,4064.07027,-8820.77962,4064.07027
TABLE,-129.8,-44.75,129.8,-44.75,129.8,44.75,-129.8,44.75,-8174.01630859375,3853.128173828125,-7914.41630859375,3853.128173828125,-7914.41630859375,3942.628173828125,-8174.01630859375,3942.628173828125
SOFA,-146,-76.8,146,-76.8,146,76.8,-146,76.8,-7707.75458984375,3904.185302734375,-7707.75458984375,3612.185302734375,-7554.15458984375,3612.185302734375,-7554.15458984375,3904.185302734375
