in_product_family,in_bounding_box_x1,in_bounding_box_y1,in_bounding_box_x2,in_bounding_box_y2,in_bounding_box_x3,in_bounding_box_y3,in_bounding_box_x4,in_bounding_box_y4,out_bounding_box_x1,out_bounding_box_y1,out_bounding_box_x2,out_bounding_box_y2,out_bounding_box_x3,out_bounding_box_y3,out_bounding_box_x4,out_bounding_box_y4
ROOM,409.68017,-244.52283,804.6896,-244.52283,804.6896,81.90745,409.68017,81.90745,409.68017,-244.52283,804.6896,-244.52283,804.6896,81.90745,409.68017,81.90745
SEATING,-30.5,-35,30.5,-35,30.5,35,-30.5,35,473.88606392212307,-62.35744555951804,442.81828167242037,-114.85309210363691,503.0591875427207,-150.50464550493507,534.1269697924234,-98.00899896081621
SEATING,-32.25,-21,32.25,-21,32.25,21,-32.25,21,546.6380209369165,-100.47464478895907,508.4391386854101,-152.44670838793064,542.2814126568335,-177.32039915635343,580.4802949083399,-125.34833555738186
SOFA,-64.75,-39.8,64.75,-39.8,64.75,39.8,-64.75,39.8,722.6213423224119,-228.0406106068748,735.8836176155528,-99.22150467126855,656.7021440057131,-91.06955785015647,643.4398687125722,-219.8886637857627
TABLE,-45,-27.5,45,-27.5,45,27.5,-45,27.5,636.768170879139,-198.2599405215463,645.8356452538201,-108.71787829119278,591.1154961130485,-103.17664395110995,582.0480217383674,-192.71870618146346
STORAGE_FURNITURE,-27.5,-15,27.5,-15,27.5,15,-27.5,15,747.1146653148141,-175.71377971812552,741.877254151561,-230.46384386701058,771.7409255054984,-233.32061359242135,776.9783366687515,-178.5705494435363
STORAGE_FURNITURE,-27.5,-15,27.5,-15,27.5,15,-27.5,15,753.293253295963,-120.0488777087471,747.4984768284442,-174.74275822285477,777.331502563412,-177.903545386956,783.1262790309308,-123.20966487284835
