in_product_family,in_bounding_box_x1,in_bounding_box_y1,in_bounding_box_x2,in_bounding_box_y2,in_bounding_box_x3,in_bounding_box_y3,in_bounding_box_x4,in_bounding_box_y4,out_bounding_box_x1,out_bounding_box_y1,out_bounding_box_x2,out_bounding_box_y2,out_bounding_box_x3,out_bounding_box_y3,out_bounding_box_x4,out_bounding_box_y4
ROOM,181.98048,1089.50872,575.68559,1089.50872,575.68559,1589.50872,181.98048,1589.50872,181.98048,1089.50872,575.68559,1089.50872,575.68559,1589.50872,181.98048,1589.50872
SOFA,-123.3,-125,123.3,-125,123.3,125,-123.3,125,169.53387451171872,1555.14765625,169.53387451171878,1308.54765625,419.53387451171875,1308.54765625,419.53387451171875,1555.14765625
LIGHTING,-22.5,-22.5,22.5,-22.5,22.5,22.5,-22.5,22.5,210.5316162109375,1244.3258056640625,210.5316162109375,1199.3258056640625,255.5316162109375,1199.3258056640625,255.5316162109375,1244.3258056640625
STORAGE_FURNITURE,-90,-23.05,90,-23.05,90,23.05,-90,23.05,575.6756103515626,1294.8568115234375,575.6756103515625,1474.8568115234375,529.5756103515624,1474.8568115234375,529.5756103515625,1294.8568115234375
