in_product_family,in_bounding_box_x1,in_bounding_box_y1,in_bounding_box_x2,in_bounding_box_y2,in_bounding_box_x3,in_bounding_box_y3,in_bounding_box_x4,in_bounding_box_y4,out_bounding_box_x1,out_bounding_box_y1,out_bounding_box_x2,out_bounding_box_y2,out_bounding_box_x3,out_bounding_box_y3,out_bounding_box_x4,out_bounding_box_y4
ROOM,-193.60903,-79.53261,148.39095,-79.53261,148.39095,534.46739,-193.60903,534.46739,-193.60903,-79.53261,148.39095,-79.53261,148.39095,534.46739,-193.60903,534.46739
SOFA,-89.95,-47.05,89.95,-47.05,89.95,47.05,-89.95,47.05,-193.6039001464844,-79.52763824462889,-13.703900146484386,-79.52763824462892,-13.703900146484358,14.57236175537107,-193.60390014648436,14.572361755371112
TABLE,-58.85,-25.3,58.85,-25.3,58.85,25.3,-58.85,25.3,-75.8990234375,293.0391052246094,-193.5990234375,293.0391052246094,-193.5990234375,242.43910522460936,-75.8990234375,242.4391052246094
TABLE,-45.05,-25.1,45.05,-25.1,45.05,25.1,-45.05,25.1,-144.56726531982423,58.297003173828124,-54.46726531982422,58.297003173828124,-54.46726531982422,108.49700317382812,-144.56726531982423,108.49700317382812
STORAGE_FURNITURE,-35.15,-20.45,35.15,-20.45,35.15,20.45,-35.15,20.45,148.38094635009767,232.63591918945315,148.38094635009764,302.9359191894531,107.48094635009764,302.9359191894531,107.48094635009767,232.63591918945312
