in_product_family,in_bounding_box_x1,in_bounding_box_y1,in_bounding_box_x2,in_bounding_box_y2,in_bounding_box_x3,in_bounding_box_y3,in_bounding_box_x4,in_bounding_box_y4,out_bounding_box_x1,out_bounding_box_y1,out_bounding_box_x2,out_bounding_box_y2,out_bounding_box_x3,out_bounding_box_y3,out_bounding_box_x4,out_bounding_box_y4
ROOM,10.505,10.66356,410.505,10.66356,410.505,700.01,10.505,700.01,10.505,10.66356,410.505,10.66356,410.505,700.01,10.505,700.01
SOFA,-110.5,-45.5,110.5,-45.5,110.5,45.5,-110.5,45.5,84.49343872070312,279.99493408203125,305.4934387207031,279.99493408203125,305.4934387207031,370.99493408203125,84.49343872070312,370.99493408203125
SOFA,-84.95,-38.2,84.95,-38.2,84.95,38.2,-84.95,38.2,321.53853149414067,418.44492797851564,321.5385314941406,588.3449279785157,245.13853149414058,588.3449279785157,245.13853149414066,418.4449279785156
