in_product_family,in_bounding_box_x1,in_bounding_box_y1,in_bounding_box_x2,in_bounding_box_y2,in_bounding_box_x3,in_bounding_box_y3,in_bounding_box_x4,in_bounding_box_y4,out_bounding_box_x1,out_bounding_box_y1,out_bounding_box_x2,out_bounding_box_y2,out_bounding_box_x3,out_bounding_box_y3,out_bounding_box_x4,out_bounding_box_y4
ROOM,-201.78553,-286.20942,584.17719,-286.20942,584.17719,591.39436,-201.78553,591.39436,-201.78553,-286.20942,584.17719,-286.20942,584.17719,591.39436,-201.78553,591.39436
TABLE,-94.7,-49.9,94.7,-49.9,94.7,49.9,-94.7,49.9,151.07056274414066,-218.1376525878906,151.0705627441406,-28.737652587890608,51.27056274414059,-28.737652587890636,51.27056274414066,-218.13765258789064
SEATING,-22.7,-29.05,22.7,-29.05,22.7,29.05,-22.7,29.05,-6.839436340332039,-62.664578247070324,-6.839436340332025,-108.06457824707032,51.26056365966798,-108.0645782470703,51.260563659667966,-62.66457824707031
SEATING,-22.7,-29.05,22.7,-29.05,22.7,29.05,-22.7,29.05,-6.839436340332039,-147.22939758300782,-6.839436340332025,-192.62939758300783,51.26056365966798,-192.6293975830078,51.260563659667966,-147.2293975830078
SEATING,-22.7,-29.05,22.7,-29.05,22.7,29.05,-22.7,29.05,209.18056940139547,-102.03777625653088,209.18056951462017,-56.637776256530884,151.08056951462015,-56.63777611163319,151.08056940139545,-102.03777611163318
SEATING,-22.7,-29.05,22.7,-29.05,22.7,29.05,-22.7,29.05,209.18056945800782,-189.21133728027343,209.1805694580078,-143.81133728027342,151.0805694580078,-143.81133728027345,151.08056945800783,-189.21133728027345
SOFA,-163.65,-78.8,163.65,-78.8,163.65,78.8,-163.65,78.8,38.201350402832176,526.9614624023438,38.20135040283189,199.6614624023438,195.80135040283187,199.6614624023437,195.80135040283216,526.9614624023437
TABLE,-49.85,-49.85,49.85,-49.85,49.85,49.85,-49.85,49.85,220.01135864257813,303.16025390625,319.71135864257815,303.16025390625,319.71135864257815,402.86025390625,220.01135864257813,402.86025390625
