in_product_family,in_bounding_box_x1,in_bounding_box_y1,in_bounding_box_x2,in_bounding_box_y2,in_bounding_box_x3,in_bounding_box_y3,in_bounding_box_x4,in_bounding_box_y4,out_bounding_box_x1,out_bounding_box_y1,out_bounding_box_x2,out_bounding_box_y2,out_bounding_box_x3,out_bounding_box_y3,out_bounding_box_x4,out_bounding_box_y4
ROOM,-151.41641,-239,130,-239,130,239,-151.41641,239,-151.41641,-239,130,-239,130,239,-151.41641,239
TABLE,-60,-60,60,-60,60,60,-60,60,-49.307311058044434,59.42620849609375,70.69268894195557,59.42620849609375,70.69268894195557,179.42620849609375,-49.307311058044434,179.42620849609375
STORAGE_FURNITURE,-58.5,-25,58.5,-25,58.5,25,-58.5,25,-147.90988922119138,-31.202392578124993,-147.90988922119143,-148.202392578125,-97.90988922119143,-148.202392578125,-97.90988922119138,-31.202392578125007
SOFA,-121.65,-78.15,121.65,-78.15,121.65,78.15,-121.65,78.15,129.98112716674808,-238.9899963378906,129.98112716674802,4.310003662109409,-26.318872833252,4.310003662109352,-26.318872833251916,-238.98999633789066
