in_product_family,in_bounding_box_x1,in_bounding_box_y1,in_bounding_box_x2,in_bounding_box_y2,in_bounding_box_x3,in_bounding_box_y3,in_bounding_box_x4,in_bounding_box_y4,out_bounding_box_x1,out_bounding_box_y1,out_bounding_box_x2,out_bounding_box_y2,out_bounding_box_x3,out_bounding_box_y3,out_bounding_box_x4,out_bounding_box_y4
ROOM,-402.35216,-345.70106,144.69721,-345.70106,144.69721,343.95116,-402.35216,343.95116,-402.35216,-345.70106,144.69721,-345.70106,144.69721,343.95116,-402.35216,343.95116
VEGETATION,-42.35,-39.1,42.35,-39.1,42.35,39.1,-42.35,39.1,-323.66998901367185,-335.55797729492184,-323.6699890136719,-250.85797729492185,-401.8699890136719,-250.85797729492188,-401.86998901367184,-335.5579772949219
TABLE,-50,-30,50,-30,50,30,-50,30,-151.53628540039062,343.951171875,-251.53628540039062,343.951171875,-251.53628540039062,283.951171875,-151.53628540039062,283.951171875
SEATING,-55.65,-44.1,55.65,-44.1,55.65,44.1,-55.65,44.1,-402.34215698242184,264.4011444091797,-402.3421569824219,153.1011444091797,-314.1421569824219,153.10114440917968,-314.14215698242185,264.40114440917966
STORAGE_FURNITURE,-40,-12.2,40,-12.2,40,12.2,-40,12.2,-173.11848144531248,-194.07540893554688,-173.1184814453125,-114.07540893554688,-197.51848144531252,-114.07540893554688,-197.5184814453125,-194.07540893554688
