in_product_family,in_bounding_box_x1,in_bounding_box_y1,in_bounding_box_x2,in_bounding_box_y2,in_bounding_box_x3,in_bounding_box_y3,in_bounding_box_x4,in_bounding_box_y4,out_bounding_box_x1,out_bounding_box_y1,out_bounding_box_x2,out_bounding_box_y2,out_bounding_box_x3,out_bounding_box_y3,out_bounding_box_x4,out_bounding_box_y4
ROOM,-500.88894,-400,69.11116,-400,69.11116,449.22167,-500.88894,449.22167,-500.88894,-400,69.11116,-400,69.11116,449.22167,-500.88894,449.22167
TABLE,-90,-42,90,-42,90,42,-90,42,-293.8888244628906,-57.51112747192383,-113.88882446289062,-57.51112747192383,-113.88882446289062,26.488872528076172,-293.8888244628906,26.488872528076172
STORAGE_FURNITURE,-80,-20,80,-20,80,20,-80,20,-499.989990234375,441.0054931640625,-499.989990234375,281.0054931640625,-459.989990234375,281.0054931640625,-459.989990234375,441.0054931640625
SOFA,-146,-76.8,146,-76.8,146,76.8,-146,76.8,-19.674967956543014,159.4007873535156,-19.67496795654293,451.4007873535156,-173.27496795654292,451.4007873535156,-173.274967956543,159.40078735351565
