in_product_family,in_bounding_box_x1,in_bounding_box_y1,in_bounding_box_x2,in_bounding_box_y2,in_bounding_box_x3,in_bounding_box_y3,in_bounding_box_x4,in_bounding_box_y4,out_bounding_box_x1,out_bounding_box_y1,out_bounding_box_x2,out_bounding_box_y2,out_bounding_box_x3,out_bounding_box_y3,out_bounding_box_x4,out_bounding_box_y4
ROOM,-519.16078,-577.745,20.83922,-577.745,20.83922,-328.64445,-519.16078,-328.64445,-519.16078,-577.745,20.83922,-577.745,20.83922,-328.64445,-519.16078,-328.64445
VEGETATION,-42.45,-43,42.45,-43,42.45,43,-42.45,43,-256.8029296875,-328.6544494628906,-341.7029296875,-328.6544494628906,-341.7029296875,-414.6544494628906,-256.8029296875,-414.6544494628906
LIGHTING,-6.05,-6.05,6.05,-6.05,6.05,6.05,-6.05,6.05,-411.54920654296876,-502.5262878417969,-399.44920654296874,-502.5262878417969,-399.44920654296874,-490.42628784179686,-411.54920654296876,-490.42628784179686
LIGHTING,-6.05,-6.05,6.05,-6.05,6.05,6.05,-6.05,6.05,-410.46189575195314,-416.0862243652344,-398.3618957519531,-416.0862243652344,-398.3618957519531,-403.98622436523436,-410.46189575195314,-403.98622436523436
LIGHTING,-6.05,-6.05,6.05,-6.05,6.05,6.05,-6.05,6.05,-100.92045288085937,-502.5262878417969,-88.82045288085938,-502.5262878417969,-88.82045288085938,-490.42628784179686,-100.92045288085937,-490.42628784179686
LIGHTING,-6.05,-6.05,6.05,-6.05,6.05,6.05,-6.05,6.05,-101.46997528076172,-415.244580078125,-89.36997528076172,-415.244580078125,-89.36997528076172,-403.144580078125,-101.46997528076172,-403.144580078125
LIGHTING,-6.05,-6.05,6.05,-6.05,6.05,6.05,-6.05,6.05,-256.34368591308595,-419.03944091796876,-244.24368591308593,-419.03944091796876,-244.24368591308593,-406.93944091796874,-256.34368591308595,-406.93944091796874
LIGHTING,-6.05,-6.05,6.05,-6.05,6.05,6.05,-6.05,6.05,-255.62826232910157,-503.79124145507814,-243.52826232910155,-503.79124145507814,-243.52826232910155,-491.6912414550781,-255.62826232910157,-491.6912414550781
