in_product_family,in_bounding_box_x1,in_bounding_box_y1,in_bounding_box_x2,in_bounding_box_y2,in_bounding_box_x3,in_bounding_box_y3,in_bounding_box_x4,in_bounding_box_y4,out_bounding_box_x1,out_bounding_box_y1,out_bounding_box_x2,out_bounding_box_y2,out_bounding_box_x3,out_bounding_box_y3,out_bounding_box_x4,out_bounding_box_y4
ROOM,-716.7088,-183,486.8465,-183,486.8465,244.95206,-716.7088,244.95206,-716.7088,-183,486.8465,-183,486.8465,244.95206,-716.7088,244.95206
SOFA,-164,-107.3,164,-107.3,164,107.3,-164,107.3,485.75958251953125,70.06824188232423,157.75958251953125,70.0682418823242,157.75958251953125,-144.5317581176758,485.75958251953125,-144.53175811767576
SEATING,-37.95,-42.7,37.95,-42.7,37.95,42.7,-37.95,42.7,79.84436824213955,71.8631592848059,30.021269604781466,14.60524417979978,94.4458539258292,-41.453947172379145,144.26895256318727,15.803967932626978
SEATING,-37.95,-42.7,37.95,-42.7,37.95,42.7,-37.95,42.7,19.835894431096328,-100.00473907594869,54.6696424611227,-167.43929993446275,130.5446292505443,-128.24559661741068,95.71088122051793,-60.81103575889663
DECORATION,-145,-100,145,-100,145,100,-145,100,111.68667602539062,-181.5210189819336,401.6866760253906,-181.5210189819336,401.6866760253906,18.478981018066406,111.68667602539062,18.478981018066406
STORAGE_FURNITURE,-78.1,-20.1,78.1,-20.1,78.1,20.1,-78.1,20.1,397.7727294921875,-142.73253479003904,241.5727294921875,-142.73253479003907,241.5727294921875,-182.93253479003909,397.7727294921875,-182.93253479003906
TABLE,-89.95,-45,89.95,-45,89.95,45,-89.95,45,-307.01642150878905,-27.45298194885254,-127.11642150878906,-27.45298194885254,-127.11642150878906,62.54701805114746,-307.01642150878905,62.54701805114746
