in_product_family,in_bounding_box_x1,in_bounding_box_y1,in_bounding_box_x2,in_bounding_box_y2,in_bounding_box_x3,in_bounding_box_y3,in_bounding_box_x4,in_bounding_box_y4,out_bounding_box_x1,out_bounding_box_y1,out_bounding_box_x2,out_bounding_box_y2,out_bounding_box_x3,out_bounding_box_y3,out_bounding_box_x4,out_bounding_box_y4
ROOM,-330.94471,288.13693,169.19851,288.13693,169.19851,594.09043,-330.94471,594.09043,-330.94471,288.13693,169.19851,288.13693,169.19851,594.09043,-330.94471,594.09043
STORAGE_FURNITURE,-60.25,-22.8,60.25,-22.8,60.25,22.8,-60.25,22.8,-74.36889953613279,463.262451171875,-74.36889953613283,583.762451171875,-119.96889953613284,583.762451171875,-119.9688995361328,463.262451171875
SOFA,-105,-45,105,-45,105,45,-105,45,-330.93472290039057,589.4005126953125,-330.9347229003907,379.4005126953125,-240.93472290039068,379.4005126953125,-240.93472290039057,589.4005126953125
