in_product_family,in_bounding_box_x1,in_bounding_box_y1,in_bounding_box_x2,in_bounding_box_y2,in_bounding_box_x3,in_bounding_box_y3,in_bounding_box_x4,in_bounding_box_y4,out_bounding_box_x1,out_bounding_box_y1,out_bounding_box_x2,out_bounding_box_y2,out_bounding_box_x3,out_bounding_box_y3,out_bounding_box_x4,out_bounding_box_y4
ROOM,-397.64966,4211.15703,514.5128,4211.15703,514.5128,4823,-397.64966,4823,-397.64966,4211.15703,514.5128,4211.15703,514.5128,4823,-397.64966,4823
SOFA,-130.3,-83.7,130.3,-83.7,130.3,83.7,-130.3,83.7,5.1847488403319915,4428.04765625,5.184748840332077,4688.64765625,-162.21525115966793,4688.64765625,-162.21525115966801,4428.04765625
TABLE,-90,-45,90,-45,90,45,-90,45,392.0854187011719,4517.41064453125,392.0854187011719,4697.41064453125,302.0854187011719,4697.41064453125,302.0854187011719,4517.41064453125
SEATING,-47.35,-22.75,47.35,-22.75,47.35,22.75,-47.35,22.75,245.5107997667136,4629.049705370791,245.510806678599,4534.3497053707915,291.0108066785989,4534.349708691709,291.0107997667135,4629.0497086917085
SEATING,-47.35,-22.75,47.35,-22.75,47.35,22.75,-47.35,22.75,244.99453389757298,4679.763572558291,244.99454080945839,4585.0635725582915,290.4945408094583,4585.063575879209,290.49453389757286,4679.7635758792085
SEATING,-34,-33.5,34,-33.5,34,33.5,-34,33.5,-175.6941269297921,4771.228357946826,-239.8121474545485,4748.58151613639,-217.49834743544227,4685.406407678174,-153.38032691068588,4708.05324948861
