in_product_family,in_bounding_box_x1,in_bounding_box_y1,in_bounding_box_x2,in_bounding_box_y2,in_bounding_box_x3,in_bounding_box_y3,in_bounding_box_x4,in_bounding_box_y4,out_bounding_box_x1,out_bounding_box_y1,out_bounding_box_x2,out_bounding_box_y2,out_bounding_box_x3,out_bounding_box_y3,out_bounding_box_x4,out_bounding_box_y4
ROOM,-478.97427,-628.93278,801.87708,-628.93278,801.87708,154.48858,-478.97427,154.48858,-478.97427,-628.93278,801.87708,-628.93278,801.87708,154.48858,-478.97427,154.48858
SOFA,-91,-45,91,-45,91,45,-91,45,-161.71199035644534,-42.86602020263673,-161.71199035644528,139.13397979736328,-251.71199035644528,139.13397979736328,-251.71199035644534,-42.866020202636705
STORAGE_FURNITURE,-67.6,-21.5,67.6,-21.5,67.6,21.5,-67.6,21.5,-478.9642639160156,102.26080093383788,-478.9642639160156,-32.939199066162104,-435.9642639160156,-32.939199066162104,-435.9642639160156,102.26080093383788
TABLE,-75,-75,75,-75,75,75,-75,75,-113.24148559570312,-367.3724670410156,36.758514404296875,-367.3724670410156,36.758514404296875,-217.37246704101562,-113.24148559570312,-217.37246704101562
SOFA,-91,-45,91,-45,91,45,-91,45,-427.5589392246628,-156.01157318351113,-245.55893922466282,-156.01157318351113,-245.55893922466282,-66.01157318351113,-427.5589392246628,-66.01157318351113
TABLE,-59.7,-26.55,59.7,-26.55,59.7,26.55,-59.7,26.55,-363.18845825195314,93.20210189819335,-363.1884582519531,-26.19789810180665,-310.0884582519531,-26.197898101806636,-310.08845825195317,93.20210189819338
