in_product_family,in_bounding_box_x1,in_bounding_box_y1,in_bounding_box_x2,in_bounding_box_y2,in_bounding_box_x3,in_bounding_box_y3,in_bounding_box_x4,in_bounding_box_y4,out_bounding_box_x1,out_bounding_box_y1,out_bounding_box_x2,out_bounding_box_y2,out_bounding_box_x3,out_bounding_box_y3,out_bounding_box_x4,out_bounding_box_y4
ROOM,-694.16238,43.3719,-81.8743,43.3719,-81.8743,484.321,-694.16238,484.321,-694.16238,43.3719,-81.8743,43.3719,-81.8743,484.321,-694.16238,484.321
SOFA,-130.3,-83.7,130.3,-83.7,130.3,83.7,-130.3,83.7,-81.87431030273432,43.38190002441408,-81.87431030273443,303.98190002441413,-249.27431030273442,303.981900024414,-249.2743103027343,43.38190002441402
TABLE,-50,-30,50,-30,50,30,-50,30,-264.42510986328125,171.49852752685547,-264.42510986328125,71.49852752685547,-204.42510986328125,71.49852752685547,-204.42510986328125,171.49852752685547
STORAGE_FURNITURE,-74.5,-27.5,74.5,-27.5,74.5,27.5,-74.5,27.5,-496.0733947753906,192.38190460205078,-496.0733947753906,43.381904602050795,-441.0733947753906,43.38190460205077,-441.0733947753906,192.38190460205078
