in_product_family,in_bounding_box_x1,in_bounding_box_y1,in_bounding_box_x2,in_bounding_box_y2,in_bounding_box_x3,in_bounding_box_y3,in_bounding_box_x4,in_bounding_box_y4,out_bounding_box_x1,out_bounding_box_y1,out_bounding_box_x2,out_bounding_box_y2,out_bounding_box_x3,out_bounding_box_y3,out_bounding_box_x4,out_bounding_box_y4
ROOM,-348.69989,-163.57,601.30014,-163.57,601.30014,444.89123,-348.69989,444.89123,-348.69989,-163.57,601.30014,-163.57,601.30014,444.89123,-348.69989,444.89123
SOFA,-121.25,-79.45,121.25,-79.45,121.25,79.45,-121.25,79.45,-45.18999786376956,359.2869873046875,-45.189997863769506,116.78698730468747,113.7100021362305,116.78698730468753,113.71000213623044,359.2869873046875
TABLE,-62.5,-37.5,62.5,-37.5,62.5,37.5,-62.5,37.5,338.13763427734375,206.03387451171875,338.13763427734375,331.03387451171875,263.13763427734375,331.03387451171875,263.13763427734375,206.03387451171875
TABLE,-29.75,-29.9,29.75,-29.9,29.75,29.9,-29.75,29.9,113.72000122070312,277.2264343261719,173.22000122070312,277.2264343261719,173.22000122070312,337.02643432617185,113.72000122070312,337.02643432617185
SEATING,-22.75,-26.05,22.75,-26.05,22.75,26.05,-22.75,26.05,231.2001220703125,268.87501525878906,231.20012207031252,223.37501525878906,283.3001220703125,223.37501525878906,283.3001220703125,268.87501525878906
SEATING,-22.75,-26.05,22.75,-26.05,22.75,26.05,-22.75,26.05,231.20012741210945,324.61474609375,231.20012741210948,279.11474609375,283.3001274121095,279.11474609375,283.3001274121095,324.61474609375
SEATING,-22.75,-26.05,22.75,-26.05,22.75,26.05,-22.75,26.05,371.90000080850007,260.1629638671875,371.90000080850007,305.6629638671875,319.80000080850004,305.6629638671875,319.80000080850004,260.1629638671875
SEATING,-22.75,-26.05,22.75,-26.05,22.75,26.05,-22.75,26.05,326.94879150390625,353.16745000000003,281.44879150390625,353.16745000000003,281.44879150390625,301.06745,326.94879150390625,301.06745
STORAGE_FURNITURE,-31.25,-18.9,31.25,-18.9,31.25,18.9,-31.25,18.9,-45.18999900817872,-16.28850936889649,-45.1899990081787,-78.78850936889648,-7.389999008178705,-78.78850936889648,-7.3899990081787195,-16.288509368896477
