in_product_family,in_bounding_box_x1,in_bounding_box_y1,in_bounding_box_x2,in_bounding_box_y2,in_bounding_box_x3,in_bounding_box_y3,in_bounding_box_x4,in_bounding_box_y4,out_bounding_box_x1,out_bounding_box_y1,out_bounding_box_x2,out_bounding_box_y2,out_bounding_box_x3,out_bounding_box_y3,out_bounding_box_x4,out_bounding_box_y4
ROOM,-12.56783,768.07796,587.43216,768.07796,587.43216,1424.46702,-12.56783,1424.46702,-12.56783,768.07796,587.43216,768.07796,587.43216,1424.46702,-12.56783,1424.46702
SOFA,-71.8,-29,71.8,-29,71.8,29,-71.8,29,330.3245544433594,1277.34833984375,330.3245544433594,1133.74833984375,388.3245544433594,1133.74833984375,388.3245544433594,1277.34833984375
SEATING,-20.55,-25,20.55,-25,20.55,25,-20.55,25,548.677490234375,915.5543090820313,548.677490234375,956.6543090820312,498.677490234375,956.6543090820312,498.677490234375,915.5543090820313
SEATING,-20.55,-25,20.55,-25,20.55,25,-20.55,25,458.39229452241216,824.357335872341,496.66032054327036,839.3496066965663,478.42154825102534,885.904382877659,440.15352223016714,870.9121120534337
SEATING,-20.55,-25,20.55,-25,20.55,25,-20.55,25,508.3508351482496,1032.8985890117242,471.3431494523077,1050.777101238148,449.5931345783129,1005.7555857929633,486.6008202742548,987.8770735665395
SEATING,-20.55,-25,20.55,-25,20.55,25,-20.55,25,327.11960782430447,879.7389723873127,353.4828108182816,848.2081695447216,391.84145174600803,880.2801926517498,365.4782487520309,911.8109954943409
TABLE,-45,-44.75,45,-44.75,45,44.75,-45,44.75,457.3462219238281,1156.7078857421875,547.3462219238281,1156.7078857421875,547.3462219238281,1246.2078857421875,457.3462219238281,1246.2078857421875
TABLE,-60,-60,60,-60,60,60,-60,60,498.6675109863281,876.8072509765625,498.6675109863281,996.8072509765625,378.6675109863281,996.8072509765625,378.6675109863281,876.8072509765625
SEATING,-20.55,-25,20.55,-25,20.55,25,-20.55,25,347.65817322280867,1023.38544719362,325.475641336089,988.7856599241198,367.5678399607851,961.79961140013,389.75037184750477,996.3993986696302
