in_product_family,in_bounding_box_x1,in_bounding_box_y1,in_bounding_box_x2,in_bounding_box_y2,in_bounding_box_x3,in_bounding_box_y3,in_bounding_box_x4,in_bounding_box_y4,out_bounding_box_x1,out_bounding_box_y1,out_bounding_box_x2,out_bounding_box_y2,out_bounding_box_x3,out_bounding_box_y3,out_bounding_box_x4,out_bounding_box_y4
ROOM,-149.85889,-154.67409,775.16744,-154.67409,775.16744,462.10458,-149.85889,462.10458,-149.85889,-154.67409,775.16744,-154.67409,775.16744,462.10458,-149.85889,462.10458
SOFA,-123.3,-125,123.3,-125,123.3,125,-123.3,125,313.3790588378906,373.92394714355464,313.3790588378906,127.32394714355466,563.3790588378906,127.32394714355472,563.3790588378906,373.9239471435547
SEATING,-25,-23,25,-23,25,23,-25,23,157.85813903808594,-5.684364318847663,157.85813903808594,44.31563568115234,111.85813903808594,44.31563568115235,111.85813903808594,-5.684364318847649
SEATING,-25,-23,25,-23,25,23,-25,23,159.11593936647756,80.13622236537236,156.53921460261802,130.0697831185503,110.6003387096943,127.69919633579951,113.17706347355386,77.76563558262157
TABLE,-105,-37.5,105,-37.5,105,37.5,-105,37.5,-11.035232543945312,269.83282470703125,198.9647674560547,269.83282470703125,198.9647674560547,344.83282470703125,-11.035232543945312,344.83282470703125
