in_product_family,in_bounding_box_x1,in_bounding_box_y1,in_bounding_box_x2,in_bounding_box_y2,in_bounding_box_x3,in_bounding_box_y3,in_bounding_box_x4,in_bounding_box_y4,out_bounding_box_x1,out_bounding_box_y1,out_bounding_box_x2,out_bounding_box_y2,out_bounding_box_x3,out_bounding_box_y3,out_bounding_box_x4,out_bounding_box_y4
ROOM,1427.005,-616,1867.005,-616,1867.005,116.64298,1427.005,116.64298,1427.005,-616,1867.005,-616,1867.005,116.64298,1427.005,116.64298
SOFA,-93.25,-49.55,93.25,-49.55,93.25,49.55,-93.25,49.55,1505.280322265625,-220.0662841796875,1505.280322265625,-406.5662841796875,1604.380322265625,-406.5662841796875,1604.380322265625,-220.0662841796875
STORAGE_FURNITURE,-57,-21,57,-21,57,21,-57,21,1427.0150146484375,-493.2982177734375,1427.0150146484375,-607.2982177734375,1469.0150146484375,-607.2982177734375,1469.0150146484375,-493.2982177734375
STORAGE_FURNITURE,-40,-12.9,40,-12.9,40,12.9,-40,12.9,1427.0150390625,-184.6519012451172,1427.0150390625,-264.6519012451172,1452.8150390625,-264.6519012451172,1452.8150390625,-184.6519012451172
