in_product_family,in_bounding_box_x1,in_bounding_box_y1,in_bounding_box_x2,in_bounding_box_y2,in_bounding_box_x3,in_bounding_box_y3,in_bounding_box_x4,in_bounding_box_y4,out_bounding_box_x1,out_bounding_box_y1,out_bounding_box_x2,out_bounding_box_y2,out_bounding_box_x3,out_bounding_box_y3,out_bounding_box_x4,out_bounding_box_y4
ROOM,41.24145,-659.11496,942.62741,-659.11496,942.62741,187.56593,41.24145,187.56593,41.24145,-659.11496,942.62741,-659.11496,942.62741,187.56593,41.24145,187.56593
SOFA,-123.3,-125,123.3,-125,123.3,125,-123.3,125,341.3739807128906,-221.14986419677734,587.9739807128906,-221.14986419677734,587.9739807128906,28.850135803222656,341.3739807128906,28.850135803222656
SEATING,-27.7,-28.6,27.7,-28.6,27.7,28.6,-27.7,28.6,883.463903964594,-89.8950773535796,883.4639036525934,-145.2950773535796,940.6639036525935,-145.2950776757173,940.663903964594,-89.89507767571729
