in_product_family,in_bounding_box_x1,in_bounding_box_y1,in_bounding_box_x2,in_bounding_box_y2,in_bounding_box_x3,in_bounding_box_y3,in_bounding_box_x4,in_bounding_box_y4,out_bounding_box_x1,out_bounding_box_y1,out_bounding_box_x2,out_bounding_box_y2,out_bounding_box_x3,out_bounding_box_y3,out_bounding_box_x4,out_bounding_box_y4
ROOM,-1125.07153,-644.74667,-657.65326,-644.74667,-657.65326,198.512,-1125.07153,198.512,-1125.07153,-644.74667,-657.65326,-644.74667,-657.65326,198.512,-1125.07153,198.512
LIGHTING,-27.65,-30.85,27.65,-30.85,27.65,30.85,-27.65,30.85,-930.4227661132812,-13.428956604003908,-875.1227661132813,-13.428956604003908,-875.1227661132813,48.271043395996095,-930.4227661132812,48.271043395996095
LIGHTING,-27.65,-30.85,27.65,-30.85,27.65,30.85,-27.65,30.85,-927.029638671875,-403.4523864746094,-871.729638671875,-403.4523864746094,-871.729638671875,-341.75238647460935,-927.029638671875,-341.75238647460935
