in_product_family,in_bounding_box_x1,in_bounding_box_y1,in_bounding_box_x2,in_bounding_box_y2,in_bounding_box_x3,in_bounding_box_y3,in_bounding_box_x4,in_bounding_box_y4,out_bounding_box_x1,out_bounding_box_y1,out_bounding_box_x2,out_bounding_box_y2,out_bounding_box_x3,out_bounding_box_y3,out_bounding_box_x4,out_bounding_box_y4
ROOM,-550.46015,-1168.4738,-210.71804,-1168.4738,-210.71804,-764.98886,-550.46015,-764.98886,-550.46015,-1168.4738,-210.71804,-1168.4738,-210.71804,-764.98886,-550.46015,-764.98886
SOFA,-80.75,-51.15,80.75,-51.15,80.75,51.15,-80.75,51.15,-203.7640239419252,-992.1690006311791,-204.87458253937066,-830.672819067646,-307.17216380221544,-831.3762874547584,-306.06160520477,-992.8724690182916
STORAGE_FURNITURE,-58.5,-25,58.5,-25,58.5,25,-58.5,25,-548.2798621705871,-870.9284449523985,-549.194683610988,-987.9248684094093,-499.1962120481629,-988.315817742914,-498.281390607762,-871.3193942859032
