in_product_family,in_bounding_box_x1,in_bounding_box_y1,in_bounding_box_x2,in_bounding_box_y2,in_bounding_box_x3,in_bounding_box_y3,in_bounding_box_x4,in_bounding_box_y4,out_bounding_box_x1,out_bounding_box_y1,out_bounding_box_x2,out_bounding_box_y2,out_bounding_box_x3,out_bounding_box_y3,out_bounding_box_x4,out_bounding_box_y4
ROOM,-688.84614,-256.06791,122.42014,-256.06791,122.42014,116.26329,-688.84614,116.26329,-688.84614,-256.06791,122.42014,-256.06791,122.42014,116.26329,-688.84614,116.26329
SOFA,-130.3,-83.7,130.3,-83.7,130.3,83.7,-130.3,83.7,-371.63786010742194,-144.3566501617432,-371.63786010742183,116.24334983825682,-539.0378601074218,116.24334983825688,-539.0378601074219,-144.35665016174315
SEATING,-30.2,-28.85,30.2,-28.85,30.2,28.85,-30.2,28.85,-166.6411834460231,-107.13703857302171,-130.22587027013418,-58.94902173997565,-176.25978701296128,-24.161545411353288,-212.6751001888502,-72.34956224439935
SEATING,-30.2,-28.85,30.2,-28.85,30.2,28.85,-30.2,28.85,-351.55694820314676,-71.56615961273587,-308.669993380576,-114.0969614632392,-268.040402871072,-73.12713872710788,-310.92735769364276,-30.596336876604553
STORAGE_FURNITURE,-90,-20.6,90,-20.6,90,20.6,-90,20.6,-656.0858847443196,67.46300982111222,-656.0827431790929,-112.53699015147268,-614.8827431853679,-112.53627108209855,-614.8858847505946,67.46372889048635
SOFA,-95,-49.5,95,-49.5,95,49.5,-95,49.5,-145.53304473857872,116.24926242536125,-335.5330447096401,116.24594629979455,-335.5313168336869,17.245946314873123,-145.53131686262554,17.24926244043982
