in_product_family,in_bounding_box_x1,in_bounding_box_y1,in_bounding_box_x2,in_bounding_box_y2,in_bounding_box_x3,in_bounding_box_y3,in_bounding_box_x4,in_bounding_box_y4,out_bounding_box_x1,out_bounding_box_y1,out_bounding_box_x2,out_bounding_box_y2,out_bounding_box_x3,out_bounding_box_y3,out_bounding_box_x4,out_bounding_box_y4
ROOM,-2173.70302,-868.00851,-1853.70302,-868.00851,-1853.70302,11.99149,-2173.70302,11.99149,-2173.70302,-868.00851,-1853.70302,-868.00851,-1853.70302,11.99149,-2173.70302,11.99149
SEATING,-47.75,-34.5,47.75,-34.5,47.75,34.5,-47.75,34.5,-2178.4833984375,-576.6294555664062,-2178.4833984375,-672.1294555664062,-2109.4833984375,-672.1294555664062,-2109.4833984375,-576.6294555664062
SOFA,-110.3,-34.5,110.3,-34.5,110.3,34.5,-110.3,34.5,-1853.7130126953125,-794.5388305664062,-1853.7130126953125,-573.9388305664063,-1922.7130126953125,-573.9388305664063,-1922.7130126953125,-794.5388305664062
SEATING,-47.75,-34.5,47.75,-34.5,47.75,34.5,-47.75,34.5,-2057.7769775390625,-867.9984741210938,-1962.2769775390625,-867.9984741210938,-1962.2769775390625,-798.9984741210938,-2057.7769775390625,-798.9984741210938
SEATING,-47.75,-34.5,47.75,-34.5,47.75,34.5,-47.75,34.5,-2178.4833984375,-699.1435546875,-2178.4833984375,-794.6435546875,-2109.4833984375,-794.6435546875,-2109.4833984375,-699.1435546875
SEATING,-47.75,-34.5,47.75,-34.5,47.75,34.5,-47.75,34.5,-1963.6182861328125,-490.14056396484375,-2059.1182861328125,-490.14056396484375,-2059.1182861328125,-559.1405639648438,-1963.6182861328125,-559.1405639648438
TABLE,-80,-45,80,-45,80,45,-80,45,-2053.191162109375,-598.5225830078125,-2053.191162109375,-758.5225830078125,-1963.191162109375,-758.5225830078125,-1963.191162109375,-598.5225830078125
