in_product_family,in_bounding_box_x1,in_bounding_box_y1,in_bounding_box_x2,in_bounding_box_y2,in_bounding_box_x3,in_bounding_box_y3,in_bounding_box_x4,in_bounding_box_y4,out_bounding_box_x1,out_bounding_box_y1,out_bounding_box_x2,out_bounding_box_y2,out_bounding_box_x3,out_bounding_box_y3,out_bounding_box_x4,out_bounding_box_y4
ROOM,-286,-299.00765,1061.55939,-299.00765,1061.55939,581.41078,-286,581.41078,-286,-299.00765,1061.55939,-299.00765,1061.55939,581.41078,-286,581.41078
SOFA,-113.3,-49.55,113.3,-49.55,113.3,49.55,-113.3,49.55,920.8746459960937,407.90632324218745,694.2746459960938,407.9063232421875,694.2746459960938,308.80632324218755,920.8746459960937,308.8063232421875
SOFA,-123.3,-125,123.3,-125,123.3,125,-123.3,125,705.7264404296875,207.01545410156254,705.7264404296875,-39.584545898437455,955.7264404296875,-39.58454589843754,955.7264404296875,207.01545410156245
