in_product_family,in_bounding_box_x1,in_bounding_box_y1,in_bounding_box_x2,in_bounding_box_y2,in_bounding_box_x3,in_bounding_box_y3,in_bounding_box_x4,in_bounding_box_y4,out_bounding_box_x1,out_bounding_box_y1,out_bounding_box_x2,out_bounding_box_y2,out_bounding_box_x3,out_bounding_box_y3,out_bounding_box_x4,out_bounding_box_y4
ROOM,-234.77163,-244.87202,303.41921,-244.87202,303.41921,293.90311,-234.77163,293.90311,-234.77163,-244.87202,303.41921,-244.87202,303.41921,293.90311,-234.77163,293.90311
STORAGE_FURNITURE,-86,-22.35,86,-22.35,86,22.35,-86,22.35,-1.0730486410646307,-68.80064866309232,-1.1150710575677252,-240.80064352971002,43.58492760834979,-240.8115644716733,43.62695002485288,-68.81156960505561
SOFA,-121.65,-78.15,121.65,-78.15,121.65,78.15,-121.65,78.15,303.4092010498047,-244.86201324462888,303.40920104980466,-1.5620132446288721,147.10920104980465,-1.562013244628929,147.1092010498047,-244.86201324462894
