in_product_family,in_bounding_box_x1,in_bounding_box_y1,in_bounding_box_x2,in_bounding_box_y2,in_bounding_box_x3,in_bounding_box_y3,in_bounding_box_x4,in_bounding_box_y4,out_bounding_box_x1,out_bounding_box_y1,out_bounding_box_x2,out_bounding_box_y2,out_bounding_box_x3,out_bounding_box_y3,out_bounding_box_x4,out_bounding_box_y4
ROOM,13.25698,-104.89805,524.40707,-104.89805,524.40707,350.18513,13.25698,350.18513,13.25698,-104.89805,524.40707,-104.89805,524.40707,350.18513,13.25698,350.18513
SOFA,-64.75,-39.8,64.75,-39.8,64.75,39.8,-64.75,39.8,305.88085708919016,134.39470104991256,347.40237819999885,257.0577080432382,272.00488509830984,282.57981677235307,230.48336398750115,159.9168097790274
TABLE,-35,-34.8,35,-34.8,35,34.8,-35,34.8,154.38057495117187,191.17363891601565,224.38057495117187,191.17363891601565,224.38057495117187,260.7736389160156,154.38057495117187,260.7736389160156
