in_product_family,in_bounding_box_x1,in_bounding_box_y1,in_bounding_box_x2,in_bounding_box_y2,in_bounding_box_x3,in_bounding_box_y3,in_bounding_box_x4,in_bounding_box_y4,out_bounding_box_x1,out_bounding_box_y1,out_bounding_box_x2,out_bounding_box_y2,out_bounding_box_x3,out_bounding_box_y3,out_bounding_box_x4,out_bounding_box_y4
ROOM,-53.44263,-510.88992,455.13005,-510.88992,455.13005,69.58406,-53.44263,69.58406,-53.44263,-510.88992,455.13005,-510.88992,455.13005,69.58406,-53.44263,69.58406
SOFA,-98,-50,98,-50,98,50,-98,50,-53.43262219429019,-221.75802612304688,-53.43262219429013,-417.7580261230469,46.56737780570987,-417.7580261230469,46.56737780570981,-221.75802612304688
SEATING,-39,-35,39,-35,39,35,-39,35,64.20352935791014,-126.27406311035156,64.20352935791017,-204.27406311035156,134.20352935791016,-204.27406311035156,134.20352935791016,-126.27406311035156
SOFA,-71.8,-28.55,71.8,-28.55,71.8,28.55,-71.8,28.55,85.41626281738282,-496.49912719726564,229.01626281738282,-496.49912719726564,229.01626281738282,-439.3991271972656,85.41626281738282,-439.3991271972656
SEATING,-39,-35,39,-35,39,35,-39,35,304.06680492192623,-462.28401079876005,375.81403800293117,-431.6844267293654,348.35287281244877,-367.2958842207712,276.60563973144383,-397.89546829016587
TABLE,-40,-40,40,-40,40,40,-40,40,111.7001953125,-321.2166748046875,191.7001953125,-321.2166748046875,191.7001953125,-241.2166748046875,111.7001953125,-241.2166748046875
