in_product_family,in_bounding_box_x1,in_bounding_box_y1,in_bounding_box_x2,in_bounding_box_y2,in_bounding_box_x3,in_bounding_box_y3,in_bounding_box_x4,in_bounding_box_y4,out_bounding_box_x1,out_bounding_box_y1,out_bounding_box_x2,out_bounding_box_y2,out_bounding_box_x3,out_bounding_box_y3,out_bounding_box_x4,out_bounding_box_y4
ROOM,-5791.40663,-7867.12692,-4471.35135,-7867.12692,-4471.35135,-6992.75386,-5791.40663,-6992.75386,-5791.40663,-7867.12692,-4471.35135,-7867.12692,-4471.35135,-6992.75386,-5791.40663,-6992.75386
STORAGE_FURNITURE,-90,-25,90,-25,90,25,-90,25,-4718.37936054536,-7013.88505068246,-4896.588926967319,-7039.209948228107,-4889.55423320464,-7088.71260556754,-4711.344666782681,-7063.387708021893
SOFA,-95,-49.5,95,-49.5,95,49.5,-95,49.5,-4529.819324958334,-7277.426641610675,-4556.55115525252,-7089.3165428676175,-4654.566417229166,-7103.245233389325,-4627.83458693498,-7291.3553321323825
SOFA,-95,-49.5,95,-49.5,95,49.5,-95,49.5,-4869.906134858525,-7417.416513404875,-4681.7960356610265,-7390.6846863085575,-4695.724724516475,-7292.669424095125,-4883.8348237139735,-7319.4012511914425
TABLE,-90,-45,90,-45,90,45,-90,45,-5283.151974235615,-7620.3637698598295,-5104.942408945767,-7595.038864347594,-5117.604861701885,-7505.9340817026705,-5295.814426991733,-7531.258987214906
STORAGE_FURNITURE,-50,-21.5,50,-21.5,50,21.5,-50,21.5,-5136.6640622751565,-7772.1116706657585,-5037.620085401272,-7758.317083140011,-5043.5517580373435,-7715.7281730842415,-5142.595734911228,-7729.522760609989
STORAGE_FURNITURE,-42.5,-39.55,42.5,-39.55,42.5,39.55,-42.5,39.55,-4781.486937065988,-7747.11802524752,-4697.332419588953,-7735.159045850964,-4708.461305121512,-7656.84584193998,-4792.615822598547,-7668.804821336536
TABLE,-73.45,-46.2,73.45,-46.2,73.45,46.2,-73.45,46.2,-4953.408583092589,-7330.239544324738,-5098.847390355843,-7350.90747459949,-5085.847276282411,-7442.388385362762,-4940.408469019157,-7421.72045508801
