in_product_family,in_bounding_box_x1,in_bounding_box_y1,in_bounding_box_x2,in_bounding_box_y2,in_bounding_box_x3,in_bounding_box_y3,in_bounding_box_x4,in_bounding_box_y4,out_bounding_box_x1,out_bounding_box_y1,out_bounding_box_x2,out_bounding_box_y2,out_bounding_box_x3,out_bounding_box_y3,out_bounding_box_x4,out_bounding_box_y4
ROOM,-831.04938,-20.39251,341.05971,-20.39251,341.05971,572.63967,-831.04938,572.63967,-831.04938,-20.39251,341.05971,-20.39251,341.05971,572.63967,-831.04938,572.63967
SOFA,-91,-45,91,-45,91,45,-91,45,-70.03886413574216,305.25071716308594,-70.03886413574222,123.25071716308595,19.961135864257777,123.25071716308592,19.961135864257848,305.25071716308594
SOFA,-91,-45,91,-45,91,45,-91,45,59.387603759765625,-20.383686065673828,241.38760375976562,-20.383686065673828,241.38760375976562,69.61631393432617,59.387603759765625,69.61631393432617
SOFA,-91,-45,91,-45,91,45,-91,45,-70.03886413574216,487.2607116699219,-70.03886413574222,305.2607116699219,19.961135864257777,305.2607116699219,19.961135864257848,487.2607116699219
STORAGE_FURNITURE,-90,-22.5,90,-22.5,90,22.5,-90,22.5,327.96522048903853,578.4675834191258,147.99731559736264,575.0685822569181,148.84706588791457,530.0766060339992,328.81497077959045,533.4756071962069
