in_product_family,in_bounding_box_x1,in_bounding_box_y1,in_bounding_box_x2,in_bounding_box_y2,in_bounding_box_x3,in_bounding_box_y3,in_bounding_box_x4,in_bounding_box_y4,out_bounding_box_x1,out_bounding_box_y1,out_bounding_box_x2,out_bounding_box_y2,out_bounding_box_x3,out_bounding_box_y3,out_bounding_box_x4,out_bounding_box_y4
ROOM,-1222.77234,-1628.99361,1563.93565,-1628.99361,1563.93565,415.10735,-1222.77234,415.10735,-1222.77234,-1628.99361,1563.93565,-1628.99361,1563.93565,415.10735,-1222.77234,415.10735
SOFA,-91,-45,91,-45,91,45,-91,45,272.6459045410157,-1037.7236938476562,272.64590454101557,-855.7236938476562,182.6459045410156,-855.7236938476562,182.64590454101565,-1037.7236938476562
SOFA,-130.3,-83.7,130.3,-83.7,130.3,83.7,-130.3,83.7,-171.18701248168946,-1130.018115234375,89.41298751831056,-1130.018115234375,89.41298751831056,-962.618115234375,-171.18701248168946,-962.618115234375
SOFA,-105.05,-43.5,105.05,-43.5,105.05,43.5,-105.05,43.5,104.24707581052975,-742.3500247371344,-105.23257670103997,-726.2166684951121,-111.91321445951657,-812.9597897159906,97.56643805205316,-829.0931459580129
TABLE,-94.7,-49.9,94.7,-49.9,94.7,49.9,-94.7,49.9,-100.31535501480103,-962.6080688476562,89.08464498519898,-962.6080688476562,89.08464498519898,-862.8080688476563,-100.31535501480103,-862.8080688476563
TABLE,-85.1,-47,85.1,-47,85.1,47,-85.1,47,-826.0188232421875,-1178.4935302734375,-655.8188232421875,-1178.4935302734375,-655.8188232421875,-1084.4935302734375,-826.0188232421875,-1084.4935302734375
TABLE,-91,-46.5,91,-46.5,91,46.5,-91,46.5,458.03573289824743,-93.8037567485291,561.7941784731381,-243.33029276097892,638.2005952267525,-190.3108672749084,534.4421496518619,-40.78433126245859
SEATING,-29,-28.5,29,-28.5,29,28.5,-29,28.5,-745.304443359375,-1273.758544921875,-687.304443359375,-1273.758544921875,-687.304443359375,-1216.758544921875,-745.304443359375,-1216.758544921875
SEATING,-26.5,-27.5,26.5,-27.5,26.5,27.5,-26.5,27.5,397.97589111328125,-250.05848693847656,450.97589111328125,-250.05848693847656,450.97589111328125,-195.05848693847656,397.97589111328125,-195.05848693847656
