in_product_family,in_bounding_box_x1,in_bounding_box_y1,in_bounding_box_x2,in_bounding_box_y2,in_bounding_box_x3,in_bounding_box_y3,in_bounding_box_x4,in_bounding_box_y4,out_bounding_box_x1,out_bounding_box_y1,out_bounding_box_x2,out_bounding_box_y2,out_bounding_box_x3,out_bounding_box_y3,out_bounding_box_x4,out_bounding_box_y4
ROOM,-301.3113,-1261.68854,590.75727,-1261.68854,590.75727,30.40053,-301.3113,30.40053,-301.3113,-1261.68854,590.75727,-1261.68854,590.75727,30.40053,-301.3113,30.40053
SOFA,-146,-76.8,146,-76.8,146,76.8,-146,76.8,578.5935059641728,-632.5239748086,286.5935059641728,-632.52397441015,286.5935057545772,-786.12397441015,578.5935057545772,-786.1239748086
TABLE,-52.5,-54.5,52.5,-54.5,52.5,54.5,-52.5,54.5,477.44389427977023,-939.1667533185041,473.6812902867707,-834.2341901591499,364.75129614991727,-838.1401314471209,368.5139001429168,-943.0726946064751
TABLE,-40.5,-42,40.5,-42,40.5,42,-40.5,42,283.7413024902344,-903.484130859375,364.7413024902344,-903.484130859375,364.7413024902344,-819.484130859375,283.7413024902344,-819.484130859375
