in_product_family,in_bounding_box_x1,in_bounding_box_y1,in_bounding_box_x2,in_bounding_box_y2,in_bounding_box_x3,in_bounding_box_y3,in_bounding_box_x4,in_bounding_box_y4,out_bounding_box_x1,out_bounding_box_y1,out_bounding_box_x2,out_bounding_box_y2,out_bounding_box_x3,out_bounding_box_y3,out_bounding_box_x4,out_bounding_box_y4
ROOM,-193.33455,-202.89299,306.66545,-202.89299,306.66545,427.10701,-193.33455,427.10701,-193.33455,-202.89299,306.66545,-202.89299,306.66545,427.10701,-193.33455,427.10701
SOFA,-110.5,-45.5,110.5,-45.5,110.5,45.5,-110.5,45.5,86.77299499511723,115.60935974121095,86.77299499511714,336.60935974121094,-4.227005004882855,336.60935974121094,-4.22700500488277,115.60935974121092
SOFA,-70.9,-35.25,70.9,-35.25,70.9,35.25,-70.9,35.25,-20.054246520996088,406.4960632324219,-161.8542465209961,406.4960632324219,-161.8542465209961,335.9960632324219,-20.054246520996088,335.9960632324219
STORAGE_FURNITURE,-50,-20,50,-20,50,20,-50,20,299.51751708984375,-108.92816543579102,299.51751708984375,-8.928165435791009,259.51751708984375,-8.928165435791023,259.51751708984375,-108.92816543579102
DECORATION,-30.15,-28.95,30.15,-28.95,30.15,28.95,-30.15,28.95,224.04557189941406,361.99143676757814,284.34557189941404,361.99143676757814,284.34557189941404,419.8914367675781,224.04557189941406,419.8914367675781
TABLE,-59.7,-26.55,59.7,-26.55,59.7,26.55,-59.7,26.55,-110.05075531005858,297.1460296630859,-110.05075531005862,177.74602966308595,-56.95075531005861,177.74602966308592,-56.95075531005857,297.1460296630859
TABLE,-105,-37.5,105,-37.5,105,37.5,-105,37.5,164.06710815429685,314.4421844482422,164.0671081542969,104.44218444824217,239.0671081542969,104.4421844482422,239.06710815429685,314.4421844482422
