in_product_family,in_bounding_box_x1,in_bounding_box_y1,in_bounding_box_x2,in_bounding_box_y2,in_bounding_box_x3,in_bounding_box_y3,in_bounding_box_x4,in_bounding_box_y4,out_bounding_box_x1,out_bounding_box_y1,out_bounding_box_x2,out_bounding_box_y2,out_bounding_box_x3,out_bounding_box_y3,out_bounding_box_x4,out_bounding_box_y4
ROOM,-207.01,-365.34726,461.43851,-365.34726,461.43851,117.90139,-207.01,117.90139,-207.01,-365.34726,461.43851,-365.34726,461.43851,117.90139,-207.01,117.90139
SEATING,-27.7,-28.6,27.7,-28.6,27.7,28.6,-27.7,28.6,-102.25958406859925,-119.08889467726284,-102.25958402222106,-174.48889467726283,-45.05958402222106,-174.48889462937777,-45.05958406859925,-119.08889462937778
SEATING,-27.7,-28.6,27.7,-28.6,27.7,28.6,-27.7,28.6,74.94036638671449,-96.8388778447098,74.9403663403363,-41.43887784470981,17.74036634033629,-41.43887789259488,17.740366386714488,-96.83887789259488
SEATING,-27.7,-28.6,27.7,-28.6,27.7,28.6,-27.7,28.6,-102.25962221557191,-41.438885521989405,-102.25962216919372,-96.83888552198941,-45.059622169193716,-96.83888547410434,-45.059622215571906,-41.43888547410434
SEATING,-27.7,-28.6,27.7,-28.6,27.7,28.6,-27.7,28.6,74.9404197924762,-174.4888793705887,74.94041974609802,-119.08887937058871,17.74041974609801,-119.0888794184738,17.740419792476207,-174.4888794184738
