in_product_family,in_bounding_box_x1,in_bounding_box_y1,in_bounding_box_x2,in_bounding_box_y2,in_bounding_box_x3,in_bounding_box_y3,in_bounding_box_x4,in_bounding_box_y4,out_bounding_box_x1,out_bounding_box_y1,out_bounding_box_x2,out_bounding_box_y2,out_bounding_box_x3,out_bounding_box_y3,out_bounding_box_x4,out_bounding_box_y4
ROOM,-263.82596,-32.61165,218.67404,-32.61165,218.67404,616.38835,-263.82596,616.38835,-263.82596,-32.61165,218.67404,-32.61165,218.67404,616.38835,-263.82596,616.38835
SOFA,-110.5,-45.5,110.5,-45.5,110.5,45.5,-110.5,45.5,-34.1570911407471,220.72557830810547,-34.15709114074704,-0.27442169189454546,56.84290885925296,-0.27442169189451704,56.8429088592529,220.72557830810547
STORAGE_FURNITURE,-100,-20.05,100,-20.05,100,20.05,-100,20.05,218.66402893066405,-7.91644287109375,218.6640289306641,192.08355712890625,178.56402893066408,192.08355712890625,178.56402893066402,-7.91644287109375
