in_product_family,in_bounding_box_x1,in_bounding_box_y1,in_bounding_box_x2,in_bounding_box_y2,in_bounding_box_x3,in_bounding_box_y3,in_bounding_box_x4,in_bounding_box_y4,out_bounding_box_x1,out_bounding_box_y1,out_bounding_box_x2,out_bounding_box_y2,out_bounding_box_x3,out_bounding_box_y3,out_bounding_box_x4,out_bounding_box_y4
ROOM,-461,-54.70527,517.35409,-54.70527,517.35409,789.34762,-461,789.34762,-461,-54.70527,517.35409,-54.70527,517.35409,789.34762,-461,789.34762
STORAGE_FURNITURE,-80,-20.9,80,-20.9,80,20.9,-80,20.9,-300.989990234375,728.9999755859375,-460.989990234375,728.9999755859375,-460.989990234375,687.1999755859375,-300.989990234375,687.1999755859375
SOFA,-130.3,-83.7,130.3,-83.7,130.3,83.7,-130.3,83.7,-406.37470713639607,285.11222550548297,-145.77470713639602,285.11222517811075,-145.77470692610396,452.5122251781108,-406.37470692610395,452.512225505483
