in_product_family,in_bounding_box_x1,in_bounding_box_y1,in_bounding_box_x2,in_bounding_box_y2,in_bounding_box_x3,in_bounding_box_y3,in_bounding_box_x4,in_bounding_box_y4,out_bounding_box_x1,out_bounding_box_y1,out_bounding_box_x2,out_bounding_box_y2,out_bounding_box_x3,out_bounding_box_y3,out_bounding_box_x4,out_bounding_box_y4
ROOM,-750.89826,-898.15309,300.12908,-898.15309,300.12908,-459.08601,-750.89826,-459.08601,-750.89826,-898.15309,300.12908,-898.15309,300.12908,-459.08601,-750.89826,-459.08601
TABLE,-60,-60,60,-60,60,60,-60,60,-318.5612487792969,-779.158203125,-198.56124877929688,-779.158203125,-198.56124877929688,-659.158203125,-318.5612487792969,-659.158203125
SOFA,-121.25,-79.45,121.25,-79.45,121.25,79.45,-121.25,79.45,-64.86463756561282,-653.4371948242188,-64.86463756561277,-895.9371948242188,94.03536243438724,-895.9371948242188,94.03536243438718,-653.4371948242188
SEATING,-41.2,-35.05,41.2,-35.05,41.2,35.05,-41.2,35.05,-147.27313537597655,-896.7474487304687,-64.87313537597656,-896.7474487304687,-64.87313537597656,-826.6474487304688,-147.27313537597655,-826.6474487304688
SEATING,-36.5,-43,36.5,-43,36.5,43,-36.5,43,236.46682956889822,-893.7853646681775,298.572351572908,-855.4199618081859,253.3747536830549,-782.25455232401,191.2692316790451,-820.6199551840016
STORAGE_FURNITURE,-64.9,-23.05,64.9,-23.05,64.9,23.05,-64.9,23.05,299.3534057617187,-767.357763671875,299.35340576171876,-637.557763671875,253.25340576171877,-637.557763671875,253.25340576171874,-767.357763671875
STORAGE_FURNITURE,-38.4,-19.9,38.4,-19.9,38.4,19.9,-38.4,19.9,-135.77305925434277,-522.3790359662897,-212.57272120234938,-522.6069058236756,-212.45463239604786,-562.4067306352728,-135.65497044804124,-562.1788607778869
STORAGE_FURNITURE,-38.4,-19.9,38.4,-19.9,38.4,19.9,-38.4,19.9,-212.57272120234938,-522.6069058236756,-289.372383150356,-522.8347756810614,-289.2542943440545,-562.6346004926586,-212.45463239604786,-562.4067306352728
TABLE,-45,-27.5,45,-27.5,45,27.5,-45,27.5,111.54536437988283,-703.2611083984375,111.5453643798828,-793.2611083984375,166.54536437988278,-793.2611083984375,166.54536437988284,-703.2611083984375
