in_product_family,in_bounding_box_x1,in_bounding_box_y1,in_bounding_box_x2,in_bounding_box_y2,in_bounding_box_x3,in_bounding_box_y3,in_bounding_box_x4,in_bounding_box_y4,out_bounding_box_x1,out_bounding_box_y1,out_bounding_box_x2,out_bounding_box_y2,out_bounding_box_x3,out_bounding_box_y3,out_bounding_box_x4,out_bounding_box_y4
ROOM,218.55775,-35.8289,608.05525,-35.8289,608.05525,320.84605,218.55775,320.84605,218.55775,-35.8289,608.05525,-35.8289,608.05525,320.84605,218.55775,320.84605
SOFA,-109.85,-92.25,109.85,-92.25,109.85,92.25,-109.85,92.25,608.0452880859375,0.8970016479492529,608.0452880859375,220.59700164794924,423.54528808593744,220.59700164794918,423.54528808593756,0.897001647949196
STORAGE_FURNITURE,-80,-20,80,-20,80,20,-80,20,222.06524658203128,277.9100036621094,222.06524658203122,117.91000366210939,262.0652465820312,117.91000366210936,262.0652465820313,277.9100036621094
