in_product_family,in_bounding_box_x1,in_bounding_box_y1,in_bounding_box_x2,in_bounding_box_y2,in_bounding_box_x3,in_bounding_box_y3,in_bounding_box_x4,in_bounding_box_y4,out_bounding_box_x1,out_bounding_box_y1,out_bounding_box_x2,out_bounding_box_y2,out_bounding_box_x3,out_bounding_box_y3,out_bounding_box_x4,out_bounding_box_y4
ROOM,-243.20446,-452.63536,405.24363,-452.63536,405.24363,429.30667,-243.20446,429.30667,-243.20446,-452.63536,405.24363,-452.63536,405.24363,429.30667,-243.20446,429.30667
TABLE,-45,-30,45,-30,45,30,-45,30,64.81945037800395,338.56945800753647,64.81945037883199,248.5694580075365,124.81945037883199,248.5694580080885,124.81945037800395,338.56945800808853
SOFA,-125.5,-81.75,125.5,-81.75,125.5,81.75,-125.5,81.75,58.76707267761235,186.77481079101565,58.76707267761226,437.7748107910156,-104.73292732238774,437.7748107910156,-104.73292732238765,186.7748107910156
SEATING,-27.7,-28.6,27.7,-28.6,27.7,28.6,-27.7,28.6,269.7140104625089,200.38463370537747,214.3140104625089,200.38463370537744,214.31401046250892,143.18463370537742,269.71401046250895,143.18463370537745
SEATING,-27.7,-28.6,27.7,-28.6,27.7,28.6,-27.7,28.6,322.114010462509,46.184633705377536,377.514010462509,46.18463370537758,377.51401046250896,103.38463370537758,322.11401046250893,103.38463370537754
SEATING,-27.7,-28.6,27.7,-28.6,27.7,28.6,-27.7,28.6,377.5140104625089,200.38463370537755,322.1140104625089,200.3846337053775,322.11401046250893,143.1846337053775,377.51401046250896,143.18463370537756
SEATING,-27.7,-28.6,27.7,-28.6,27.7,28.6,-27.7,28.6,214.31401046250897,46.18463370537742,269.714010462509,46.184633705377465,269.71401046250895,103.38463370537747,214.31401046250895,103.38463370537742
STORAGE_FURNITURE,-88.5,-22.5,88.5,-22.5,88.5,22.5,-88.5,22.5,405.2435607910157,266.18212890625,405.24356079101557,443.18212890625,360.24356079101557,443.18212890625,360.2435607910157,266.18212890625
