in_product_family,in_bounding_box_x1,in_bounding_box_y1,in_bounding_box_x2,in_bounding_box_y2,in_bounding_box_x3,in_bounding_box_y3,in_bounding_box_x4,in_bounding_box_y4,out_bounding_box_x1,out_bounding_box_y1,out_bounding_box_x2,out_bounding_box_y2,out_bounding_box_x3,out_bounding_box_y3,out_bounding_box_x4,out_bounding_box_y4
ROOM,-761.14985,42.67796,-346.9571,42.67796,-346.9571,402.85581,-761.14985,402.85581,-761.14985,42.67796,-346.9571,42.67796,-346.9571,402.85581,-761.14985,402.85581
SOFA,-99,-48.5,99,-48.5,99,48.5,-99,48.5,-436.1724853515625,402.8458251953125,-634.1724853515625,402.8458251953125,-634.1724853515625,305.8458251953125,-436.1724853515625,305.8458251953125
TABLE,-80,-45,80,-45,80,45,-80,45,-612.0340576171875,181.9495086669922,-452.0340576171875,181.9495086669922,-452.0340576171875,271.9495086669922,-612.0340576171875,271.9495086669922
STORAGE_FURNITURE,-100,-22.5,100,-22.5,100,22.5,-100,22.5,-612.0146484375,43.51404571533203,-412.0146484375,43.51404571533203,-412.0146484375,88.51404571533203,-612.0146484375,88.51404571533203
