in_product_family,in_bounding_box_x1,in_bounding_box_y1,in_bounding_box_x2,in_bounding_box_y2,in_bounding_box_x3,in_bounding_box_y3,in_bounding_box_x4,in_bounding_box_y4,out_bounding_box_x1,out_bounding_box_y1,out_bounding_box_x2,out_bounding_box_y2,out_bounding_box_x3,out_bounding_box_y3,out_bounding_box_x4,out_bounding_box_y4
ROOM,-433.60055,-645.18968,-11.98749,-645.18968,-11.98749,229.5,-433.60055,229.5,-433.60055,-645.18968,-11.98749,-645.18968,-11.98749,229.5,-433.60055,229.5
TABLE,-62.5,-37.5,62.5,-37.5,62.5,37.5,-62.5,37.5,-329.5826107705284,-314.15352507236753,-204.5826107705284,-314.15352507236753,-204.5826107705284,-239.15352507236753,-329.5826107705284,-239.15352507236753
SEATING,-25,-26.15,25,-26.15,25,26.15,-25,26.15,-152.26254366752028,-299.4376474829048,-152.27272732770504,-249.4376485199742,-204.57272624293051,-249.44830062852745,-204.56254258274575,-299.4482995914581
SEATING,-25,-26.15,25,-26.15,25,26.15,-25,26.15,-229.284199641376,-239.14139157056465,-229.29438330156074,-189.141392607634,-281.5943822167862,-189.15204471618725,-281.58419855660145,-239.1520436791179
SOFA,-91,-47.45,91,-47.45,91,47.45,-91,47.45,-432.7692117812486,114.43036786118857,-432.84000913072407,-67.56961836885297,-337.9400163107738,-67.60653412965088,-337.8692189612983,114.39345210039066
STORAGE_FURNITURE,-85,-21.2,85,-21.2,85,21.2,-85,21.2,-432.77028450401735,-166.3203887939257,-432.80490894864556,-336.3203852678899,-390.40490982808035,-336.3290210117266,-390.37028538345214,-166.3290245377624
