in_product_family,in_bounding_box_x1,in_bounding_box_y1,in_bounding_box_x2,in_bounding_box_y2,in_bounding_box_x3,in_bounding_box_y3,in_bounding_box_x4,in_bounding_box_y4,out_bounding_box_x1,out_bounding_box_y1,out_bounding_box_x2,out_bounding_box_y2,out_bounding_box_x3,out_bounding_box_y3,out_bounding_box_x4,out_bounding_box_y4
ROOM,-296.98968,89.10772,403.01031,89.10772,403.01031,582.83921,-296.98968,582.83921,-296.98968,89.10772,403.01031,89.10772,403.01031,582.83921,-296.98968,582.83921
SOFA,-163.65,-78.8,163.65,-78.8,163.65,78.8,-163.65,78.8,390.9452423095703,582.8292053222656,63.64524230957031,582.8292053222656,63.64524230957031,425.2292053222656,390.9452423095703,425.22920532226567
