in_product_family,in_bounding_box_x1,in_bounding_box_y1,in_bounding_box_x2,in_bounding_box_y2,in_bounding_box_x3,in_bounding_box_y3,in_bounding_box_x4,in_bounding_box_y4,out_bounding_box_x1,out_bounding_box_y1,out_bounding_box_x2,out_bounding_box_y2,out_bounding_box_x3,out_bounding_box_y3,out_bounding_box_x4,out_bounding_box_y4
ROOM,-302.23385,-288.96451,508.1238,-288.96451,508.1238,39.80381,-302.23385,39.80381,-302.23385,-288.96451,508.1238,-288.96451,508.1238,39.80381,-302.23385,39.80381
SOFA,-99,-46.15,99,-46.15,99,46.15,-99,46.15,500.9115115113143,-29.484125202232796,303.0593172033134,-37.13325636263678,306.62504854727945,-129.36435502237657,504.47724285528034,-121.71522386197259
STORAGE_FURNITURE,-60,-20,60,-20,60,20,-60,20,384.7148742675781,-288.9544982910156,504.7148742675781,-288.9544982910156,504.7148742675781,-248.95449829101562,384.7148742675781,-248.95449829101562
