in_product_family,in_bounding_box_x1,in_bounding_box_y1,in_bounding_box_x2,in_bounding_box_y2,in_bounding_box_x3,in_bounding_box_y3,in_bounding_box_x4,in_bounding_box_y4,out_bounding_box_x1,out_bounding_box_y1,out_bounding_box_x2,out_bounding_box_y2,out_bounding_box_x3,out_bounding_box_y3,out_bounding_box_x4,out_bounding_box_y4
ROOM,-499.35487,-150.62415,-137.52455,-150.62415,-137.52455,630.14933,-499.35487,630.14933,-499.35487,-150.62415,-137.52455,-150.62415,-137.52455,630.14933,-499.35487,630.14933
TABLE,-87.5,-45,87.5,-45,87.5,45,-87.5,45,-278.5429992675781,227.24990844726562,-278.5429992675781,402.2499084472656,-368.5429992675781,402.2499084472656,-368.5429992675781,227.24990844726562
TABLE,-60.3,-35,60.3,-35,60.3,35,-60.3,35,-499.3448486328125,21.736008453369152,-499.3448486328125,-98.86399154663084,-429.3448486328125,-98.86399154663087,-429.3448486328125,21.736008453369124
SOFA,-105,-45,105,-45,105,45,-105,45,-260.22912597656244,-97.35801792144774,-260.22912597656256,112.64198207855226,-350.22912597656256,112.64198207855223,-350.22912597656244,-97.35801792144777
