in_product_family,in_bounding_box_x1,in_bounding_box_y1,in_bounding_box_x2,in_bounding_box_y2,in_bounding_box_x3,in_bounding_box_y3,in_bounding_box_x4,in_bounding_box_y4,out_bounding_box_x1,out_bounding_box_y1,out_bounding_box_x2,out_bounding_box_y2,out_bounding_box_x3,out_bounding_box_y3,out_bounding_box_x4,out_bounding_box_y4
ROOM,2184.01487,1275.56514,3040.58629,1275.56514,3040.58629,1712.17917,2184.01487,1712.17917,2184.01487,1275.56514,3040.58629,1275.56514,3040.58629,1712.17917,2184.01487,1712.17917
STORAGE_FURNITURE,-70,-22.5,70,-22.5,70,22.5,-70,22.5,3025.578857421875,1341.8251953125,3025.578857421875,1481.8251953125,2980.578857421875,1481.8251953125,2980.578857421875,1341.8251953125
SOFA,-146,-76.8,146,-76.8,146,76.8,-146,76.8,2510.84423828125,1275.5751220703125,2802.84423828125,1275.5751220703125,2802.84423828125,1429.1751220703125,2510.84423828125,1429.1751220703125
TABLE,-49.85,-49.85,49.85,-49.85,49.85,49.85,-49.85,49.85,2828.6470703125,1390.666357421875,2928.3470703125,1390.666357421875,2928.3470703125,1490.366357421875,2828.6470703125,1490.366357421875
