in_product_family,in_bounding_box_x1,in_bounding_box_y1,in_bounding_box_x2,in_bounding_box_y2,in_bounding_box_x3,in_bounding_box_y3,in_bounding_box_x4,in_bounding_box_y4,out_bounding_box_x1,out_bounding_box_y1,out_bounding_box_x2,out_bounding_box_y2,out_bounding_box_x3,out_bounding_box_y3,out_bounding_box_x4,out_bounding_box_y4
ROOM,-557.31469,-172.125,1058.87442,-172.125,1058.87442,1094.13816,-557.31469,1094.13816,-557.31469,-172.125,1058.87442,-172.125,1058.87442,1094.13816,-557.31469,1094.13816
VEGETATION,-90,-25,90,-25,90,25,-90,25,-207.0483253578815,967.4620685177429,-28.342770904185585,989.0102658297483,-34.328381268631546,1038.6506976224416,-213.03393572232747,1017.1025003104362
DECORATION,-8.85,-8.85,8.85,-8.85,8.85,8.85,-8.85,8.85,-415.60234678277504,898.1956192873325,-398.6721512697544,903.3588043402718,-403.8353363226937,920.2889998532925,-420.76553183571434,915.1258148003532
