in_product_family,in_bounding_box_x1,in_bounding_box_y1,in_bounding_box_x2,in_bounding_box_y2,in_bounding_box_x3,in_bounding_box_y3,in_bounding_box_x4,in_bounding_box_y4,out_bounding_box_x1,out_bounding_box_y1,out_bounding_box_x2,out_bounding_box_y2,out_bounding_box_x3,out_bounding_box_y3,out_bounding_box_x4,out_bounding_box_y4
ROOM,-36.12505,-36.9561,1585.60677,-36.9561,1585.60677,1121.73717,-36.12505,1121.73717,-36.12505,-36.9561,1585.60677,-36.9561,1585.60677,1121.73717,-36.12505,1121.73717
SOFA,-110.5,-45.5,110.5,-45.5,110.5,45.5,-110.5,45.5,135.78395080566406,83.52366638183594,356.78395080566406,83.52366638183594,356.78395080566406,174.52366638183594,135.78395080566406,174.52366638183594
SOFA,-110.5,-45.5,110.5,-45.5,110.5,45.5,-110.5,45.5,508.9833984375,131.899169921875,508.9833984375,352.899169921875,417.9833984375,352.899169921875,417.9833984375,131.899169921875
SOFA,-110.5,-45.5,110.5,-45.5,110.5,45.5,-110.5,45.5,508.9833984375,331.9091796875,508.9833984375,552.9091796875,417.9833984375,552.9091796875,417.9833984375,331.9091796875
SOFA,-110.5,-45.5,110.5,-45.5,110.5,45.5,-110.5,45.5,367.1003112792969,626.263671875,146.10031127929688,626.263671875,146.10031127929688,535.263671875,367.1003112792969,535.263671875
TABLE,-89.65,-44.75,89.65,-44.75,89.65,44.75,-89.65,44.75,653.8600463867188,634.5283569335937,653.8600463867188,455.2283569335938,743.3600463867188,455.2283569335937,743.3600463867188,634.5283569335937
STORAGE_FURNITURE,-87.5,-20,87.5,-20,87.5,20,-87.5,20,952.198974609375,427.61822509765625,1127.198974609375,427.61822509765625,1127.198974609375,467.61822509765625,952.198974609375,467.61822509765625
