in_product_family,in_bounding_box_x1,in_bounding_box_y1,in_bounding_box_x2,in_bounding_box_y2,in_bounding_box_x3,in_bounding_box_y3,in_bounding_box_x4,in_bounding_box_y4,out_bounding_box_x1,out_bounding_box_y1,out_bounding_box_x2,out_bounding_box_y2,out_bounding_box_x3,out_bounding_box_y3,out_bounding_box_x4,out_bounding_box_y4
ROOM,-402.99,-162.995,399,-162.995,399,137.005,-402.99,137.005,-402.99,-162.995,399,-162.995,399,137.005,-402.99,137.005
SOFA,-105,-45,105,-45,105,45,-105,45,88.58999633789062,46.9949951171875,298.5899963378906,46.9949951171875,298.5899963378906,136.9949951171875,88.58999633789062,136.9949951171875
TABLE,-45,-44.75,45,-44.75,45,44.75,-45,44.75,-95.82999801635742,27.720001220703125,-5.829998016357422,27.720001220703125,-5.829998016357422,117.22000122070312,-95.82999801635742,117.22000122070312
