in_product_family,in_bounding_box_x1,in_bounding_box_y1,in_bounding_box_x2,in_bounding_box_y2,in_bounding_box_x3,in_bounding_box_y3,in_bounding_box_x4,in_bounding_box_y4,out_bounding_box_x1,out_bounding_box_y1,out_bounding_box_x2,out_bounding_box_y2,out_bounding_box_x3,out_bounding_box_y3,out_bounding_box_x4,out_bounding_box_y4
ROOM,-58.81299,-226.50303,385.44516,-226.50303,385.44516,400,-58.81299,400,-58.81299,-226.50303,385.44516,-226.50303,385.44516,400,-58.81299,400
SEATING,-27.7,-28.6,27.7,-28.6,27.7,28.6,-27.7,28.6,260.2193939208984,56.525548553466805,204.81939392089842,56.52554855346679,204.81939392089845,-0.6744514465332152,260.2193939208984,-0.6744514465331939
SEATING,-27.7,-28.6,27.7,-28.6,27.7,28.6,-27.7,28.6,204.81939392089845,-97.67444763183593,260.2193939208984,-97.67444763183593,260.2193939208984,-40.474447631835936,204.81939392089845,-40.474447631835936
TABLE,-58.5,-25,58.5,-25,58.5,25,-58.5,25,-58.80298614501951,357.1445007324219,-58.80298614501955,240.14450073242188,-8.802986145019553,240.14450073242188,-8.80298614501951,357.1445007324219
SEATING,-25.5,-24.4,25.5,-24.4,25.5,24.4,-25.5,24.4,-7.692980194091803,331.4034423828125,-7.692980194091788,280.4034423828125,41.10701980590821,280.4034423828125,41.107019805908195,331.4034423828125
SOFA,-91,-45,91,-45,91,45,-91,45,172.13122558593747,353.3497619628906,172.13122558593753,171.34976196289062,262.1312255859375,171.34976196289062,262.1312255859375,353.3497619628906
STORAGE_FURNITURE,-70,-20,70,-20,70,20,-70,20,385.4351501464844,196.343505859375,385.4351501464844,336.343505859375,345.4351501464844,336.343505859375,345.4351501464844,196.343505859375
