in_product_family,in_bounding_box_x1,in_bounding_box_y1,in_bounding_box_x2,in_bounding_box_y2,in_bounding_box_x3,in_bounding_box_y3,in_bounding_box_x4,in_bounding_box_y4,out_bounding_box_x1,out_bounding_box_y1,out_bounding_box_x2,out_bounding_box_y2,out_bounding_box_x3,out_bounding_box_y3,out_bounding_box_x4,out_bounding_box_y4
ROOM,-615.09965,18.55852,1.292,18.55852,1.292,340.13007,-615.09965,340.13007,-615.09965,18.55852,1.292,18.55852,1.292,340.13007,-615.09965,340.13007
STORAGE_FURNITURE,-75.25,-20.35,75.25,-20.35,75.25,20.35,-75.25,20.35,-292.72784423828125,300.8721984863281,-142.22784423828125,300.8721984863281,-142.22784423828125,341.57219848632815,-292.72784423828125,341.57219848632815
RADIATOR,-50.45,-7.5,50.45,-7.5,50.45,7.5,-50.45,7.5,1.2819914817810254,125.07693176269531,1.2819914817809863,225.9769317626953,-13.718008518219014,225.9769317626953,-13.718008518218975,125.07693176269531
