in_product_family,in_bounding_box_x1,in_bounding_box_y1,in_bounding_box_x2,in_bounding_box_y2,in_bounding_box_x3,in_bounding_box_y3,in_bounding_box_x4,in_bounding_box_y4,out_bounding_box_x1,out_bounding_box_y1,out_bounding_box_x2,out_bounding_box_y2,out_bounding_box_x3,out_bounding_box_y3,out_bounding_box_x4,out_bounding_box_y4
ROOM,-864.2866,-329.73964,357.64839,-329.73964,357.64839,87.17935,-864.2866,87.17935,-864.2866,-329.73964,357.64839,-329.73964,357.64839,87.17935,-864.2866,87.17935
TABLE,-105,-37.5,105,-37.5,105,37.5,-105,37.5,-383.7813415527344,-118.42924499511719,-173.78134155273438,-118.42924499511719,-173.78134155273438,-43.42924499511719,-383.7813415527344,-43.42924499511719
STORAGE_FURNITURE,-80,-20,80,-20,80,20,-80,20,252.1138458251953,84.65110015869142,92.11384582519531,84.65110015869139,92.11384582519531,44.65110015869139,252.1138458251953,44.65110015869142
