in_product_family,in_bounding_box_x1,in_bounding_box_y1,in_bounding_box_x2,in_bounding_box_y2,in_bounding_box_x3,in_bounding_box_y3,in_bounding_box_x4,in_bounding_box_y4,out_bounding_box_x1,out_bounding_box_y1,out_bounding_box_x2,out_bounding_box_y2,out_bounding_box_x3,out_bounding_box_y3,out_bounding_box_x4,out_bounding_box_y4
ROOM,-127.91399,-436.8117,587.21351,-436.8117,587.21351,369.28152,-127.91399,369.28152,-127.91399,-436.8117,587.21351,-436.8117,587.21351,369.28152,-127.91399,369.28152
TABLE,-90,-45,90,-45,90,45,-90,45,267.0374615621963,-283.2418295002721,445.3141751394624,-258.3940248469547,432.8902728128037,-169.25566805832165,254.6135592355376,-194.10347271163903
SOFA,-125.5,-81.75,125.5,-81.75,125.5,81.75,-125.5,81.75,114.781337676193,303.12997884782703,150.6648655504926,54.70821565608415,312.4854164741976,78.0825455662355,276.601888599898,326.5043087579784
