in_product_family,in_bounding_box_x1,in_bounding_box_y1,in_bounding_box_x2,in_bounding_box_y2,in_bounding_box_x3,in_bounding_box_y3,in_bounding_box_x4,in_bounding_box_y4,out_bounding_box_x1,out_bounding_box_y1,out_bounding_box_x2,out_bounding_box_y2,out_bounding_box_x3,out_bounding_box_y3,out_bounding_box_x4,out_bounding_box_y4
ROOM,-145.75402,-1365.09114,584.61211,-1365.09114,584.61211,-719.52043,-145.75402,-719.52043,-145.75402,-1365.09114,584.61211,-1365.09114,584.61211,-719.52043,-145.75402,-719.52043
SOFA,-99,-48.5,99,-48.5,99,48.5,-99,48.5,11.014663975999198,-939.5052191184986,-115.07009788804486,-1092.1703193401515,-40.27961949662908,-1153.9391168190014,85.80514236741497,-1001.2740165973485
STORAGE_FURNITURE,-90,-25,90,-25,90,25,-90,25,219.0085707613734,-1350.6853379963504,338.78755942775405,-1216.3239079873665,301.4649399808141,-1183.0519666911496,181.68595131443345,-1317.4133967001335
TABLE,-62.5,-62.15,62.5,-62.15,62.5,62.15,-62.5,62.15,174.90322875976562,-1049.0168823242188,299.9032287597656,-1049.0168823242188,299.9032287597656,-924.7168823242188,174.90322875976562,-924.7168823242188
SEATING,-22.45,-23.95,22.45,-23.95,22.45,23.95,-22.45,23.95,218.2124755859375,-1105.0408203125,263.1124755859375,-1105.0408203125,263.1124755859375,-1057.1408203125,218.2124755859375,-1057.1408203125
SEATING,-22.45,-23.95,22.45,-23.95,22.45,23.95,-22.45,23.95,299.906201171875,-1032.9794189453125,344.806201171875,-1032.9794189453125,344.806201171875,-985.0794189453125,299.906201171875,-985.0794189453125
SEATING,-22.45,-23.95,22.45,-23.95,22.45,23.95,-22.45,23.95,257.43426818847655,-876.8117797851562,212.53426818847657,-876.8117797851562,212.53426818847657,-924.7117797851563,257.43426818847655,-924.7117797851563
SEATING,-22.45,-23.95,22.45,-23.95,22.45,23.95,-22.45,23.95,127.56214599609375,-1015.6674072265625,172.46214599609374,-1015.6674072265625,172.46214599609374,-967.7674072265625,127.56214599609375,-967.7674072265625
