in_product_family,in_bounding_box_x1,in_bounding_box_y1,in_bounding_box_x2,in_bounding_box_y2,in_bounding_box_x3,in_bounding_box_y3,in_bounding_box_x4,in_bounding_box_y4,out_bounding_box_x1,out_bounding_box_y1,out_bounding_box_x2,out_bounding_box_y2,out_bounding_box_x3,out_bounding_box_y3,out_bounding_box_x4,out_bounding_box_y4
ROOM,-425.81635,-113.14106,166.99482,-113.14106,166.99482,272.85281,-425.81635,272.85281,-425.81635,-113.14106,166.99482,-113.14106,166.99482,272.85281,-425.81635,272.85281
TABLE,-90,-45,90,-45,90,45,-90,45,-493.3988952636719,37.53644561767578,-313.3988952636719,37.53644561767578,-313.3988952636719,127.53644561767578,-493.3988952636719,127.53644561767578
SOFA,-130.3,-83.7,130.3,-83.7,130.3,83.7,-130.3,83.7,12.507229614257824,272.79150695800786,-248.0927703857422,272.7915069580078,-248.0927703857422,105.3915069580078,12.507229614257824,105.39150695800782
TABLE,-60,-25,60,-25,60,25,-60,25,-212.56394958496094,55.381500244140625,-92.56394958496094,55.381500244140625,-92.56394958496094,105.38150024414062,-212.56394958496094,105.38150024414062
STORAGE_FURNITURE,-55,-21.75,55,-21.75,55,21.75,-55,21.75,-432.9973370767682,-103.58111560029597,-323.011671866581,-105.35691071027378,-322.3094256185443,-61.8625794680634,-432.2950908287315,-60.08678435808559
STORAGE_FURNITURE,-80,-20,80,-20,80,20,-80,20,-224.24642179106476,-106.94430949258727,-64.26727239924003,-109.52728449599391,-63.62152864838836,-69.53249714803773,-223.6006780402131,-66.94952214463109
