in_product_family,in_bounding_box_x1,in_bounding_box_y1,in_bounding_box_x2,in_bounding_box_y2,in_bounding_box_x3,in_bounding_box_y3,in_bounding_box_x4,in_bounding_box_y4,out_bounding_box_x1,out_bounding_box_y1,out_bounding_box_x2,out_bounding_box_y2,out_bounding_box_x3,out_bounding_box_y3,out_bounding_box_x4,out_bounding_box_y4
ROOM,205.33786,-651.32001,854.61768,-651.32001,854.61768,-9.15534,205.33786,-9.15534,205.33786,-651.32001,854.61768,-651.32001,854.61768,-9.15534,205.33786,-9.15534
TABLE,-87.5,-45,87.5,-45,87.5,45,-87.5,45,670.2569580078125,-414.3475036621094,670.2569580078125,-589.3475036621094,760.2569580078125,-589.3475036621094,760.2569580078125,-414.3475036621094
TABLE,-87.5,-45,87.5,-45,87.5,45,-87.5,45,306.8939514160156,-476.30999755859375,306.8939514160156,-651.3099975585938,396.8939514160156,-651.3099975585938,396.8939514160156,-476.30999755859375
