in_product_family,in_bounding_box_x1,in_bounding_box_y1,in_bounding_box_x2,in_bounding_box_y2,in_bounding_box_x3,in_bounding_box_y3,in_bounding_box_x4,in_bounding_box_y4,out_bounding_box_x1,out_bounding_box_y1,out_bounding_box_x2,out_bounding_box_y2,out_bounding_box_x3,out_bounding_box_y3,out_bounding_box_x4,out_bounding_box_y4
ROOM,23.17516,-164.00642,300.27266,-164.00642,300.27266,236.58681,23.17516,236.58681,23.17516,-164.00642,300.27266,-164.00642,300.27266,236.58681,23.17516,236.58681
SOFA,-77.95,-47.5,77.95,-47.5,77.95,47.5,-77.95,47.5,20.685165405273416,89.07673664093016,20.68516540527346,-66.82326335906984,115.68516540527347,-66.82326335906981,115.68516540527341,89.07673664093019
STORAGE_FURNITURE,-59.9,-32.45,59.9,-32.45,59.9,32.45,-59.9,32.45,312.71995849609374,-79.12933387756348,312.7199584960938,40.670666122436515,247.81995849609376,40.67066612243653,247.81995849609373,-79.12933387756347
TABLE,-41.55,-35.75,41.55,-35.75,41.55,35.75,-41.55,35.75,112.791552734375,148.06256103515625,195.891552734375,148.06256103515625,195.891552734375,219.56256103515625,112.791552734375,219.56256103515625
SEATING,-24.25,-24,24.25,-24,24.25,24,-24.25,24,64.34531023535537,206.7836608580779,62.78485680970918,158.30877060439718,110.760005926754,156.76440432746898,112.32045935240019,205.2392945811497
SEATING,-24.25,-24,24.25,-24,24.25,24,-24.25,24,243.90155029296875,156.3008270263672,243.90155029296875,204.8008270263672,195.90155029296875,204.8008270263672,195.90155029296875,156.3008270263672
