in_product_family,in_bounding_box_x1,in_bounding_box_y1,in_bounding_box_x2,in_bounding_box_y2,in_bounding_box_x3,in_bounding_box_y3,in_bounding_box_x4,in_bounding_box_y4,out_bounding_box_x1,out_bounding_box_y1,out_bounding_box_x2,out_bounding_box_y2,out_bounding_box_x3,out_bounding_box_y3,out_bounding_box_x4,out_bounding_box_y4
ROOM,-2468.84802,-1124.57422,262.71821,-1124.57422,262.71821,-41.33452,-2468.84802,-41.33452,-2468.84802,-1124.57422,262.71821,-1124.57422,262.71821,-41.33452,-2468.84802,-41.33452
TABLE,-100,-50,100,-50,100,50,-100,50,-2016.0279988158152,-472.5943122850951,-2023.6381708043098,-272.73915152534505,-2123.565751184185,-276.5442375195924,-2115.95557919569,-476.39939827934245
SEATING,-48.35,-27.65,48.35,-27.65,48.35,27.65,-48.35,27.65,-2196.113916022678,-525.3091796751668,-2099.413916022678,-525.3091796998333,-2099.413916008572,-470.0091796998332,-2196.113916008572,-470.00917967516676
SEATING,-48.35,-27.65,48.35,-27.65,48.35,27.65,-48.35,27.65,-2246.788476569553,-525.5687927122761,-2150.088476569553,-525.5687927369427,-2150.088476555447,-470.2687927369426,-2246.788476555447,-470.26879271227614
SEATING,-48.35,-27.65,48.35,-27.65,48.35,27.65,-48.35,27.65,-1990.41298828125,-517.4762329101562,-1893.71298828125,-517.4762329101562,-1893.71298828125,-462.1762329101563,-1990.41298828125,-462.1762329101563
SEATING,-48.35,-27.65,48.35,-27.65,48.35,27.65,-48.35,27.65,-2041.087548828125,-517.7359985351562,-1944.387548828125,-517.7359985351562,-1944.387548828125,-462.4359985351563,-2041.087548828125,-462.4359985351563
SEATING,-22.75,-26.05,22.75,-26.05,22.75,26.05,-22.75,26.05,-1869.8072021484375,-353.48895263671875,-1869.8072021484375,-398.98895263671875,-1817.7072021484375,-398.98895263671875,-1817.7072021484375,-353.48895263671875
