in_product_family,in_bounding_box_x1,in_bounding_box_y1,in_bounding_box_x2,in_bounding_box_y2,in_bounding_box_x3,in_bounding_box_y3,in_bounding_box_x4,in_bounding_box_y4,out_bounding_box_x1,out_bounding_box_y1,out_bounding_box_x2,out_bounding_box_y2,out_bounding_box_x3,out_bounding_box_y3,out_bounding_box_x4,out_bounding_box_y4
ROOM,-325.10791,-1383.75631,609.68803,-1383.75631,609.68803,-486.51738,-325.10791,-486.51738,-325.10791,-1383.75631,609.68803,-1383.75631,609.68803,-486.51738,-325.10791,-486.51738
TABLE,-90,-45,90,-45,90,45,-90,45,256.3746633976059,-983.7574462590874,424.71758474995636,-920.0341316045879,392.8559274227066,-835.8626709284126,224.51300607035614,-899.5859855829121
STORAGE_FURNITURE,-70,-20,70,-20,70,20,-70,20,438.319649331332,-674.2538045245362,388.5912709065397,-543.3833021978445,351.19969881319923,-557.5914103192138,400.92807723799154,-688.4619126459055
DECORATION,-4.6,-4.6,4.6,-4.6,4.6,4.6,-4.6,4.6,-186.25308528176436,-699.5649175990856,-194.8379907261097,-702.872393753444,-191.53051457175127,-711.4572991977894,-182.94560912740593,-708.149823043431
VEGETATION,-19.1,-18.95,19.1,-18.95,19.1,18.95,-19.1,18.95,384.14576148970383,-517.200644494532,359.36183092772364,-488.1318160713061,330.5212917329524,-512.7211084351555,355.3052222949326,-541.7899368583815
DECORATION,-100,-70,100,-70,100,70,-100,70,396.3546238989396,-711.6554047633289,326.89100807710645,-524.1059284192005,195.60637463621663,-572.7304594944836,265.0699904580498,-760.279935838612
