in_product_family,in_bounding_box_x1,in_bounding_box_y1,in_bounding_box_x2,in_bounding_box_y2,in_bounding_box_x3,in_bounding_box_y3,in_bounding_box_x4,in_bounding_box_y4,out_bounding_box_x1,out_bounding_box_y1,out_bounding_box_x2,out_bounding_box_y2,out_bounding_box_x3,out_bounding_box_y3,out_bounding_box_x4,out_bounding_box_y4
ROOM,-182.45826,98.03767,77.60412,98.03767,77.60412,416.07844,-182.45826,416.07844,-182.45826,98.03767,77.60412,98.03767,77.60412,416.07844,-182.45826,416.07844
TABLE,-45,-27.5,45,-27.5,45,27.5,-45,27.5,-92.4227523803711,245.14822387695312,-2.4227523803710938,245.14822387695312,-2.4227523803710938,300.1482238769531,-92.4227523803711,300.1482238769531
SOFA,-95,-49.5,95,-49.5,95,49.5,-95,49.5,-146.85371017456055,98.04766845703125,43.14628982543945,98.04766845703125,43.14628982543945,197.04766845703125,-146.85371017456055,197.04766845703125
DECORATION,-20.35,-4.95,20.35,-4.95,20.35,4.95,-20.35,4.95,-182.4582550048828,183.25078735351562,-182.45825500488283,142.55078735351563,-172.55825500488282,142.55078735351563,-172.5582550048828,183.25078735351562
DECORATION,-20.35,-4.95,20.35,-4.95,20.35,4.95,-20.35,4.95,67.28769991682663,406.54208435277855,26.617291579793932,408.09382070249205,26.23984219743119,398.2010186745652,66.91025053446388,396.6492823248517
STORAGE_FURNITURE,-45,-20,45,-20,45,20,-45,20,-6.008978840143719,409.3458599538024,-95.94354273038797,412.77721797528187,-97.4685907399344,372.80630069072885,-7.534026849690143,369.3749426692494
