in_product_family,in_bounding_box_x1,in_bounding_box_y1,in_bounding_box_x2,in_bounding_box_y2,in_bounding_box_x3,in_bounding_box_y3,in_bounding_box_x4,in_bounding_box_y4,out_bounding_box_x1,out_bounding_box_y1,out_bounding_box_x2,out_bounding_box_y2,out_bounding_box_x3,out_bounding_box_y3,out_bounding_box_x4,out_bounding_box_y4
ROOM,-59.44205,-461.65627,365.74462,-461.65627,365.74462,-106.13624,-59.44205,-106.13624,-59.44205,-461.65627,365.74462,-461.65627,365.74462,-106.13624,-59.44205,-106.13624
SOFA,-121.25,-79.45,121.25,-79.45,121.25,79.45,-121.25,79.45,240.36650390625,-406.419677734375,240.36650390625005,-163.91967773437503,81.46650390625003,-163.91967773437497,81.46650390624997,-406.419677734375
STORAGE_FURNITURE,-90,-22.5,90,-22.5,90,22.5,-90,22.5,-59.432048797607386,-185.33370971679688,-59.43204879760746,-365.3337097167969,-14.432048797607457,-365.3337097167969,-14.432048797607386,-185.33370971679688
