in_product_family,in_bounding_box_x1,in_bounding_box_y1,in_bounding_box_x2,in_bounding_box_y2,in_bounding_box_x3,in_bounding_box_y3,in_bounding_box_x4,in_bounding_box_y4,out_bounding_box_x1,out_bounding_box_y1,out_bounding_box_x2,out_bounding_box_y2,out_bounding_box_x3,out_bounding_box_y3,out_bounding_box_x4,out_bounding_box_y4
ROOM,-999.23216,-1322.96625,-45.03317,-1322.96625,-45.03317,-715.89092,-999.23216,-715.89092,-999.23216,-1322.96625,-45.03317,-1322.96625,-45.03317,-715.89092,-999.23216,-715.89092
SOFA,-130.3,-83.7,130.3,-83.7,130.3,83.7,-130.3,83.7,-421.2552368164063,-1062.35625,-421.2552368164062,-1322.95625,-253.8552368164062,-1322.95625,-253.8552368164063,-1062.35625
TABLE,-90,-45,90,-45,90,45,-90,45,-377.905029296875,-922.0377197265625,-197.905029296875,-922.0377197265625,-197.905029296875,-832.0377197265625,-377.905029296875,-832.0377197265625
SEATING,-23.9,-25.95,23.9,-25.95,23.9,25.95,-23.9,25.95,-361.0479797363281,-998.576953125,-313.24797973632815,-998.576953125,-313.24797973632815,-946.676953125,-361.0479797363281,-946.676953125
SEATING,-23.9,-25.95,23.9,-25.95,23.9,25.95,-23.9,25.95,-264.0050415039062,-995.6803466796875,-216.20504150390624,-995.6803466796875,-216.20504150390624,-943.7803466796875,-264.0050415039062,-943.7803466796875
SEATING,-23.9,-25.95,23.9,-25.95,23.9,25.95,-23.9,25.95,-226.33791504498907,-752.6018188421979,-274.1379150449891,-752.6018188531147,-274.1379150331359,-804.5018188531146,-226.33791503313594,-804.5018188421978
SEATING,-23.9,-25.95,23.9,-25.95,23.9,25.95,-23.9,25.95,-317.5875793516297,-752.6018188421979,-365.3875793516297,-752.6018188531147,-365.38757933977655,-804.5018188531146,-317.58757933977654,-804.5018188421978
STORAGE_FURNITURE,-90,-22.5,90,-22.5,90,22.5,-90,22.5,-45.04316711425778,-1291.6685791015625,-45.04316711425785,-1111.6685791015625,-90.04316711425784,-1111.6685791015625,-90.04316711425778,-1291.6685791015625
