in_product_family,in_bounding_box_x1,in_bounding_box_y1,in_bounding_box_x2,in_bounding_box_y2,in_bounding_box_x3,in_bounding_box_y3,in_bounding_box_x4,in_bounding_box_y4,out_bounding_box_x1,out_bounding_box_y1,out_bounding_box_x2,out_bounding_box_y2,out_bounding_box_x3,out_bounding_box_y3,out_bounding_box_x4,out_bounding_box_y4
ROOM,-436.11322,-19.5187,148.46551,-19.5187,148.46551,359.51233,-436.11322,359.51233,-436.11322,-19.5187,148.46551,-19.5187,148.46551,359.51233,-436.11322,359.51233
SOFA,-112,-49.75,112,-49.75,112,49.75,-112,49.75,58.843997955322266,359.5023193359375,-165.15600204467773,359.5023193359375,-165.15600204467773,260.0023193359375,58.843997955322266,260.0023193359375
STORAGE_FURNITURE,-67.6,-21.5,67.6,-21.5,67.6,21.5,-67.6,21.5,-139.9573226928711,-19.50869905948639,-4.757322692871099,-19.50869905948639,-4.757322692871099,23.49130094051361,-139.9573226928711,23.49130094051361
TABLE,-45.05,-25.1,45.05,-25.1,45.05,25.1,-45.05,25.1,-5.355288696289065,223.68987426757815,-95.45528869628906,223.68987426757812,-95.45528869628906,173.4898742675781,-5.355288696289065,173.48987426757813
STORAGE_FURNITURE,-38.4,-19.9,38.4,-19.9,38.4,19.9,-38.4,19.9,146.15117492675782,359.5123046875,69.3511749267578,359.5123046875,69.3511749267578,319.7123046875,146.15117492675782,319.7123046875
