in_product_family,in_bounding_box_x1,in_bounding_box_y1,in_bounding_box_x2,in_bounding_box_y2,in_bounding_box_x3,in_bounding_box_y3,in_bounding_box_x4,in_bounding_box_y4,out_bounding_box_x1,out_bounding_box_y1,out_bounding_box_x2,out_bounding_box_y2,out_bounding_box_x3,out_bounding_box_y3,out_bounding_box_x4,out_bounding_box_y4
ROOM,-479,-260.34012,-29.57297,-260.34012,-29.57297,164.39111,-479,164.39111,-479,-260.34012,-29.57297,-260.34012,-29.57297,164.39111,-479,164.39111
SOFA,-91,-45,91,-45,91,45,-91,45,-128.27264037588316,108.55612813700404,-304.25120936749295,154.98395659866284,-327.21002563974184,67.96158731709752,-151.23145664813202,21.53375885543872
STORAGE_FURNITURE,-73,-22.55,73,-22.55,73,22.55,-73,22.55,-470.53355102539064,57.59633922576904,-470.5335510253906,-88.40366077423096,-425.4335510253906,-88.40366077423096,-425.43355102539067,57.59633922576904
TABLE,-45,-45,45,-45,45,45,-45,45,-379.0689697265625,-235.99061584472656,-289.0689697265625,-235.99061584472656,-289.0689697265625,-145.99061584472656,-379.0689697265625,-145.99061584472656
SEATING,-22.45,-23.95,22.45,-23.95,22.45,23.95,-22.45,23.95,-426.9789611816406,-171.28426818847657,-426.9789611816406,-216.18426818847658,-379.07896118164064,-216.18426818847655,-379.07896118164064,-171.28426818847655
SEATING,-22.45,-23.95,22.45,-23.95,22.45,23.95,-22.45,23.95,-309.75367431640626,-99.58060913085937,-354.65367431640624,-99.58060913085939,-354.65367431640624,-147.48060913085936,-309.75367431640626,-147.48060913085936
