in_product_family,in_bounding_box_x1,in_bounding_box_y1,in_bounding_box_x2,in_bounding_box_y2,in_bounding_box_x3,in_bounding_box_y3,in_bounding_box_x4,in_bounding_box_y4,out_bounding_box_x1,out_bounding_box_y1,out_bounding_box_x2,out_bounding_box_y2,out_bounding_box_x3,out_bounding_box_y3,out_bounding_box_x4,out_bounding_box_y4
ROOM,-280.01378,-116.93419,276.78302,-116.93419,276.78302,642.42529,-280.01378,642.42529,-280.01378,-116.93419,276.78302,-116.93419,276.78302,642.42529,-280.01378,642.42529
SOFA,-105,-45,105,-45,105,45,-105,45,-280.0037689208984,138.5454444885254,-280.0037689208985,-71.4545555114746,-190.0037689208985,-71.45455551147462,-190.00376892089838,138.5454444885254
TABLE,-75.5,-40.5,75.5,-40.5,75.5,40.5,-75.5,40.5,-129.0037841796875,396.3892822265625,-280.0037841796875,396.3892822265625,-280.0037841796875,315.3892822265625,-129.0037841796875,315.3892822265625
