in_product_family,in_bounding_box_x1,in_bounding_box_y1,in_bounding_box_x2,in_bounding_box_y2,in_bounding_box_x3,in_bounding_box_y3,in_bounding_box_x4,in_bounding_box_y4,out_bounding_box_x1,out_bounding_box_y1,out_bounding_box_x2,out_bounding_box_y2,out_bounding_box_x3,out_bounding_box_y3,out_bounding_box_x4,out_bounding_box_y4
ROOM,-370.00434,-97.28144,149.99556,-97.28144,149.99556,357.40078,-370.00434,357.40078,-370.00434,-97.28144,149.99556,-97.28144,149.99556,357.40078,-370.00434,357.40078
SEATING,-23.55,-26.55,23.55,-26.55,23.55,26.55,-23.55,26.55,129.46387939453126,163.93307189941407,82.36387939453125,163.93307189941407,82.36387939453124,110.83307189941407,129.46387939453126,110.83307189941405
SEATING,-23.55,-26.55,23.55,-26.55,23.55,26.55,-23.55,26.55,62.07314376831055,165.16555480957032,14.97314376831055,165.16555480957032,14.973143768310543,112.06555480957032,62.073143768310544,112.0655548095703
SOFA,-77.95,-47.5,77.95,-47.5,77.95,47.5,-77.95,47.5,-369.99434191256165,61.523353365860395,-214.09434191256162,61.52335378745992,-214.0943421694696,156.5233537874599,-369.99434216946963,156.5233533658604
STORAGE_FURNITURE,-60.25,-22.8,60.25,-22.8,60.25,22.8,-60.25,22.8,-238.12603406054777,357.3838814188396,-358.62603389536895,357.3901907842779,-358.62842150585846,311.7901908467854,-238.12842167103727,311.7838814813471
SEATING,-32.65,-33.3,32.65,-33.3,32.65,33.3,-32.65,33.3,25.64953545982963,250.90674926655763,90.90738280994256,253.25267322725188,88.51475592200632,319.80968139750485,23.256908571893383,317.4637574368106
TABLE,-40,-40,40,-40,40,40,-40,40,-334.6622009277344,196.21485900878906,-254.66220092773438,196.21485900878906,-254.66220092773438,276.21485900878906,-334.6622009277344,276.21485900878906
