in_product_family,in_bounding_box_x1,in_bounding_box_y1,in_bounding_box_x2,in_bounding_box_y2,in_bounding_box_x3,in_bounding_box_y3,in_bounding_box_x4,in_bounding_box_y4,out_bounding_box_x1,out_bounding_box_y1,out_bounding_box_x2,out_bounding_box_y2,out_bounding_box_x3,out_bounding_box_y3,out_bounding_box_x4,out_bounding_box_y4
ROOM,-330.01837,-33.56959,340.61805,-33.56959,340.61805,279.08419,-330.01837,279.08419,-330.01837,-33.56959,340.61805,-33.56959,340.61805,279.08419,-330.01837,279.08419
RADIATOR,-29.45,-7.5,29.45,-7.5,29.45,7.5,-29.45,7.5,-329.58958740234374,55.953914642333984,-270.68958740234376,55.953914642333984,-270.68958740234376,70.95391464233398,-329.58958740234374,70.95391464233398
RADIATOR,-29.45,-7.5,29.45,-7.5,29.45,7.5,-29.45,7.5,-40.19667104989144,40.8008213107877,13.729979948428543,17.11271644557331,19.762604277430505,30.846158974856838,-34.16404672088948,54.53426384007122
