in_product_family,in_bounding_box_x1,in_bounding_box_y1,in_bounding_box_x2,in_bounding_box_y2,in_bounding_box_x3,in_bounding_box_y3,in_bounding_box_x4,in_bounding_box_y4,out_bounding_box_x1,out_bounding_box_y1,out_bounding_box_x2,out_bounding_box_y2,out_bounding_box_x3,out_bounding_box_y3,out_bounding_box_x4,out_bounding_box_y4
ROOM,-57.29891,-521.01,743.80305,-521.01,743.80305,293.84578,-57.29891,293.84578,-57.29891,-521.01,743.80305,-521.01,743.80305,293.84578,-57.29891,293.84578
TABLE,-100,-47.65,100,-47.65,100,47.65,-100,47.65,439.42523193359375,-447.1654113769531,639.4252319335938,-447.1654113769531,639.4252319335938,-351.86541137695315,439.42523193359375,-351.86541137695315
SOFA,-123.3,-125,123.3,-125,123.3,125,-123.3,125,743.6243896484375,-230.63746337890626,743.6243896484375,15.962536621093719,493.6243896484375,15.962536621093776,493.6243896484375,-230.6374633789062
SEATING,-27.5,-26.5,27.5,-26.5,27.5,26.5,-27.5,26.5,452.36370849609375,-500.1754150390625,507.36370849609375,-500.1754150390625,507.36370849609375,-447.1754150390625,452.36370849609375,-447.1754150390625
SEATING,-27.5,-26.5,27.5,-26.5,27.5,26.5,-27.5,26.5,573.9429321289062,-500.1754150390625,628.9429321289062,-500.1754150390625,628.9429321289062,-447.1754150390625,573.9429321289062,-447.1754150390625
SEATING,-27.5,-26.5,27.5,-26.5,27.5,26.5,-27.5,26.5,634.54345703125,-298.85540771484375,579.54345703125,-298.85540771484375,579.54345703125,-351.85540771484375,634.54345703125,-351.85540771484375
SEATING,-27.5,-26.5,27.5,-26.5,27.5,26.5,-27.5,26.5,511.3403625488281,-298.85540771484375,456.3403625488281,-298.85540771484375,456.3403625488281,-351.85540771484375,511.3403625488281,-351.85540771484375
