in_product_family,in_bounding_box_x1,in_bounding_box_y1,in_bounding_box_x2,in_bounding_box_y2,in_bounding_box_x3,in_bounding_box_y3,in_bounding_box_x4,in_bounding_box_y4,out_bounding_box_x1,out_bounding_box_y1,out_bounding_box_x2,out_bounding_box_y2,out_bounding_box_x3,out_bounding_box_y3,out_bounding_box_x4,out_bounding_box_y4
ROOM,-571.39684,409.08982,4.33649,409.08982,4.33649,759.09003,-571.39684,759.09003,-571.39684,409.08982,4.33649,409.08982,4.33649,759.09003,-571.39684,759.09003
SOFA,-109.85,-92.25,109.85,-92.25,109.85,92.25,-109.85,92.25,-261.39697265625,409.099951171875,-261.39697265625,628.7999511718749,-445.89697265625,628.799951171875,-445.89697265625,409.09995117187503
SEATING,-23.9,-25.95,23.9,-25.95,23.9,25.95,-23.9,25.95,-52.57095451354981,612.1685546875,-52.57095451354979,564.3685546875,-0.6709545135497983,564.3685546875,-0.6709545135498125,612.1685546875
STORAGE_FURNITURE,-58.5,-25,58.5,-25,58.5,25,-58.5,25,-521.3868408203125,409.099853515625,-521.3868408203125,526.099853515625,-571.3868408203125,526.099853515625,-571.3868408203125,409.099853515625
