in_product_family,in_bounding_box_x1,in_bounding_box_y1,in_bounding_box_x2,in_bounding_box_y2,in_bounding_box_x3,in_bounding_box_y3,in_bounding_box_x4,in_bounding_box_y4,out_bounding_box_x1,out_bounding_box_y1,out_bounding_box_x2,out_bounding_box_y2,out_bounding_box_x3,out_bounding_box_y3,out_bounding_box_x4,out_bounding_box_y4
ROOM,53.40395,20,859.18085,20,859.18085,1130.01,53.40395,1130.01,53.40395,20,859.18085,20,859.18085,1130.01,53.40395,1130.01
SOFA,-130.3,-83.7,130.3,-83.7,130.3,83.7,-130.3,83.7,319.3439438179369,439.01466907470837,58.74394381793695,439.01466442138536,58.74394680706308,271.6146644213854,319.34394680706305,271.6146690747084
STORAGE_FURNITURE,-100,-22.5,100,-22.5,100,22.5,-100,22.5,96.7191162109375,20.303253173828125,296.7191162109375,20.303253173828125,296.7191162109375,65.30325317382812,96.7191162109375,65.30325317382812
TABLE,-90,-45,90,-45,90,45,-90,45,538.8283081054688,355.1661376953125,538.8283081054688,175.1661376953125,628.8283081054688,175.1661376953125,628.8283081054688,355.1661376953125
