in_product_family,in_bounding_box_x1,in_bounding_box_y1,in_bounding_box_x2,in_bounding_box_y2,in_bounding_box_x3,in_bounding_box_y3,in_bounding_box_x4,in_bounding_box_y4,out_bounding_box_x1,out_bounding_box_y1,out_bounding_box_x2,out_bounding_box_y2,out_bounding_box_x3,out_bounding_box_y3,out_bounding_box_x4,out_bounding_box_y4
ROOM,-179.5,-198.995,230.5,-198.995,230.5,381.005,-179.5,381.005,-179.5,-198.995,230.5,-198.995,230.5,381.005,-179.5,381.005
SOFA,-123.3,-47.05,123.3,-47.05,123.3,47.05,-123.3,47.05,7.196170043945315,-198.9857604980469,253.79617004394532,-198.9857604980469,253.79617004394532,-104.88576049804688,7.196170043945315,-104.88576049804688
STORAGE_FURNITURE,-90,-20,90,-20,90,20,-90,20,230.49000549316406,7.227546691894531,230.49000549316406,187.22754669189453,190.49000549316406,187.22754669189453,190.49000549316406,7.227546691894531
TABLE,-73.45,-46.2,73.45,-46.2,73.45,46.2,-73.45,46.2,-150.9294235229492,-200.18576354980468,-4.029423522949216,-200.18576354980468,-4.029423522949216,-107.78576354980468,-150.9294235229492,-107.78576354980468
SEATING,-21.25,-20.05,21.25,-20.05,21.25,20.05,-21.25,20.05,-52.17615509033203,-68.8799087524414,-94.67615509033203,-68.87990875244141,-94.67615509033203,-108.97990875244142,-52.17615509033203,-108.9799087524414
SEATING,-21.25,-20.05,21.25,-20.05,21.25,20.05,-21.25,20.05,19.243553130670644,-174.00180919813926,15.891539176470015,-131.63420361969236,-24.083542792841055,-134.79692737412637,-20.731528838640426,-177.16453295257327
