in_product_family,in_bounding_box_x1,in_bounding_box_y1,in_bounding_box_x2,in_bounding_box_y2,in_bounding_box_x3,in_bounding_box_y3,in_bounding_box_x4,in_bounding_box_y4,out_bounding_box_x1,out_bounding_box_y1,out_bounding_box_x2,out_bounding_box_y2,out_bounding_box_x3,out_bounding_box_y3,out_bounding_box_x4,out_bounding_box_y4
ROOM,-266.84034,-283.80717,264.5,-283.80717,264.5,276,-266.84034,276,-266.84034,-283.80717,264.5,-283.80717,264.5,276,-266.84034,276
RADIATOR,-24.8,-5.5,24.8,-5.5,24.8,5.5,-24.8,5.5,-55.67446136474609,-222.30263977050782,-55.6744613647461,-172.7026397705078,-66.67446136474611,-172.7026397705078,-66.67446136474608,-222.30263977050782
SOFA,-110.5,-45.5,110.5,-45.5,110.5,45.5,-110.5,45.5,264.49000549316406,-87.98140525817873,264.49000549316406,133.0185947418213,173.4900054931641,133.0185947418213,173.49000549316403,-87.9814052581787
LIGHTING,-31.1,-29.5,31.1,-29.5,31.1,29.5,-31.1,29.5,257.96457824707034,275.989990234375,195.76457824707032,275.989990234375,195.76457824707032,216.989990234375,257.96457824707034,216.989990234375
DECORATION,-75,-100,75,-100,75,100,-75,100,2.5556411743164062,-82.84446716308594,152.5556411743164,-82.84446716308594,152.5556411743164,117.15553283691406,2.5556411743164062,117.15553283691406
TABLE,-45.05,-25.1,45.05,-25.1,45.05,25.1,-45.05,25.1,65.67036285400388,68.04694252014158,65.67036285400391,-22.053057479858403,115.87036285400393,-22.05305747985839,115.8703628540039,68.04694252014161
