in_product_family,in_bounding_box_x1,in_bounding_box_y1,in_bounding_box_x2,in_bounding_box_y2,in_bounding_box_x3,in_bounding_box_y3,in_bounding_box_x4,in_bounding_box_y4,out_bounding_box_x1,out_bounding_box_y1,out_bounding_box_x2,out_bounding_box_y2,out_bounding_box_x3,out_bounding_box_y3,out_bounding_box_x4,out_bounding_box_y4
ROOM,254.22096,146.26595,895.17413,146.26595,895.17413,514.00324,254.22096,514.00324,254.22096,146.26595,895.17413,146.26595,895.17413,514.00324,254.22096,514.00324
SEATING,-27.7,-28.6,27.7,-28.6,27.7,28.6,-27.7,28.6,571.0682495117187,467.28818359375,626.4682495117188,467.28818359375,626.4682495117188,524.48818359375,571.0682495117187,524.48818359375
SOFA,-163.65,-78.8,163.65,-78.8,163.65,78.8,-163.65,78.8,760.1031860351562,408.66712646484376,432.8031860351563,408.6671264648437,432.8031860351563,251.06712646484374,760.1031860351562,251.06712646484377
