in_product_family,in_bounding_box_x1,in_bounding_box_y1,in_bounding_box_x2,in_bounding_box_y2,in_bounding_box_x3,in_bounding_box_y3,in_bounding_box_x4,in_bounding_box_y4,out_bounding_box_x1,out_bounding_box_y1,out_bounding_box_x2,out_bounding_box_y2,out_bounding_box_x3,out_bounding_box_y3,out_bounding_box_x4,out_bounding_box_y4
ROOM,-500,26.39855,21.13024,26.39855,21.13024,400.20053,-500,400.20053,-500,26.39855,21.13024,26.39855,21.13024,400.20053,-500,400.20053
SOFA,-93,-54.5,93,-54.5,93,54.5,-93,54.5,-67.00574493408206,119.03067016601561,-67.005744934082,305.0306701660156,-176.005744934082,305.0306701660156,-176.00574493408206,119.03067016601564
SEATING,-46.5,-42.3,46.5,-42.3,46.5,42.3,-46.5,42.3,-319.48956298828125,56.43870086669922,-226.48956298828125,56.43870086669922,-226.48956298828125,141.03870086669923,-319.48956298828125,141.03870086669923
SEATING,-46.5,-42.3,46.5,-42.3,46.5,42.3,-46.5,42.3,-223.47079467773438,388.7901123046875,-316.4707946777344,388.7901123046875,-316.4707946777344,304.1901123046875,-223.47079467773438,304.1901123046875
TABLE,-50.2,-27.55,50.2,-27.55,50.2,27.55,-50.2,27.55,-243.29912109375002,170.55677490234373,-243.29912109375,270.95677490234374,-298.39912109375,270.95677490234374,-298.39912109375,170.55677490234376
STORAGE_FURNITURE,-82.5,-20,82.5,-20,82.5,20,-82.5,20,-499.989990234375,299.3765563964844,-499.989990234375,134.37655639648438,-459.989990234375,134.37655639648438,-459.989990234375,299.3765563964844
