in_product_family,in_bounding_box_x1,in_bounding_box_y1,in_bounding_box_x2,in_bounding_box_y2,in_bounding_box_x3,in_bounding_box_y3,in_bounding_box_x4,in_bounding_box_y4,out_bounding_box_x1,out_bounding_box_y1,out_bounding_box_x2,out_bounding_box_y2,out_bounding_box_x3,out_bounding_box_y3,out_bounding_box_x4,out_bounding_box_y4
ROOM,1503.13121,-615.18939,2150.40152,-615.18939,2150.40152,111.67424,1503.13121,111.67424,1503.13121,-615.18939,2150.40152,-615.18939,2150.40152,111.67424,1503.13121,111.67424
SOFA,-120.6,-49.55,120.6,-49.55,120.6,49.55,-120.6,49.55,2033.22890625,-315.144580078125,1792.02890625,-315.14458007812505,1792.02890625,-414.244580078125,2033.22890625,-414.24458007812495
STORAGE_FURNITURE,-73.5,-17.5,73.5,-17.5,73.5,17.5,-73.5,17.5,1839.8831787109375,-615.179443359375,1986.8831787109375,-615.179443359375,1986.8831787109375,-580.179443359375,1839.8831787109375,-580.179443359375
STORAGE_FURNITURE,-48.5,-17.75,48.5,-17.75,48.5,17.75,-48.5,17.75,1503.14111328125,43.03400659561158,1503.14111328125,-53.96599340438842,1538.64111328125,-53.965993404388435,1538.64111328125,43.034006595611565
STORAGE_FURNITURE,-44.5,-16.1,44.5,-16.1,44.5,16.1,-44.5,16.1,1503.132666015625,-58.62194061279296,1503.132666015625,-147.62194061279297,1535.332666015625,-147.62194061279297,1535.332666015625,-58.621940612792976
