in_product_family,in_bounding_box_x1,in_bounding_box_y1,in_bounding_box_x2,in_bounding_box_y2,in_bounding_box_x3,in_bounding_box_y3,in_bounding_box_x4,in_bounding_box_y4,out_bounding_box_x1,out_bounding_box_y1,out_bounding_box_x2,out_bounding_box_y2,out_bounding_box_x3,out_bounding_box_y3,out_bounding_box_x4,out_bounding_box_y4
ROOM,-227.11904,-416.02706,413.78523,-416.02706,413.78523,43.45329,-227.11904,43.45329,-227.11904,-416.02706,413.78523,-416.02706,413.78523,43.45329,-227.11904,43.45329
SOFA,-83.5,-46.95,83.5,-46.95,83.5,46.95,-83.5,46.95,-12.609901428222656,-307.0807373046875,154.39009857177734,-307.0807373046875,154.39009857177734,-213.1807373046875,-12.609901428222656,-213.1807373046875
SOFA,-83.5,-46.95,83.5,-46.95,83.5,46.95,-83.5,46.95,264.86967773437505,-205.18611907958984,264.869677734375,-38.18611907958983,170.96967773437495,-38.18611907958986,170.969677734375,-205.18611907958984
STORAGE_FURNITURE,-100,-22.5,100,-22.5,100,22.5,-100,22.5,-136.83467102050778,-4.231430053710923,-136.83467102050784,-204.23143005371094,-91.83467102050786,-204.23143005371094,-91.83467102050777,-4.231430053710952
