in_product_family,in_bounding_box_x1,in_bounding_box_y1,in_bounding_box_x2,in_bounding_box_y2,in_bounding_box_x3,in_bounding_box_y3,in_bounding_box_x4,in_bounding_box_y4,out_bounding_box_x1,out_bounding_box_y1,out_bounding_box_x2,out_bounding_box_y2,out_bounding_box_x3,out_bounding_box_y3,out_bounding_box_x4,out_bounding_box_y4
ROOM,-232.61765,-124.59615,417.38209,-124.59615,417.38209,430.40397,-232.61765,430.40397,-232.61765,-124.59615,417.38209,-124.59615,417.38209,430.40397,-232.61765,430.40397
TABLE,-52.5,-54.5,52.5,-54.5,52.5,54.5,-52.5,54.5,108.54122945157958,125.3477709022043,108.54122904451417,20.347770902204303,217.54122904451418,20.347770479631635,217.54122945157957,125.34777047963163
SOFA,-108.65,-44.4,108.65,-44.4,108.65,44.4,-108.65,44.4,62.10953674316406,-124.49114837646485,279.40953674316404,-124.49114837646485,279.40953674316404,-35.691148376464845,62.10953674316406,-35.691148376464845
TABLE,-63,-31.05,63,-31.05,63,31.05,-63,31.05,-8.017356109619158,279.89398193359375,-8.017356109619122,405.89398193359375,-70.11735610961912,405.89398193359375,-70.11735610961915,279.89398193359375
SEATING,-32.65,-33.3,32.65,-33.3,32.65,33.3,-32.65,33.3,-134.76170133745842,344.3508977379551,-137.3410258421996,279.1018587787548,-70.79300142133066,276.47118478157614,-68.21367691658948,341.7202237407765
DECORATION,-75,-100,75,-100,75,100,-75,100,254.50765991210938,220.72537231445312,404.5076599121094,220.72537231445312,404.5076599121094,420.7253723144531,254.50765991210938,420.7253723144531
