in_product_family,in_bounding_box_x1,in_bounding_box_y1,in_bounding_box_x2,in_bounding_box_y2,in_bounding_box_x3,in_bounding_box_y3,in_bounding_box_x4,in_bounding_box_y4,out_bounding_box_x1,out_bounding_box_y1,out_bounding_box_x2,out_bounding_box_y2,out_bounding_box_x3,out_bounding_box_y3,out_bounding_box_x4,out_bounding_box_y4
ROOM,-160.30384,-173.21295,169.10815,-173.21295,169.10815,165.78706,-160.30384,165.78706,-160.30384,-173.21295,169.10815,-173.21295,169.10815,165.78706,-160.30384,165.78706
SOFA,-95,-49.5,95,-49.5,95,49.5,-95,49.5,-160.30117797851565,119.430513381958,-160.3011779785156,-70.569486618042,-61.3011779785156,-70.56948661804198,-61.30117797851565,119.43051338195802
RADIATOR,-59.95,-3.95,59.95,-3.95,59.95,3.95,-59.95,3.95,5.559506225585935,-173.20294494628905,125.45950622558594,-173.20294494628905,125.45950622558594,-165.30294494628907,5.559506225585935,-165.30294494628907
SEATING,-18.3,-18.4,18.3,-18.4,18.3,18.4,-18.3,18.4,36.96022720336914,-14.000072383880614,73.56022720336914,-14.000072383880614,73.56022720336914,22.799927616119383,36.96022720336914,22.799927616119383
SEATING,-18.3,-18.4,18.3,-18.4,18.3,18.4,-18.3,18.4,35.09142990112305,-69.45587768554688,71.69142990112304,-69.45587768554688,71.69142990112304,-32.655877685546876,35.09142990112305,-32.655877685546876
RADIATOR,-17.05,-5,17.05,-5,17.05,5,-17.05,5,-160.30380249023438,165.77706604003907,-160.30380249023438,131.67706604003905,-150.30380249023438,131.67706604003905,-150.30380249023438,165.77706604003907
