in_product_family,in_bounding_box_x1,in_bounding_box_y1,in_bounding_box_x2,in_bounding_box_y2,in_bounding_box_x3,in_bounding_box_y3,in_bounding_box_x4,in_bounding_box_y4,out_bounding_box_x1,out_bounding_box_y1,out_bounding_box_x2,out_bounding_box_y2,out_bounding_box_x3,out_bounding_box_y3,out_bounding_box_x4,out_bounding_box_y4
ROOM,-42.88789,-1772.0225,498.64133,-1772.0225,498.64133,-1039.13717,-42.88789,-1039.13717,-42.88789,-1772.0225,498.64133,-1772.0225,498.64133,-1039.13717,-42.88789,-1039.13717
SOFA,-112,-49.75,112,-49.75,112,49.75,-112,49.75,485.6856994628906,-1724.9329833984375,485.6856994628906,-1500.9329833984375,386.1856994628906,-1500.9329833984375,386.1856994628906,-1724.9329833984375
STORAGE_FURNITURE,-80,-20,80,-20,80,20,-80,20,-2.8166465759277557,-1721.084228515625,-2.816646575927713,-1561.084228515625,-42.81664657592771,-1561.084228515625,-42.816646575927756,-1721.084228515625
TABLE,-80.85,-41.25,80.85,-41.25,80.85,41.25,-80.85,41.25,238.18678283691403,-1408.8044677734374,238.1867828369141,-1247.1044677734376,155.6867828369141,-1247.1044677734376,155.68678283691403,-1408.8044677734374
