in_product_family,in_bounding_box_x1,in_bounding_box_y1,in_bounding_box_x2,in_bounding_box_y2,in_bounding_box_x3,in_bounding_box_y3,in_bounding_box_x4,in_bounding_box_y4,out_bounding_box_x1,out_bounding_box_y1,out_bounding_box_x2,out_bounding_box_y2,out_bounding_box_x3,out_bounding_box_y3,out_bounding_box_x4,out_bounding_box_y4
ROOM,-339.79491,-791.9105,261.20509,-791.9105,261.20509,-19.04221,-339.79491,-19.04221,-339.79491,-791.9105,261.20509,-791.9105,261.20509,-19.04221,-339.79491,-19.04221
STORAGE_FURNITURE,-90,-22.5,90,-22.5,90,22.5,-90,22.5,26.74101066589353,-325.41224670410156,26.74101066589358,-145.41224670410156,-18.25898933410642,-145.41224670410156,-18.25898933410647,-325.41224670410156
LIGHTING,-31.1,-29.5,31.1,-29.5,31.1,29.5,-31.1,29.5,-35.45899114608765,-401.25531005859375,26.741008853912355,-401.25531005859375,26.741008853912355,-342.25531005859375,-35.45899114608765,-342.25531005859375
TABLE,-90,-45,90,-45,90,45,-90,45,-220.46792602539065,-508.134033203125,-220.4679260253906,-688.134033203125,-130.4679260253906,-688.134033203125,-130.46792602539065,-508.134033203125
TABLE,-49,-48.75,49,-48.75,49,48.75,-49,48.75,-219.87535095214844,-243.2589874267578,-121.87535095214844,-243.2589874267578,-121.87535095214844,-145.7589874267578,-219.87535095214844,-145.7589874267578
SOFA,-105,-45,105,-45,105,45,-105,45,-339.78491210937494,-89.50897216796874,-339.78491210937506,-299.50897216796875,-249.78491210937506,-299.50897216796875,-249.78491210937494,-89.50897216796876
SEATING,-31.2,-47.75,31.2,-47.75,31.2,47.75,-31.2,47.75,-205.17740173339843,-400.4635009765625,-142.77740173339845,-400.4635009765625,-142.77740173339845,-304.9635009765625,-205.17740173339843,-304.9635009765625
