in_product_family,in_bounding_box_x1,in_bounding_box_y1,in_bounding_box_x2,in_bounding_box_y2,in_bounding_box_x3,in_bounding_box_y3,in_bounding_box_x4,in_bounding_box_y4,out_bounding_box_x1,out_bounding_box_y1,out_bounding_box_x2,out_bounding_box_y2,out_bounding_box_x3,out_bounding_box_y3,out_bounding_box_x4,out_bounding_box_y4
ROOM,171.60258,-591.40905,975.06969,-591.40905,975.06969,43.94671,171.60258,43.94671,171.60258,-591.40905,975.06969,-591.40905,975.06969,43.94671,171.60258,43.94671
SEATING,-24.2,-23.55,24.2,-23.55,24.2,23.55,-24.2,23.55,338.67747192382814,-347.92478637695314,387.0774719238281,-347.92478637695314,387.0774719238281,-300.8247863769531,338.67747192382814,-300.8247863769531
SEATING,-24.2,-23.55,24.2,-23.55,24.2,23.55,-24.2,23.55,415.26533203125,-347.92478637695314,463.66533203125,-347.92478637695314,463.66533203125,-300.8247863769531,415.26533203125,-300.8247863769531
SEATING,-24.2,-23.55,24.2,-23.55,24.2,23.55,-24.2,23.55,490.75355224609376,-347.92478637695314,539.1535522460938,-347.92478637695314,539.1535522460938,-300.8247863769531,490.75355224609376,-300.8247863769531
SOFA,-109.85,-92.25,109.85,-92.25,109.85,92.25,-109.85,92.25,667.9165649414062,17.36186370849606,667.9165649414062,-202.33813629150393,852.4165649414062,-202.33813629150387,852.4165649414062,17.361863708496116
TABLE,-90,-40,90,-40,90,40,-90,40,310.5697937011719,-120.83598327636719,490.5697937011719,-120.83598327636719,490.5697937011719,-40.83598327636719,310.5697937011719,-40.83598327636719
STORAGE_FURNITURE,-45,-20,45,-20,45,20,-45,20,965.9801635742188,-325.30279541015625,965.9801635742188,-235.30279541015625,925.9801635742188,-235.30279541015625,925.9801635742188,-325.30279541015625
