in_product_family,in_bounding_box_x1,in_bounding_box_y1,in_bounding_box_x2,in_bounding_box_y2,in_bounding_box_x3,in_bounding_box_y3,in_bounding_box_x4,in_bounding_box_y4,out_bounding_box_x1,out_bounding_box_y1,out_bounding_box_x2,out_bounding_box_y2,out_bounding_box_x3,out_bounding_box_y3,out_bounding_box_x4,out_bounding_box_y4
ROOM,-284.15793,-263.99999,608.96205,-263.99999,608.96205,714.36959,-284.15793,714.36959,-284.15793,-263.99999,608.96205,-263.99999,608.96205,714.36959,-284.15793,714.36959
TABLE,-44.95,-44.95,44.95,-44.95,44.95,44.95,-44.95,44.95,404.2836515165066,454.0507234971859,494.1836515028141,454.0491544461941,494.1852205538059,543.9491544325016,404.2852205674984,543.9507234834933
SOFA,-163.65,-78.8,163.65,-78.8,163.65,78.8,-163.65,78.8,277.44426879882815,331.5530578613281,604.7442687988281,331.5530578613281,604.7442687988281,489.15305786132814,277.44426879882815,489.15305786132814
