in_product_family,in_bounding_box_x1,in_bounding_box_y1,in_bounding_box_x2,in_bounding_box_y2,in_bounding_box_x3,in_bounding_box_y3,in_bounding_box_x4,in_bounding_box_y4,out_bounding_box_x1,out_bounding_box_y1,out_bounding_box_x2,out_bounding_box_y2,out_bounding_box_x3,out_bounding_box_y3,out_bounding_box_x4,out_bounding_box_y4
ROOM,-382.13974,-684.58057,495.80621,-684.58057,495.80621,1.44562,-382.13974,1.44562,-382.13974,-684.58057,495.80621,-684.58057,495.80621,1.44562,-382.13974,1.44562
TABLE,-129.8,-44.75,129.8,-44.75,129.8,44.75,-129.8,44.75,40.10700988769536,-293.5619995117187,40.10700988769526,-553.1619995117187,129.60700988769526,-553.1619995117188,129.60700988769537,-293.5619995117188
SOFA,-123.3,-125,123.3,-125,123.3,125,-123.3,125,248.2041809082031,-295.053955078125,494.80418090820314,-295.053955078125,494.80418090820314,-45.053955078125,248.2041809082031,-45.053955078125
STORAGE_FURNITURE,-55,-22.5,55,-22.5,55,22.5,-55,22.5,494.79620361328125,-413.6839904785156,494.79620361328125,-303.6839904785156,449.79620361328125,-303.6839904785156,449.79620361328125,-413.6839904785156
STORAGE_FURNITURE,-40,-20,40,-20,40,20,-40,20,72.40099334716797,-38.566551208496094,152.40099334716797,-38.566551208496094,152.40099334716797,1.4334487915039062,72.40099334716797,1.4334487915039062
STORAGE_FURNITURE,-40,-20,40,-20,40,20,-40,20,152.41099548339844,-38.566551208496094,232.41099548339844,-38.566551208496094,232.41099548339844,1.4334487915039062,152.41099548339844,1.4334487915039062
