in_product_family,in_bounding_box_x1,in_bounding_box_y1,in_bounding_box_x2,in_bounding_box_y2,in_bounding_box_x3,in_bounding_box_y3,in_bounding_box_x4,in_bounding_box_y4,out_bounding_box_x1,out_bounding_box_y1,out_bounding_box_x2,out_bounding_box_y2,out_bounding_box_x3,out_bounding_box_y3,out_bounding_box_x4,out_bounding_box_y4
ROOM,-315.59015,-216.92,497.41,-216.92,497.41,372.08,-315.59015,372.08,-315.59015,-216.92,497.41,-216.92,497.41,372.08,-315.59015,372.08
SOFA,-130.3,-83.7,130.3,-83.7,130.3,83.7,-130.3,83.7,389.02000122070314,55.866149139404286,128.4200012207031,55.866149139404314,128.4200012207031,-111.53385086059569,389.02000122070314,-111.53385086059572
TABLE,-100,-47.65,100,-47.65,100,47.65,-100,47.65,181.29031372070312,158.39008483886718,381.2903137207031,158.39008483886718,381.2903137207031,253.6900848388672,181.29031372070312,253.6900848388672
