in_product_family,in_bounding_box_x1,in_bounding_box_y1,in_bounding_box_x2,in_bounding_box_y2,in_bounding_box_x3,in_bounding_box_y3,in_bounding_box_x4,in_bounding_box_y4,out_bounding_box_x1,out_bounding_box_y1,out_bounding_box_x2,out_bounding_box_y2,out_bounding_box_x3,out_bounding_box_y3,out_bounding_box_x4,out_bounding_box_y4
ROOM,-1233.1215,-469.90346,-471.37497,-469.90346,-471.37497,-98.53229,-1233.1215,-98.53229,-1233.1215,-469.90346,-471.37497,-469.90346,-471.37497,-98.53229,-1233.1215,-98.53229
STORAGE_FURNITURE,-69.6,-23.9,69.6,-23.9,69.6,23.9,-69.6,23.9,-556.4138549804687,-99.56550750732421,-695.6138549804688,-99.56550750732423,-695.6138549804688,-147.36550750732422,-556.4138549804687,-147.3655075073242
TABLE,-45,-44.75,45,-44.75,45,44.75,-45,44.75,-667.1632690429688,-287.0330047607422,-577.1632690429688,-287.0330047607422,-577.1632690429688,-197.5330047607422,-667.1632690429688,-197.5330047607422
SEATING,-37,-45.75,37,-45.75,37,45.75,-37,45.75,-471.375,-292.51939392089844,-471.375,-218.51939392089844,-562.875,-218.51939392089844,-562.875,-292.51939392089844
SEATING,-47,-27.2,47,-27.2,47,27.2,-47,27.2,-773.9994611407662,-453.4235829716908,-773.9994646404838,-359.42358297169085,-828.3994646404838,-359.4235849970592,-828.3994611407662,-453.42358499705915
SEATING,-47,-27.2,47,-27.2,47,27.2,-47,27.2,-774.365366902485,-404.3972463017689,-774.3653704022025,-310.397246301769,-828.7653704022025,-310.39724832713733,-828.765366902485,-404.3972483271373
SEATING,-47,-27.2,47,-27.2,47,27.2,-47,27.2,-471.17499999999995,-417.33935546875,-471.175,-323.33935546875,-525.575,-323.33935546875,-525.5749999999999,-417.33935546875
SEATING,-47,-27.2,47,-27.2,47,27.2,-47,27.2,-471.5410278320312,-368.3131103515625,-471.54102783203126,-274.3131103515625,-525.9410278320313,-274.3131103515625,-525.9410278320312,-368.3131103515625
