in_product_family,in_bounding_box_x1,in_bounding_box_y1,in_bounding_box_x2,in_bounding_box_y2,in_bounding_box_x3,in_bounding_box_y3,in_bounding_box_x4,in_bounding_box_y4,out_bounding_box_x1,out_bounding_box_y1,out_bounding_box_x2,out_bounding_box_y2,out_bounding_box_x3,out_bounding_box_y3,out_bounding_box_x4,out_bounding_box_y4
ROOM,-525,-522.5,858.34131,-522.5,858.34131,282.27577,-525,282.27577,-525,-522.5,858.34131,-522.5,858.34131,282.27577,-525,282.27577
SOFA,-146,-76.8,146,-76.8,146,76.8,-146,76.8,306.07989501953125,-522.4900329589843,598.0798950195312,-522.4900329589843,598.0798950195312,-368.89003295898436,306.07989501953125,-368.89003295898436
SEATING,-39,-35,39,-35,39,35,-39,35,668.1283569335938,-522.4900207519531,746.1283569335938,-522.4900207519531,746.1283569335938,-452.4900207519531,668.1283569335938,-452.4900207519531
SEATING,-39,-35,39,-35,39,35,-39,35,135.86740112304688,-522.4900207519531,213.86740112304688,-522.4900207519531,213.86740112304688,-452.4900207519531,135.86740112304688,-452.4900207519531
STORAGE_FURNITURE,-75.25,-20.35,75.25,-20.35,75.25,20.35,-75.25,20.35,349.3079528808594,-163.546533203125,499.8079528808594,-163.546533203125,499.8079528808594,-122.846533203125,349.3079528808594,-122.846533203125
TABLE,-85,-37.8,85,-37.8,85,37.8,-85,37.8,327.6101989746094,-348.81629638671876,497.6101989746094,-348.81629638671876,497.6101989746094,-273.21629638671874,327.6101989746094,-273.21629638671874
DECORATION,-6.05,-6.15,6.05,-6.15,6.05,6.15,-6.05,6.15,418.5834533691406,-328.1257080078125,430.68345336914064,-328.1257080078125,430.68345336914064,-315.8257080078125,418.5834533691406,-315.8257080078125
