in_product_family,in_bounding_box_x1,in_bounding_box_y1,in_bounding_box_x2,in_bounding_box_y2,in_bounding_box_x3,in_bounding_box_y3,in_bounding_box_x4,in_bounding_box_y4,out_bounding_box_x1,out_bounding_box_y1,out_bounding_box_x2,out_bounding_box_y2,out_bounding_box_x3,out_bounding_box_y3,out_bounding_box_x4,out_bounding_box_y4
ROOM,-400,-400,515.4021,-400,515.4021,59.3769,-400,59.3769,-400,-400,515.4021,-400,515.4021,59.3769,-400,59.3769
TABLE,-70,-35,70,-35,70,35,-70,35,253.05401611328125,-253.16134643554688,393.05401611328125,-253.16134643554688,393.05401611328125,-183.16134643554688,253.05401611328125,-183.16134643554688
TABLE,-45,-27.5,45,-27.5,45,27.5,-45,27.5,252.57115173339844,-151.29473114013672,252.57115173339844,-61.294731140136726,197.57115173339844,-61.29473114013671,197.57115173339844,-151.29473114013672
STORAGE_FURNITURE,-64.9,-23.05,64.9,-23.05,64.9,23.05,-64.9,23.05,116.16325683593749,-41.50584564208984,116.16325683593752,-171.30584564208985,162.2632568359375,-171.30584564208985,162.26325683593748,-41.50584564208984
SOFA,-81.35,-36.1,81.35,-36.1,81.35,36.1,-81.35,36.1,364.2415405273437,-176.1413513183594,364.2415405273438,-13.441351318359395,292.0415405273438,-13.441351318359366,292.0415405273437,-176.14135131835934
