in_product_family,in_bounding_box_x1,in_bounding_box_y1,in_bounding_box_x2,in_bounding_box_y2,in_bounding_box_x3,in_bounding_box_y3,in_bounding_box_x4,in_bounding_box_y4,out_bounding_box_x1,out_bounding_box_y1,out_bounding_box_x2,out_bounding_box_y2,out_bounding_box_x3,out_bounding_box_y3,out_bounding_box_x4,out_bounding_box_y4
ROOM,41.83866,-5.4498,1006.49635,-5.4498,1006.49635,778.99043,41.83866,778.99043,41.83866,-5.4498,1006.49635,-5.4498,1006.49635,778.99043,41.83866,778.99043
SOFA,-146,-76.8,146,-76.8,146,76.8,-146,76.8,350.8193817138672,293.6990783691406,58.81938171386719,293.69907836914064,58.81938171386719,140.09907836914064,350.8193817138672,140.0990783691406
STORAGE_FURNITURE,-80,-20,80,-20,80,20,-80,20,111.29682922363281,6.645273208618164,271.2968292236328,6.645273208618164,271.2968292236328,46.645273208618164,111.29682922363281,46.645273208618164
STORAGE_FURNITURE,-80,-22.5,80,-22.5,80,22.5,-80,22.5,53.87853240966802,698.4222412109375,53.87853240966792,538.4222412109375,98.87853240966791,538.4222412109375,98.87853240966803,698.4222412109375
