in_product_family,in_bounding_box_x1,in_bounding_box_y1,in_bounding_box_x2,in_bounding_box_y2,in_bounding_box_x3,in_bounding_box_y3,in_bounding_box_x4,in_bounding_box_y4,out_bounding_box_x1,out_bounding_box_y1,out_bounding_box_x2,out_bounding_box_y2,out_bounding_box_x3,out_bounding_box_y3,out_bounding_box_x4,out_bounding_box_y4
ROOM,-611.06608,-222.88533,126.68498,-222.88533,126.68498,349.92438,-611.06608,349.92438,-611.06608,-222.88533,126.68498,-222.88533,126.68498,349.92438,-611.06608,349.92438
SOFA,-121.25,-79.45,121.25,-79.45,121.25,79.45,-121.25,79.45,-223.17060546875,-147.3049468994141,-223.17060546874995,95.19505310058591,-382.07060546875,95.19505310058597,-382.07060546875005,-147.30494689941403
STORAGE_FURNITURE,-90,-22.5,90,-22.5,90,22.5,-90,22.5,-490.3341064453125,71.33138084411621,-490.3341064453125,-108.66861915588379,-445.3341064453125,-108.66861915588379,-445.3341064453125,71.33138084411621
STORAGE_FURNITURE,-77.6,-24,77.6,-24,77.6,24,-77.6,24,-264.0646346888661,347.14468927757616,-419.2613282683822,348.15775491502546,-419.5746475376964,300.15877751929884,-264.3779539581803,299.14571188184954
