in_product_family,in_bounding_box_x1,in_bounding_box_y1,in_bounding_box_x2,in_bounding_box_y2,in_bounding_box_x3,in_bounding_box_y3,in_bounding_box_x4,in_bounding_box_y4,out_bounding_box_x1,out_bounding_box_y1,out_bounding_box_x2,out_bounding_box_y2,out_bounding_box_x3,out_bounding_box_y3,out_bounding_box_x4,out_bounding_box_y4
ROOM,-362.10075,-282.77794,415.7501,-282.77794,415.7501,709.2627,-362.10075,709.2627,-362.10075,-282.77794,415.7501,-282.77794,415.7501,709.2627,-362.10075,709.2627
SOFA,-98,-50,98,-50,98,50,-98,50,-30.653293609619105,608.8192749023438,-30.653293609619176,412.81927490234375,69.34670639038083,412.81927490234375,69.34670639038089,608.8192749023438
SOFA,-98,-50,98,-50,98,50,-98,50,168.5545883178711,708.8202514648438,-27.445411682128906,708.8202514648438,-27.445411682128906,608.8202514648438,168.5545883178711,608.8202514648438
SEATING,-41.7,-39.55,41.7,-39.55,41.7,39.55,-41.7,39.55,328.35127621467694,602.9821912258079,285.2297005043869,674.3690927432554,217.5234186095418,633.4708117038796,260.6449943198318,562.0839101864321
SEATING,-41.7,-39.55,41.7,-39.55,41.7,39.55,-41.7,39.55,110.44714108201026,324.9318796536435,187.78000566816095,356.15988078884396,158.1620813300991,429.5055593112003,80.82921674394842,398.2775581759998
TABLE,-40,-40,40,-40,40,40,-40,40,147.62489318847656,460.9218444824219,227.62489318847656,460.9218444824219,227.62489318847656,540.9218444824219,147.62489318847656,540.9218444824219
