in_product_family,in_bounding_box_x1,in_bounding_box_y1,in_bounding_box_x2,in_bounding_box_y2,in_bounding_box_x3,in_bounding_box_y3,in_bounding_box_x4,in_bounding_box_y4,out_bounding_box_x1,out_bounding_box_y1,out_bounding_box_x2,out_bounding_box_y2,out_bounding_box_x3,out_bounding_box_y3,out_bounding_box_x4,out_bounding_box_y4
ROOM,-454,-328.5,454,-328.5,454,328.5,-454,328.5,-454,-328.5,454,-328.5,454,328.5,-454,328.5
TABLE,-70,-42,70,-42,70,42,-70,42,50.42433166503906,281.27650451660156,-89.57566833496094,281.27650451660156,-89.57566833496094,197.27650451660156,50.42433166503906,197.27650451660156
SEATING,-20.55,-25,20.55,-25,20.55,25,-20.55,25,97.48560333251953,246.20263366699217,97.48560333251953,205.10263366699218,147.48560333251953,205.1026336669922,147.48560333251953,246.2026336669922
SOFA,-101,-46.8,101,-46.8,101,46.8,-101,46.8,-386.5584411621094,-298.4298828125,-184.55844116210938,-298.4298828125,-184.55844116210938,-204.8298828125,-386.5584411621094,-204.8298828125
SOFA,-101,-46.8,101,-46.8,101,46.8,-101,46.8,-25.478556823730436,-137.9766960144043,-25.478556823730507,64.02330398559572,-119.07855682373051,64.02330398559569,-119.07855682373042,-137.9766960144043
