in_product_family,in_bounding_box_x1,in_bounding_box_y1,in_bounding_box_x2,in_bounding_box_y2,in_bounding_box_x3,in_bounding_box_y3,in_bounding_box_x4,in_bounding_box_y4,out_bounding_box_x1,out_bounding_box_y1,out_bounding_box_x2,out_bounding_box_y2,out_bounding_box_x3,out_bounding_box_y3,out_bounding_box_x4,out_bounding_box_y4
ROOM,-433.93823,-155.01677,421.72652,-155.01677,421.72652,570.20616,-433.93823,570.20616,-433.93823,-155.01677,421.72652,-155.01677,421.72652,570.20616,-433.93823,570.20616
STORAGE_FURNITURE,-90,-22.5,90,-22.5,90,22.5,-90,22.5,-433.92822265624994,166.93743896484375,-433.92822265625006,-13.062561035156236,-388.92822265625006,-13.062561035156264,-388.92822265624994,166.93743896484375
TABLE,-30.5,-30.5,30.5,-30.5,30.5,30.5,-30.5,30.5,-324.17950439453125,-3.4754695892333984,-263.17950439453125,-3.4754695892333984,-263.17950439453125,57.5245304107666,-324.17950439453125,57.5245304107666
SOFA,-121.25,-79.45,121.25,-79.45,121.25,79.45,-121.25,79.45,-39.182270530649646,-52.14860770210234,-46.481970429591655,190.24150014346424,-205.30996274571754,185.4583153437039,-198.01026284677553,-56.931792501862674
