in_product_family,in_bounding_box_x1,in_bounding_box_y1,in_bounding_box_x2,in_bounding_box_y2,in_bounding_box_x3,in_bounding_box_y3,in_bounding_box_x4,in_bounding_box_y4,out_bounding_box_x1,out_bounding_box_y1,out_bounding_box_x2,out_bounding_box_y2,out_bounding_box_x3,out_bounding_box_y3,out_bounding_box_x4,out_bounding_box_y4
ROOM,-220.81049,360.04878,568.78774,360.04878,568.78774,982.87644,-220.81049,982.87644,-220.81049,360.04878,568.78774,360.04878,568.78774,982.87644,-220.81049,982.87644
SOFA,-105,-45,105,-45,105,45,-105,45,75.38459014892578,984.2926635742188,-134.61540985107422,984.2926635742188,-134.61540985107422,894.2926635742188,75.38459014892578,894.2926635742188
STORAGE_FURNITURE,-80,-22.5,80,-22.5,80,22.5,-80,22.5,305.8826599121094,372.5588073730469,465.8826599121094,372.5588073730469,465.8826599121094,417.5588073730469,305.8826599121094,417.5588073730469
TABLE,-55,-55,55,-55,55,55,-55,55,-100.09394836425781,420.53350830078125,9.906051635742188,420.53350830078125,9.906051635742188,530.5335083007812,-100.09394836425781,530.5335083007812
STORAGE_FURNITURE,-50,-27.5,50,-27.5,50,27.5,-50,27.5,104.13597106933594,357.0588073730469,204.13597106933594,357.0588073730469,204.13597106933594,412.0588073730469,104.13597106933594,412.0588073730469
SOFA,-84.75,-37.75,84.75,-37.75,84.75,37.75,-84.75,37.75,171.07023620605466,673.2098388671875,171.07023620605472,842.7098388671875,95.57023620605472,842.7098388671875,95.57023620605466,673.2098388671875
SEATING,-46.5,-42.3,46.5,-42.3,46.5,42.3,-46.5,42.3,-202.33514099121095,773.2533569335938,-202.33514099121092,680.2533569335938,-117.73514099121093,680.2533569335938,-117.73514099121095,773.2533569335938
