in_product_family,in_bounding_box_x1,in_bounding_box_y1,in_bounding_box_x2,in_bounding_box_y2,in_bounding_box_x3,in_bounding_box_y3,in_bounding_box_x4,in_bounding_box_y4,out_bounding_box_x1,out_bounding_box_y1,out_bounding_box_x2,out_bounding_box_y2,out_bounding_box_x3,out_bounding_box_y3,out_bounding_box_x4,out_bounding_box_y4
ROOM,268.00187,-93.6426,1157.00478,-93.6426,1157.00478,634.17638,268.00187,634.17638,268.00187,-93.6426,1157.00478,-93.6426,1157.00478,634.17638,268.00187,634.17638
DECORATION,-29,-9,29,-9,29,9,-29,9,418.4473904928487,109.43694371596517,474.4980574175197,124.34743456300278,469.87066370637007,141.7424691258317,413.81999678169905,126.8319782787941
VEGETATION,-19.1,-18.95,19.1,-18.95,19.1,18.95,-19.1,18.95,357.30553040606804,100.98500783967455,395.5055304060681,100.98500783967455,395.5055304060681,138.88500783967456,357.30553040606804,138.88500783967456
