in_product_family,in_bounding_box_x1,in_bounding_box_y1,in_bounding_box_x2,in_bounding_box_y2,in_bounding_box_x3,in_bounding_box_y3,in_bounding_box_x4,in_bounding_box_y4,out_bounding_box_x1,out_bounding_box_y1,out_bounding_box_x2,out_bounding_box_y2,out_bounding_box_x3,out_bounding_box_y3,out_bounding_box_x4,out_bounding_box_y4
ROOM,-1327.8532,-692.0633,-84.31104,-692.0633,-84.31104,488.14987,-1327.8532,488.14987,-1327.8532,-692.0633,-84.31104,-692.0633,-84.31104,488.14987,-1327.8532,488.14987
SOFA,-98,-46,98,-46,98,46,-98,46,-985.1976318359375,121.54790687561037,-985.1976318359375,-74.45209312438963,-893.1976318359375,-74.45209312438966,-893.1976318359375,121.54790687561034
SOFA,-98,-46,98,-46,98,46,-98,46,-737.1699829101562,252.38470458984375,-933.1699829101562,252.38470458984375,-933.1699829101562,160.38470458984375,-737.1699829101562,160.38470458984375
