in_product_family,in_bounding_box_x1,in_bounding_box_y1,in_bounding_box_x2,in_bounding_box_y2,in_bounding_box_x3,in_bounding_box_y3,in_bounding_box_x4,in_bounding_box_y4,out_bounding_box_x1,out_bounding_box_y1,out_bounding_box_x2,out_bounding_box_y2,out_bounding_box_x3,out_bounding_box_y3,out_bounding_box_x4,out_bounding_box_y4
ROOM,-502.56224,-279.18747,-60,-279.18747,-60,168.17914,-502.56224,168.17914,-502.56224,-279.18747,-60,-279.18747,-60,168.17914,-502.56224,168.17914
TABLE,-70,-35,70,-35,70,35,-70,35,-350.8388366699219,-154.25659942626953,-210.83883666992188,-154.25659942626953,-210.83883666992188,-84.25659942626953,-350.8388366699219,-84.25659942626953
SEATING,-20.55,-25.4,20.55,-25.4,20.55,25.4,-20.55,25.4,-405.11292510830503,-95.21234628965107,-408.31172890107354,-136.18767611499072,-357.6658224502887,-140.141428734763,-354.4670186575202,-99.16609890942333
SEATING,-20.55,-25.4,20.55,-25.4,20.55,25.4,-20.55,25.4,-152.48869960466143,-156.23282358676147,-148.04482264760324,-115.37377370071385,-198.54700596174482,-109.88109853237916,-202.990882918803,-150.74014841842677
SEATING,-42.5,-37,42.5,-37,42.5,37,-42.5,37,-411.3534387887122,51.3764288257263,-360.58098118240315,-16.793634608420156,-301.23292595738155,27.408269660601825,-352.0053835636906,95.57833309474827
SEATING,-42.5,-37,42.5,-37,42.5,37,-42.5,37,-175.61948165423698,-22.48327575504213,-124.80359315981663,45.654419220078935,-184.12346878521615,89.894133909339,-234.9393572796365,21.75643893421794
TABLE,-28,-28,28,-28,28,28,-28,28,-293.6961975097656,45.11067199707031,-237.69619750976562,45.11067199707031,-237.69619750976562,101.11067199707031,-293.6961975097656,101.11067199707031
DECORATION,-80,-115,80,-115,80,115,-80,115,-159.4825744628906,-30.643470764160114,-159.48257446289065,129.3565292358399,-389.4825744628906,129.3565292358398,-389.4825744628906,-30.6434707641602
