in_product_family,in_bounding_box_x1,in_bounding_box_y1,in_bounding_box_x2,in_bounding_box_y2,in_bounding_box_x3,in_bounding_box_y3,in_bounding_box_x4,in_bounding_box_y4,out_bounding_box_x1,out_bounding_box_y1,out_bounding_box_x2,out_bounding_box_y2,out_bounding_box_x3,out_bounding_box_y3,out_bounding_box_x4,out_bounding_box_y4
ROOM,-462.34559,-144.98531,174.34669,-144.98531,174.34669,908.23507,-462.34559,908.23507,-462.34559,-144.98531,174.34669,-144.98531,174.34669,908.23507,-462.34559,908.23507
SOFA,-130.3,-83.7,130.3,-83.7,130.3,83.7,-130.3,83.7,-82.37279303073888,183.5599182128906,-82.37279303073879,-77.04008178710941,85.02720696926121,-77.04008178710936,85.02720696926113,183.55991821289066
TABLE,-87.5,-45,87.5,-45,87.5,45,-87.5,45,95.26062250137329,391.5137939453125,-79.73937749862671,391.5137939453125,-79.73937749862671,301.5137939453125,95.26062250137329,301.5137939453125
