in_product_family,in_bounding_box_x1,in_bounding_box_y1,in_bounding_box_x2,in_bounding_box_y2,in_bounding_box_x3,in_bounding_box_y3,in_bounding_box_x4,in_bounding_box_y4,out_bounding_box_x1,out_bounding_box_y1,out_bounding_box_x2,out_bounding_box_y2,out_bounding_box_x3,out_bounding_box_y3,out_bounding_box_x4,out_bounding_box_y4
ROOM,-183.5,-191.5,183.5,-191.5,183.5,191.5,-183.5,191.5,-183.5,-191.5,183.5,-191.5,183.5,191.5,-183.5,191.5
RADIATOR,-49.9,-3.95,49.9,-3.95,49.9,3.95,-49.9,3.95,50.70988848209381,191.48999328613283,-49.09011151790619,191.4899932861328,-49.09011151790619,183.5899932861328,50.70988848209381,183.58999328613282
STORAGE_FURNITURE,-65,-22.7,65,-22.7,65,22.7,-65,22.7,105.72099572589767,168.79557488203125,134.815724841676,42.093180517601496,179.06409948894608,52.25395514726562,149.96937037316775,178.95634951169538
STORAGE_FURNITURE,-60,-23.75,60,-23.75,60,23.75,-60,23.75,-183.48999023437497,-47.39541625976562,-183.48999023437503,-167.39541625976562,-135.98999023437503,-167.39541625976562,-135.98999023437497,-47.39541625976563
TABLE,-27,-35,27,-35,27,35,-27,35,-11.71922492980957,12.473804473876953,42.28077507019043,12.473804473876953,42.28077507019043,82.47380447387695,-11.71922492980957,82.47380447387695
