in_product_family,in_bounding_box_x1,in_bounding_box_y1,in_bounding_box_x2,in_bounding_box_y2,in_bounding_box_x3,in_bounding_box_y3,in_bounding_box_x4,in_bounding_box_y4,out_bounding_box_x1,out_bounding_box_y1,out_bounding_box_x2,out_bounding_box_y2,out_bounding_box_x3,out_bounding_box_y3,out_bounding_box_x4,out_bounding_box_y4
ROOM,-500,-400,500,-400,500,400,-500,400,-500,-400,500,-400,500,400,-500,400
SOFA,-109.85,-92.25,109.85,-92.25,109.85,92.25,-109.85,92.25,-68.4902038574219,-191.79266510009768,-68.49020385742185,27.90733489990231,-252.99020385742185,27.907334899902366,-252.9902038574219,-191.79266510009762
DECORATION,-75,-100,75,-100,75,100,-75,100,-327.2894592285156,-130.8800811767578,-177.28945922851562,-130.8800811767578,-177.28945922851562,69.11991882324219,-327.2894592285156,69.11991882324219
DECORATION,-75,-100,75,-100,75,100,-75,100,-178.43450164794922,-130.8800811767578,-28.43450164794922,-130.8800811767578,-28.43450164794922,69.11991882324219,-178.43450164794922,69.11991882324219
DECORATION,-75,-100,75,-100,75,100,-75,100,-179.28067779541016,-308.565185546875,-29.280677795410156,-308.565185546875,-29.280677795410156,-108.565185546875,-179.28067779541016,-108.565185546875
DECORATION,-75,-100,75,-100,75,100,-75,100,-328.06507873535156,-308.565185546875,-178.06507873535156,-308.565185546875,-178.06507873535156,-108.565185546875,-328.06507873535156,-108.565185546875
TABLE,-59.7,-26.55,59.7,-26.55,59.7,26.55,-59.7,26.55,-235.22997741699217,-83.89255981445311,-235.2299774169922,-203.2925598144531,-182.1299774169922,-203.29255981445314,-182.12997741699218,-83.89255981445314
