in_product_family,in_bounding_box_x1,in_bounding_box_y1,in_bounding_box_x2,in_bounding_box_y2,in_bounding_box_x3,in_bounding_box_y3,in_bounding_box_x4,in_bounding_box_y4,out_bounding_box_x1,out_bounding_box_y1,out_bounding_box_x2,out_bounding_box_y2,out_bounding_box_x3,out_bounding_box_y3,out_bounding_box_x4,out_bounding_box_y4
ROOM,-832.5,-616.34154,314.15845,-616.34154,314.15845,542.18421,-832.5,542.18421,-832.5,-616.34154,314.15845,-616.34154,314.15845,542.18421,-832.5,542.18421
SOFA,-123.3,-47.05,123.3,-47.05,123.3,47.05,-123.3,47.05,-524.2842895507813,542.1742065429687,-770.8842895507812,542.1742065429687,-770.8842895507812,448.07420654296874,-524.2842895507813,448.0742065429688
TABLE,-129.8,-44.75,129.8,-44.75,129.8,44.75,-129.8,44.75,-308.4449768066407,401.8232849121094,-308.44497680664057,142.22328491210936,-218.9449768066406,142.22328491210936,-218.94497680664065,401.8232849121094
TABLE,-55,-37.5,55,-37.5,55,37.5,-55,37.5,-714.0109252929688,271.42578125,-604.0109252929688,271.42578125,-604.0109252929688,346.42578125,-714.0109252929688,346.42578125
STORAGE_FURNITURE,-80,-20,80,-20,80,20,-80,20,-721.5201416015625,10.842109680175781,-561.5201416015625,10.842109680175781,-561.5201416015625,50.84210968017578,-721.5201416015625,50.84210968017578
