in_product_family,in_bounding_box_x1,in_bounding_box_y1,in_bounding_box_x2,in_bounding_box_y2,in_bounding_box_x3,in_bounding_box_y3,in_bounding_box_x4,in_bounding_box_y4,out_bounding_box_x1,out_bounding_box_y1,out_bounding_box_x2,out_bounding_box_y2,out_bounding_box_x3,out_bounding_box_y3,out_bounding_box_x4,out_bounding_box_y4
ROOM,-43.66215,-408.40253,379.5592,-408.40253,379.5592,149.63,-43.66215,149.63,-43.66215,-408.40253,379.5592,-408.40253,379.5592,149.63,-43.66215,149.63
STORAGE_FURNITURE,-90.3,-22.55,90.3,-22.55,90.3,22.55,-90.3,22.55,1.5597831726074745,-112.63521118164061,1.5597831726073679,-293.2352111816406,46.65978317260737,-293.23521118164064,46.659783172607476,-112.63521118164064
STORAGE_FURNITURE,-90.3,-22.55,90.3,-22.55,90.3,22.55,-90.3,22.55,1.5597831726074567,67.97476463317872,1.5597831726073856,-112.62523536682127,46.65978317260739,-112.6252353668213,46.65978317260746,67.9747646331787
