in_product_family,in_bounding_box_x1,in_bounding_box_y1,in_bounding_box_x2,in_bounding_box_y2,in_bounding_box_x3,in_bounding_box_y3,in_bounding_box_x4,in_bounding_box_y4,out_bounding_box_x1,out_bounding_box_y1,out_bounding_box_x2,out_bounding_box_y2,out_bounding_box_x3,out_bounding_box_y3,out_bounding_box_x4,out_bounding_box_y4
ROOM,-320.55334,-698.55299,140.4286,-698.55299,140.4286,-63.79088,-320.55334,-63.79088,-320.55334,-698.55299,140.4286,-698.55299,140.4286,-63.79088,-320.55334,-63.79088
DECORATION,-25,-25,25,-25,25,25,-25,25,-114.57140350341797,-273.79090881347656,-64.57140350341797,-273.79090881347656,-64.57140350341797,-223.79090881347656,-114.57140350341797,-223.79090881347656
DECORATION,-25,-25,25,-25,25,25,-25,25,-114.57140350341797,-538.552978515625,-64.57140350341797,-538.552978515625,-64.57140350341797,-488.552978515625,-114.57140350341797,-488.552978515625
DECORATION,-75,-1.75,75,-1.75,75,1.75,-75,1.75,125.4286003112793,-63.99333953857421,-24.571399688720703,-63.993339538574226,-24.571399688720703,-67.49333953857423,125.4286003112793,-67.4933395385742
DECORATION,-111,-2.5,111,-2.5,111,2.5,-111,2.5,-315.54333496093756,-447.92413330078125,-315.54333496093744,-225.92413330078125,-320.54333496093744,-225.92413330078125,-320.54333496093756,-447.92413330078125
DECORATION,-24.7,-2,24.7,-2,24.7,2,-24.7,2,-253.438671875,-63.800880432128906,-302.838671875,-63.800880432128906,-302.838671875,-67.8008804321289,-253.438671875,-67.8008804321289
DECORATION,-22.75,-9,22.75,-9,22.75,9,-22.75,9,121.41859436035156,-578.3273315429688,121.41859436035156,-532.8273315429688,103.41859436035156,-532.8273315429688,103.41859436035156,-578.3273315429688
