in_product_family,in_bounding_box_x1,in_bounding_box_y1,in_bounding_box_x2,in_bounding_box_y2,in_bounding_box_x3,in_bounding_box_y3,in_bounding_box_x4,in_bounding_box_y4,out_bounding_box_x1,out_bounding_box_y1,out_bounding_box_x2,out_bounding_box_y2,out_bounding_box_x3,out_bounding_box_y3,out_bounding_box_x4,out_bounding_box_y4
ROOM,-165.49986,24.83877,516.50015,24.83877,516.50015,872.04929,-165.49986,872.04929,-165.49986,24.83877,516.50015,24.83877,516.50015,872.04929,-165.49986,872.04929
STORAGE_FURNITURE,-90,-20.6,90,-20.6,90,20.6,-90,20.6,285.4620056152344,288.048193359375,465.4620056152344,288.048193359375,465.4620056152344,329.248193359375,285.4620056152344,329.248193359375
SOFA,-164,-107.3,164,-107.3,164,107.3,-164,107.3,535.9891052246094,874.501416015625,207.98910522460938,874.501416015625,207.98910522460938,659.901416015625,535.9891052246094,659.901416015625
