in_product_family,in_bounding_box_x1,in_bounding_box_y1,in_bounding_box_x2,in_bounding_box_y2,in_bounding_box_x3,in_bounding_box_y3,in_bounding_box_x4,in_bounding_box_y4,out_bounding_box_x1,out_bounding_box_y1,out_bounding_box_x2,out_bounding_box_y2,out_bounding_box_x3,out_bounding_box_y3,out_bounding_box_x4,out_bounding_box_y4
ROOM,-162,-148.58998,162,-148.58998,162,253.5,-162,253.5,-162,-148.58998,162,-148.58998,162,253.5,-162,253.5
SOFA,-105,-45,105,-45,105,45,-105,45,140.37860870361334,-148.5799789428711,140.37860870361322,61.42002105712892,50.37860870361324,61.42002105712889,50.378608703613324,-148.5799789428711
TABLE,-50,-49.75,50,-49.75,50,49.75,-50,49.75,24.793975830078125,108.60646057128906,124.79397583007812,108.60646057128906,124.79397583007812,208.10646057128906,24.793975830078125,208.10646057128906
