in_product_family,in_bounding_box_x1,in_bounding_box_y1,in_bounding_box_x2,in_bounding_box_y2,in_bounding_box_x3,in_bounding_box_y3,in_bounding_box_x4,in_bounding_box_y4,out_bounding_box_x1,out_bounding_box_y1,out_bounding_box_x2,out_bounding_box_y2,out_bounding_box_x3,out_bounding_box_y3,out_bounding_box_x4,out_bounding_box_y4
ROOM,-532.80229,243.65556,17.62809,243.65556,17.62809,597.44376,-532.80229,597.44376,-532.80229,243.65556,17.62809,243.65556,17.62809,597.44376,-532.80229,597.44376
STORAGE_FURNITURE,-111,-31.9,111,-31.9,111,31.9,-111,31.9,-532.7922729492187,590.9750061035156,-532.7922729492187,368.9750061035156,-468.9922729492188,368.9750061035156,-468.9922729492187,590.9750061035156
SOFA,-105.05,-43.5,105.05,-43.5,105.05,43.5,-105.05,43.5,-198.31094055175782,243.76422119140625,11.789059448242185,243.76422119140625,11.789059448242185,330.76422119140625,-198.31094055175782,330.76422119140625
STORAGE_FURNITURE,-80,-20,80,-20,80,20,-80,20,-4.027137756347656,597.4337768554688,-164.02713775634766,597.4337768554688,-164.02713775634766,557.4337768554688,-4.027137756347656,557.4337768554688
DECORATION,-75,-100,75,-100,75,100,-75,100,-199.45117950439453,496.4366149902344,-199.45117950439453,346.4366149902344,0.548820495605483,346.4366149902344,0.5488204956054545,496.4366149902344
TABLE,-47.5,-47.55,47.5,-47.55,47.5,47.55,-47.5,47.55,-143.46469116210938,374.3826171875,-48.464691162109375,374.3826171875,-48.464691162109375,469.4826171875,-143.46469116210938,469.4826171875
LIGHTING,-30,-30,30,-30,30,30,-30,30,-309.4981384277344,412.6792907714844,-249.49813842773438,412.6792907714844,-249.49813842773438,472.6792907714844,-309.4981384277344,472.6792907714844
