in_product_family,in_bounding_box_x1,in_bounding_box_y1,in_bounding_box_x2,in_bounding_box_y2,in_bounding_box_x3,in_bounding_box_y3,in_bounding_box_x4,in_bounding_box_y4,out_bounding_box_x1,out_bounding_box_y1,out_bounding_box_x2,out_bounding_box_y2,out_bounding_box_x3,out_bounding_box_y3,out_bounding_box_x4,out_bounding_box_y4
ROOM,-294.36209,-213.42767,65.26512,-213.42767,65.26512,708.42805,-294.36209,708.42805,-294.36209,-213.42767,65.26512,-213.42767,65.26512,708.42805,-294.36209,708.42805
TABLE,-94.7,-49.9,94.7,-49.9,94.7,49.9,-94.7,49.9,-132.43273773193363,126.07999343872069,-132.43273773193357,-63.320006561279314,-32.63273773193357,-63.320006561279286,-32.632737731933624,126.07999343872072
SEATING,-29,-28.5,29,-28.5,29,28.5,-29,28.5,-127.75897979736328,-120.33000946044922,-69.75897979736328,-120.33000946044922,-69.75897979736328,-63.33000946044922,-127.75897979736328,-63.33000946044922
SEATING,-29,-28.5,29,-28.5,29,28.5,-29,28.5,24.377263069152843,-30.045645236968983,24.37726306915282,27.954354763031017,-32.62273693084718,27.954354763030995,-32.622736930847154,-30.045645236969005
SEATING,-29,-28.5,29,-28.5,29,28.5,-29,28.5,30.784821534546072,49.7238367490482,23.984072174061968,107.32374827793751,-32.62273743191545,100.64025321677211,-25.821988071431353,43.040341687882794
SEATING,-29,-28.5,29,-28.5,29,28.5,-29,28.5,-48.2209965432403,175.66763389380796,-104.67053995027652,188.98863419923302,-117.76186783664252,133.5123587819733,-61.3123244296063,120.19135847654823
SEATING,-29,-28.5,29,-28.5,29,28.5,-29,28.5,-198.10907600575177,18.872065297188616,-190.616778624577,-38.64198063901763,-134.09435417002948,-31.2788607988976,-141.58665155120426,26.235185137308648
SEATING,-29,-28.5,29,-28.5,29,28.5,-29,28.5,-204.80861891027507,92.44575449961263,-187.69426686668737,37.02825767660424,-133.2322441268343,53.84753468495769,-150.346596170422,109.26503150796607
