in_product_family,in_bounding_box_x1,in_bounding_box_y1,in_bounding_box_x2,in_bounding_box_y2,in_bounding_box_x3,in_bounding_box_y3,in_bounding_box_x4,in_bounding_box_y4,out_bounding_box_x1,out_bounding_box_y1,out_bounding_box_x2,out_bounding_box_y2,out_bounding_box_x3,out_bounding_box_y3,out_bounding_box_x4,out_bounding_box_y4
ROOM,-1630.53633,396.88839,-934.73694,396.88839,-934.73694,920.33283,-1630.53633,920.33283,-1630.53633,396.88839,-934.73694,396.88839,-934.73694,920.33283,-1630.53633,920.33283
SOFA,-123.3,-47.05,123.3,-47.05,123.3,47.05,-123.3,47.05,-1630.5259521484375,912.8997314453125,-1630.5259521484375,666.2997314453125,-1536.4259521484375,666.2997314453125,-1536.4259521484375,912.8997314453125
SOFA,-123.3,-47.05,123.3,-47.05,123.3,47.05,-123.3,47.05,-1630.5259521484375,647.0862548828125,-1630.5259521484375,400.4862548828125,-1536.4259521484375,400.48625488281255,-1536.4259521484375,647.0862548828125
SOFA,-123.3,-47.05,123.3,-47.05,123.3,47.05,-123.3,47.05,-1441.148876953125,396.89894409179686,-1194.548876953125,396.89894409179686,-1194.548876953125,490.9989440917969,-1441.148876953125,490.9989440917969
TABLE,-65,-65,65,-65,65,65,-65,65,-1222.553466796875,625.195556640625,-1222.553466796875,755.195556640625,-1352.553466796875,755.195556640625,-1352.553466796875,625.195556640625
