in_product_family,in_bounding_box_x1,in_bounding_box_y1,in_bounding_box_x2,in_bounding_box_y2,in_bounding_box_x3,in_bounding_box_y3,in_bounding_box_x4,in_bounding_box_y4,out_bounding_box_x1,out_bounding_box_y1,out_bounding_box_x2,out_bounding_box_y2,out_bounding_box_x3,out_bounding_box_y3,out_bounding_box_x4,out_bounding_box_y4
ROOM,18.24625,40.00505,583.4078,40.00505,583.4078,510.00495,18.24625,510.00495,18.24625,40.00505,583.4078,40.00505,583.4078,510.00495,18.24625,510.00495
TABLE,-50,-50,50,-50,50,50,-50,50,124.97897338867188,290.5203857421875,224.97897338867188,290.5203857421875,224.97897338867188,390.5203857421875,124.97897338867188,390.5203857421875
SOFA,-65.5,-39,65.5,-39,65.5,39,-65.5,39,488.28118896484375,308.1742858886719,357.28118896484375,308.1742858886719,357.28118896484375,230.17428588867188,488.28118896484375,230.17428588867188
TABLE,-45.05,-25.1,45.05,-25.1,45.05,25.1,-45.05,25.1,375.25902099609374,145.18677368164063,465.35902099609376,145.18677368164063,465.35902099609376,195.38677368164062,375.25902099609374,195.38677368164062
