in_product_family,in_bounding_box_x1,in_bounding_box_y1,in_bounding_box_x2,in_bounding_box_y2,in_bounding_box_x3,in_bounding_box_y3,in_bounding_box_x4,in_bounding_box_y4,out_bounding_box_x1,out_bounding_box_y1,out_bounding_box_x2,out_bounding_box_y2,out_bounding_box_x3,out_bounding_box_y3,out_bounding_box_x4,out_bounding_box_y4
ROOM,35.33962,-197.79032,600.40447,-197.79032,600.40447,1065.93881,35.33962,1065.93881,35.33962,-197.79032,600.40447,-197.79032,600.40447,1065.93881,35.33962,1065.93881
SOFA,-125.5,-81.75,125.5,-81.75,125.5,81.75,-125.5,81.75,318.73709106445307,490.431640625,318.7370910644532,239.43164062499997,482.2370910644532,239.43164062500003,482.23709106445307,490.431640625
TABLE,-59.7,-26.55,59.7,-26.55,59.7,26.55,-59.7,26.55,535.4679687500001,242.3594177246094,535.46796875,361.75941772460936,482.36796875,361.75941772460936,482.36796875000005,242.35941772460936
TABLE,-100.95,-45.9,100.95,-45.9,100.95,45.9,-100.95,45.9,221.24983825683597,355.0944030761719,221.24983825683591,556.9944030761719,129.4498382568359,556.9944030761719,129.44983825683596,355.09440307617183
