in_product_family,in_bounding_box_x1,in_bounding_box_y1,in_bounding_box_x2,in_bounding_box_y2,in_bounding_box_x3,in_bounding_box_y3,in_bounding_box_x4,in_bounding_box_y4,out_bounding_box_x1,out_bounding_box_y1,out_bounding_box_x2,out_bounding_box_y2,out_bounding_box_x3,out_bounding_box_y3,out_bounding_box_x4,out_bounding_box_y4
ROOM,-494.703,-105.58037,-65.33513,-105.58037,-65.33513,283.51775,-494.703,283.51775,-494.703,-105.58037,-65.33513,-105.58037,-65.33513,283.51775,-494.703,283.51775
SOFA,-125.5,-81.75,125.5,-81.75,125.5,81.75,-125.5,81.75,-117.29923973502437,57.92530001895578,-368.29923973502434,57.92530117733328,-368.29924048958503,-105.57469882266672,-117.299240489585,-105.57469998104422
STORAGE_FURNITURE,-78.1,-20.1,78.1,-20.1,78.1,20.1,-78.1,20.1,-184.29770583233181,283.4841959799604,-340.4977054516819,283.4951007970746,-340.5005119411057,243.29510089503955,-184.3005123217556,243.2841960779254
