in_product_family,in_bounding_box_x1,in_bounding_box_y1,in_bounding_box_x2,in_bounding_box_y2,in_bounding_box_x3,in_bounding_box_y3,in_bounding_box_x4,in_bounding_box_y4,out_bounding_box_x1,out_bounding_box_y1,out_bounding_box_x2,out_bounding_box_y2,out_bounding_box_x3,out_bounding_box_y3,out_bounding_box_x4,out_bounding_box_y4
ROOM,60.54522,-208.56324,336.51775,-208.56324,336.51775,119.16151,60.54522,119.16151,60.54522,-208.56324,336.51775,-208.56324,336.51775,119.16151,60.54522,119.16151
SOFA,-130.3,-83.7,130.3,-83.7,130.3,83.7,-130.3,83.7,56.424999999999955,52.0467575073242,56.42500000000004,-208.55324249267582,223.82500000000005,-208.55324249267576,223.82499999999996,52.04675750732426
SEATING,-30.2,-28.85,30.2,-28.85,30.2,28.85,-30.2,28.85,287.893173169575,-208.5575273963812,336.509564902041,-172.7161204078796,302.27034001401876,-126.27297797471256,253.65394828155277,-162.11438496321415
TABLE,-40,-40,40,-40,40,40,-40,40,223.83499145507812,-77.36758804321289,303.8349914550781,-77.36758804321289,303.8349914550781,2.6324119567871094,223.83499145507812,2.6324119567871094
SEATING,-30.2,-28.85,30.2,-28.85,30.2,28.85,-30.2,28.85,57.17472113255371,130.20446361708858,44.63537923406507,71.12041412187533,101.07825433131347,59.14160571884893,113.61759622980212,118.22565521406217
