in_product_family,in_bounding_box_x1,in_bounding_box_y1,in_bounding_box_x2,in_bounding_box_y2,in_bounding_box_x3,in_bounding_box_y3,in_bounding_box_x4,in_bounding_box_y4,out_bounding_box_x1,out_bounding_box_y1,out_bounding_box_x2,out_bounding_box_y2,out_bounding_box_x3,out_bounding_box_y3,out_bounding_box_x4,out_bounding_box_y4
ROOM,-497.07148,-209.6225,334.12853,-209.6225,334.12853,315.98272,-497.07148,315.98272,-497.07148,-209.6225,334.12853,-209.6225,334.12853,315.98272,-497.07148,315.98272
SEATING,-27.7,-28.6,27.7,-28.6,27.7,28.6,-27.7,28.6,26.056372140665154,9.211464496781307,26.056372140665154,64.61146449678131,-31.14362785933485,64.61146449678131,-31.14362785933485,9.211464496781307
SEATING,-27.7,-28.6,27.7,-28.6,27.7,28.6,-27.7,28.6,-128.14362785933486,64.61146449678131,-128.14362785933486,9.211464496781304,-70.94362785933485,9.211464496781296,-70.94362785933484,64.6114644967813
SEATING,-22.75,-26.05,22.75,-26.05,22.75,26.05,-22.75,26.05,-75.73120063469807,-56.732417247341175,-30.258302952322477,-58.302632636451875,-28.460320056219896,-6.23366627927015,-73.93321773859549,-4.663450890159449
SOFA,-123.3,-125,123.3,-125,123.3,125,-123.3,125,-188.49172973632815,-34.82426910400393,-188.4917297363281,211.77573089599605,-438.4917297363281,211.7757308959961,-438.4917297363281,-34.824269104003875
STORAGE_FURNITURE,-80,-20,80,-20,80,20,-80,20,-458.487548828125,-209.62237548828125,-298.487548828125,-209.62237548828125,-298.487548828125,-169.62237548828125,-458.487548828125,-169.62237548828125
DECORATION,-75,-100,75,-100,75,100,-75,100,-451.6311340332031,-119.75005149841309,-301.6311340332031,-119.75005149841309,-301.6311340332031,80.24994850158691,-451.6311340332031,80.24994850158691
LIGHTING,-31.1,-29.5,31.1,-29.5,31.1,29.5,-31.1,29.5,-486.1289306640625,242.04452514648438,-423.9289306640625,242.04452514648438,-423.9289306640625,301.0445251464844,-486.1289306640625,301.0445251464844
TABLE,-40,-40,40,-40,40,40,-40,40,-423.8236083984375,-46.08437967300415,-343.8236083984375,-46.08437967300415,-343.8236083984375,33.91562032699585,-423.8236083984375,33.91562032699585
