in_product_family,in_bounding_box_x1,in_bounding_box_y1,in_bounding_box_x2,in_bounding_box_y2,in_bounding_box_x3,in_bounding_box_y3,in_bounding_box_x4,in_bounding_box_y4,out_bounding_box_x1,out_bounding_box_y1,out_bounding_box_x2,out_bounding_box_y2,out_bounding_box_x3,out_bounding_box_y3,out_bounding_box_x4,out_bounding_box_y4
ROOM,327.81614,-182.04468,807.8157,-182.04468,807.8157,257.95532,327.81614,257.95532,327.81614,-182.04468,807.8157,-182.04468,807.8157,257.95532,327.81614,257.95532
STORAGE_FURNITURE,-75.25,-20.35,75.25,-20.35,75.25,20.35,-75.25,20.35,539.767578125,-173.22802124023437,690.267578125,-173.22802124023437,690.267578125,-132.52802124023438,539.767578125,-132.52802124023438
SOFA,-130.3,-83.7,130.3,-83.7,130.3,83.7,-130.3,83.7,789.46162109375,245.98436279296874,528.86162109375,245.98436279296877,528.86162109375,78.58436279296876,789.46162109375,78.58436279296873
DECORATION,-75,-100,75,-100,75,100,-75,100,537.6177368164062,-83.94808387756348,687.6177368164062,-83.94808387756348,687.6177368164062,116.05191612243652,537.6177368164062,116.05191612243652
TABLE,-40,-40,40,-40,40,40,-40,40,562.0718994140625,-38.17227613925934,642.0718994140625,-38.17227613925934,642.0718994140625,41.82772386074066,562.0718994140625,41.82772386074066
STORAGE_FURNITURE,-60,-11.25,60,-11.25,60,11.25,-60,11.25,810.988037109375,-95.10557556152344,810.988037109375,24.894424438476562,788.488037109375,24.894424438476562,788.488037109375,-95.10557556152344
DECORATION,-30.15,-28.95,30.15,-28.95,30.15,28.95,-30.15,28.95,435.070703125,-187.70634765625,495.370703125,-187.70634765625,495.370703125,-129.80634765625,435.070703125,-129.80634765625
SEATING,-36.5,-43,36.5,-43,36.5,43,-36.5,43,331.5117073741279,-106.59113204333465,375.32534707413544,-164.9808997791111,444.1132926258721,-113.36483109143097,400.29965292586456,-54.97506335565451
