in_product_family,in_bounding_box_x1,in_bounding_box_y1,in_bounding_box_x2,in_bounding_box_y2,in_bounding_box_x3,in_bounding_box_y3,in_bounding_box_x4,in_bounding_box_y4,out_bounding_box_x1,out_bounding_box_y1,out_bounding_box_x2,out_bounding_box_y2,out_bounding_box_x3,out_bounding_box_y3,out_bounding_box_x4,out_bounding_box_y4
ROOM,-694.75135,-155.23358,238.1853,-155.23358,238.1853,323.237,-694.75135,323.237,-694.75135,-155.23358,238.1853,-155.23358,238.1853,323.237,-694.75135,323.237
SOFA,-91,-45,91,-45,91,45,-91,45,-538.8512401412835,-28.99754643847723,-383.1925890942809,65.31249732265931,-429.8294239212166,142.2865555327155,-585.488074968219,47.97651177157896
SEATING,-39,-35,39,-35,39,35,-39,35,-598.3009867971525,295.9683787375341,-668.773369234845,262.5372059558978,-638.7710346872225,199.2927601784815,-568.29865224953,232.72393296011785
TABLE,-57.85,-40.6,57.85,-40.6,57.85,40.6,-57.85,40.6,-242.4892356751244,124.80217479893973,-126.78923567512442,124.8021770077009,-126.78923722526622,206.00217700770088,-242.4892372252662,206.00217479893973
TABLE,-44.95,-44.95,44.95,-44.95,44.95,44.95,-44.95,44.95,-613.7306396484375,110.59316711425781,-523.8306396484375,110.59316711425781,-523.8306396484375,200.4931671142578,-613.7306396484375,200.4931671142578
SEATING,-39,-35,39,-35,39,35,-39,35,-422.95635577495926,211.95992763101827,-466.4764975992249,276.69011576295406,-524.5676920766032,237.63357822835673,-481.0475502523376,172.9033900964209
