in_product_family,in_bounding_box_x1,in_bounding_box_y1,in_bounding_box_x2,in_bounding_box_y2,in_bounding_box_x3,in_bounding_box_y3,in_bounding_box_x4,in_bounding_box_y4,out_bounding_box_x1,out_bounding_box_y1,out_bounding_box_x2,out_bounding_box_y2,out_bounding_box_x3,out_bounding_box_y3,out_bounding_box_x4,out_bounding_box_y4
ROOM,-451.82919,-238.79135,-116.68323,-238.79135,-116.68323,411.32304,-451.82919,411.32304,-451.82919,-238.79135,-116.68323,-238.79135,-116.68323,411.32304,-451.82919,411.32304
STORAGE_FURNITURE,-80,-20,80,-20,80,20,-80,20,-116.9522705078125,107.0391311645508,-276.9522705078125,107.03913116455077,-276.9522705078125,67.03913116455077,-116.9522705078125,67.0391311645508
TABLE,-50.2,-27.55,50.2,-27.55,50.2,27.55,-50.2,27.55,-234.04916687011718,-4.57890968322754,-133.6491668701172,-4.57890968322754,-133.6491668701172,50.52109031677246,-234.04916687011718,50.52109031677246
STORAGE_FURNITURE,-40,-16.5,40,-16.5,40,16.5,-40,16.5,-371.8191833496094,411.3230285644531,-451.8191833496094,411.3230285644531,-451.8191833496094,378.3230285644531,-371.8191833496094,378.3230285644531
TABLE,-18,-23.2,18,-23.2,18,23.2,-18,23.2,-260.27935790470184,-192.38779907649752,-296.27935790470184,-192.38779906803373,-296.27935791561066,-238.78779906803373,-260.27935791561066,-238.78779907649752
STORAGE_FURNITURE,-87.5,-25,87.5,-25,87.5,25,-87.5,25,-116.68324279785153,89.5491180419922,-116.68324279785159,264.5491180419922,-166.6832427978516,264.5491180419922,-166.68324279785153,89.54911804199217
TABLE,-60,-30,60,-30,60,30,-60,30,-116.69323730468747,269.9801025390625,-116.69323730468753,389.9801025390625,-176.69323730468753,389.9801025390625,-176.69323730468747,269.9801025390625
