in_product_family,in_bounding_box_x1,in_bounding_box_y1,in_bounding_box_x2,in_bounding_box_y2,in_bounding_box_x3,in_bounding_box_y3,in_bounding_box_x4,in_bounding_box_y4,out_bounding_box_x1,out_bounding_box_y1,out_bounding_box_x2,out_bounding_box_y2,out_bounding_box_x3,out_bounding_box_y3,out_bounding_box_x4,out_bounding_box_y4
ROOM,-11.91011,-419.6224,421.55831,-419.6224,421.55831,11.23823,-11.91011,11.23823,-11.91011,-419.6224,421.55831,-419.6224,421.55831,11.23823,-11.91011,11.23823
DECORATION,-75,-100,75,-100,75,100,-75,100,71.74095153808592,-226.66760253906253,71.74095153808595,-376.6676025390625,271.74095153808594,-376.6676025390625,271.74095153808594,-226.66760253906247
SOFA,-125.5,-81.75,125.5,-81.75,125.5,81.75,-125.5,81.75,318.72399902343756,-414.2157287597656,318.72399902343744,-163.2157287597656,155.22399902343744,-163.21572875976565,155.22399902343756,-414.2157287597656
STORAGE_FURNITURE,-90,-22.5,90,-22.5,90,22.5,-90,22.5,33.47627925872806,-368.9810485839844,33.47627925872799,-188.98104858398438,-11.523720741272008,-188.98104858398438,-11.523720741271937,-368.9810485839844
TABLE,-58.35,-58.7,58.35,-58.7,58.35,58.7,-58.35,58.7,51.86400451660156,-387.392626953125,168.56400451660156,-387.392626953125,168.56400451660156,-269.992626953125,51.86400451660156,-269.992626953125
VEGETATION,-42.45,-43,42.45,-43,42.45,43,-42.45,43,-11.900676727294893,-114.11159973144528,-11.90067672729495,-199.0115997314453,74.09932327270505,-199.01159973144536,74.0993232727051,-114.11159973144534
LIGHTING,-28,-28,28,-28,28,28,-28,28,135.0895233154297,-235.58570861816406,191.0895233154297,-235.58570861816406,191.0895233154297,-179.58570861816406,135.0895233154297,-179.58570861816406
DECORATION,-54.05,-7.05,54.05,-7.05,54.05,7.05,-54.05,7.05,122.37829895019532,-418.86591796875,230.47829895019532,-418.86591796875,230.47829895019532,-404.76591796875,122.37829895019532,-404.76591796875
