in_product_family,in_bounding_box_x1,in_bounding_box_y1,in_bounding_box_x2,in_bounding_box_y2,in_bounding_box_x3,in_bounding_box_y3,in_bounding_box_x4,in_bounding_box_y4,out_bounding_box_x1,out_bounding_box_y1,out_bounding_box_x2,out_bounding_box_y2,out_bounding_box_x3,out_bounding_box_y3,out_bounding_box_x4,out_bounding_box_y4
ROOM,-340.8128,-162.20534,151.1872,-162.20534,151.1872,148.79217,-340.8128,148.79217,-340.8128,-162.20534,151.1872,-162.20534,151.1872,148.79217,-340.8128,148.79217
SEATING,-28.75,-28.3,28.75,-28.3,28.75,28.3,-28.75,28.3,-123.68826599121094,-134.4860076904297,-123.68826599121093,-76.98600769042969,-180.28826599121092,-76.98600769042969,-180.28826599121095,-134.4860076904297
SOFA,-123.3,-125,123.3,-125,123.3,125,-123.3,125,151.17837142944342,-162.2006385803222,151.1783714294433,84.3993614196778,-98.82162857055671,84.39936141967766,-98.82162857055657,-162.20063858032233
TABLE,-44.35,-45,44.35,-45,44.35,45,-44.35,45,-50.68612298679349,61.9253351570955,-133.87809824889735,92.6952108797809,-165.09894171047213,8.283962023080278,-81.9069664483683,-22.48591369960512
TABLE,-34.9,-35.4,34.9,-35.4,34.9,35.4,-34.9,35.4,-101.23698668014268,-0.3378743001339011,-38.908078217360206,-31.756772591418468,-7.039052443392485,31.465100175988393,-69.36796090617494,62.88399846727296
