in_product_family,in_bounding_box_x1,in_bounding_box_y1,in_bounding_box_x2,in_bounding_box_y2,in_bounding_box_x3,in_bounding_box_y3,in_bounding_box_x4,in_bounding_box_y4,out_bounding_box_x1,out_bounding_box_y1,out_bounding_box_x2,out_bounding_box_y2,out_bounding_box_x3,out_bounding_box_y3,out_bounding_box_x4,out_bounding_box_y4
ROOM,-1323.01996,-1971.03746,-380.94736,-1971.03746,-380.94736,-1331.53549,-1323.01996,-1331.53549,-1323.01996,-1971.03746,-380.94736,-1971.03746,-380.94736,-1331.53549,-1323.01996,-1331.53549
SOFA,-99,-48.5,99,-48.5,99,48.5,-99,48.5,-741.554172859172,-1508.329286302612,-770.6666217190241,-1704.1773532355855,-674.7208515548905,-1718.439512525513,-645.6084026950384,-1522.5914455925395
TABLE,-75.5,-40.5,75.5,-40.5,75.5,40.5,-75.5,40.5,-926.4012020883633,-1588.0794588793708,-1075.7600809647633,-1565.877537773645,-1087.6697207631992,-1645.9972012768792,-938.3108418867992,-1668.199122382605
SEATING,-24.15,-28.45,24.15,-28.45,24.15,28.45,-24.15,28.45,-1080.9336436015801,-1704.5338059961857,-1033.158584994096,-1711.635480098216,-1024.7924306171699,-1655.3538893163143,-1072.567489224654,-1648.252215214284
SEATING,-24.15,-28.45,24.15,-28.45,24.15,28.45,-24.15,28.45,-1005.470020554705,-1715.7513352930607,-957.6949619472208,-1722.853009395091,-949.328807570295,-1666.5714186131893,-997.1038661777792,-1659.469744511159
SEATING,-24.15,-28.45,24.15,-28.45,24.15,28.45,-24.15,28.45,-928.1887315202823,-1530.2784502814739,-975.9637900219433,-1523.1767754675398,-984.3299452375302,-1579.4583661247761,-936.5548867358692,-1586.5600409387102
SEATING,-24.15,-28.45,24.15,-28.45,24.15,28.45,-24.15,28.45,-1010.7793687273136,-1518.0014727424114,-1058.5544272289746,-1510.8997979284773,-1066.9205824445614,-1567.1813885857136,-1019.1455239429005,-1574.2830633996477
STORAGE_FURNITURE,-80,-20,80,-20,80,20,-80,20,-420.94369028270205,-1728.3011642664521,-397.4184730920795,-1570.0401009687034,-436.9837389165167,-1564.1587966710479,-460.5089561071392,-1722.4198599687966
