in_product_family,in_bounding_box_x1,in_bounding_box_y1,in_bounding_box_x2,in_bounding_box_y2,in_bounding_box_x3,in_bounding_box_y3,in_bounding_box_x4,in_bounding_box_y4,out_bounding_box_x1,out_bounding_box_y1,out_bounding_box_x2,out_bounding_box_y2,out_bounding_box_x3,out_bounding_box_y3,out_bounding_box_x4,out_bounding_box_y4
ROOM,-527.88737,-179.97923,-115.04506,-179.97923,-115.04506,330.69384,-527.88737,330.69384,-527.88737,-179.97923,-115.04506,-179.97923,-115.04506,330.69384,-527.88737,330.69384
SOFA,-90.5,-47.5,90.5,-47.5,90.5,47.5,-90.5,47.5,-190.83816528320312,325.95257568359375,-371.8381652832031,325.95257568359375,-371.8381652832031,230.95257568359375,-190.83816528320312,230.95257568359375
SOFA,-90.5,-47.5,90.5,-47.5,90.5,47.5,-90.5,47.5,-512.2784423828125,237.15814208984375,-512.2784423828125,56.158142089843736,-417.2784423828125,56.158142089843764,-417.2784423828125,237.15814208984375
TABLE,-50.2,-27.55,50.2,-27.55,50.2,27.55,-50.2,27.55,-359.69761962890624,110.68423767089844,-259.29761962890626,110.68423767089844,-259.29761962890626,165.78423767089845,-359.69761962890624,165.78423767089845
SEATING,-87.5,-20.5,87.5,-20.5,87.5,20.5,-87.5,20.5,-103.56355285644531,-123.39596557617186,-278.5635528564453,-123.39596557617189,-278.5635528564453,-164.39596557617188,-103.56355285644531,-164.39596557617188
