in_product_family,in_bounding_box_x1,in_bounding_box_y1,in_bounding_box_x2,in_bounding_box_y2,in_bounding_box_x3,in_bounding_box_y3,in_bounding_box_x4,in_bounding_box_y4,out_bounding_box_x1,out_bounding_box_y1,out_bounding_box_x2,out_bounding_box_y2,out_bounding_box_x3,out_bounding_box_y3,out_bounding_box_x4,out_bounding_box_y4
ROOM,-604.51657,-829.35636,10.78512,-829.35636,10.78512,58.81334,-604.51657,58.81334,-604.51657,-829.35636,10.78512,-829.35636,10.78512,58.81334,-604.51657,58.81334
SOFA,-130.3,-83.7,130.3,-83.7,130.3,83.7,-130.3,83.7,-566.3572814941406,-95.696657371521,-305.7572814941406,-95.696657371521,-305.7572814941406,71.703342628479,-566.3572814941406,71.703342628479
STORAGE_FURNITURE,-80,-20,80,-20,80,20,-80,20,-403.3132019042969,-392.9893493652344,-243.31320190429688,-392.9893493652344,-243.31320190429688,-352.9893493652344,-403.3132019042969,-352.9893493652344
TABLE,-60,-60,60,-60,60,60,-60,60,-230.73297119140625,-85.25939941406251,-230.73297119140625,-205.2593994140625,-110.73297119140624,-205.2593994140625,-110.73297119140626,-85.25939941406249
TABLE,-50,-27.5,50,-27.5,50,27.5,-50,27.5,-434.8776318359375,-137.76665588378904,-334.8776318359375,-137.76665588378904,-334.8776318359375,-82.76665588378906,-434.8776318359375,-82.76665588378906
SEATING,-39,-35,39,-35,39,35,-39,35,-546.8874500887389,-201.67089550572092,-501.120296267369,-264.83233652071885,-444.4369517667298,-223.75924975795095,-490.20410558809976,-160.59780874295302
STORAGE_FURNITURE,-29.95,-8,29.95,-8,29.95,8,-29.95,8,10.775118589401256,-65.63369674682616,10.775118589401234,-5.733696746826169,-5.2248814105987655,-5.733696746826176,-5.224881410598743,-65.63369674682617
