in_product_family,in_bounding_box_x1,in_bounding_box_y1,in_bounding_box_x2,in_bounding_box_y2,in_bounding_box_x3,in_bounding_box_y3,in_bounding_box_x4,in_bounding_box_y4,out_bounding_box_x1,out_bounding_box_y1,out_bounding_box_x2,out_bounding_box_y2,out_bounding_box_x3,out_bounding_box_y3,out_bounding_box_x4,out_bounding_box_y4
ROOM,-585.01,-313.42307,110.01882,-313.42307,110.01882,510.60177,-585.01,510.60177,-585.01,-313.42307,110.01882,-313.42307,110.01882,510.60177,-585.01,510.60177
SOFA,-146,-76.8,146,-76.8,146,76.8,-146,76.8,-585,148.09755249023436,-293,148.09755249023436,-293,301.6975524902344,-585,301.6975524902344
STORAGE_FURNITURE,-50,-20.15,50,-20.15,50,20.15,-50,20.15,-585.0099853515625,77.93349647521973,-585.0099853515625,-22.066503524780266,-544.7099853515625,-22.06650352478028,-544.7099853515625,77.93349647521973
TABLE,-58.85,-25.3,58.85,-25.3,58.85,25.3,-58.85,25.3,-513.1781555175781,455.48302001953124,-395.4781555175781,455.48302001953124,-395.4781555175781,506.08302001953126,-513.1781555175781,506.08302001953126
STORAGE_FURNITURE,-45,-20,45,-20,45,20,-45,20,-233.86942864883898,-313.40979809488704,-143.86942866254677,-313.4113688912081,-143.86873053084852,-273.41136889730046,-233.86873051714073,-273.4097981009794
STORAGE_FURNITURE,-45,-20,45,-20,45,20,-45,20,-143.8694286625468,-313.41136889425417,-53.869428676254586,-313.41293969057523,-53.86873054455634,-273.4129396966676,-143.86873053084855,-273.41136890034653
