in_product_family,in_bounding_box_x1,in_bounding_box_y1,in_bounding_box_x2,in_bounding_box_y2,in_bounding_box_x3,in_bounding_box_y3,in_bounding_box_x4,in_bounding_box_y4,out_bounding_box_x1,out_bounding_box_y1,out_bounding_box_x2,out_bounding_box_y2,out_bounding_box_x3,out_bounding_box_y3,out_bounding_box_x4,out_bounding_box_y4
ROOM,5744.69623,4731.50972,6683.12005,4731.50972,6683.12005,4965.75001,5744.69623,4965.75001,5744.69623,4731.50972,6683.12005,4731.50972,6683.12005,4965.75001,5744.69623,4965.75001
TABLE,-45,-45,45,-45,45,45,-45,45,6196.596870858693,4769.4143596237645,6286.5968708449855,4769.412788827443,6286.598441641307,4859.4127888137355,6196.5984416550145,4859.414359610057
SEATING,-22.4,-28.45,22.4,-28.45,22.4,28.45,-22.4,28.45,6192.798805847583,4810.184712603572,6196.588640057549,4854.824125196716,6139.892600402417,4859.637553021428,6136.102766192451,4814.998140428284
SEATING,-22.4,-28.45,22.4,-28.45,22.4,28.45,-22.4,28.45,6302.185998512384,4808.425689655214,6286.606857924091,4766.421756761612,6339.955603050116,4746.634857219786,6355.534743638409,4788.638790113388
SOFA,-112.3,-50,112.3,-50,112.3,50,-112.3,50,6404.20390625,4733.353515625,6628.80390625,4733.353515625,6628.80390625,4833.353515625,6404.20390625,4833.353515625
TABLE,-45,-27.5,45,-27.5,45,27.5,-45,27.5,6462.67626953125,4847.06884765625,6552.67626953125,4847.06884765625,6552.67626953125,4902.06884765625,6462.67626953125,4902.06884765625
