in_product_family,in_bounding_box_x1,in_bounding_box_y1,in_bounding_box_x2,in_bounding_box_y2,in_bounding_box_x3,in_bounding_box_y3,in_bounding_box_x4,in_bounding_box_y4,out_bounding_box_x1,out_bounding_box_y1,out_bounding_box_x2,out_bounding_box_y2,out_bounding_box_x3,out_bounding_box_y3,out_bounding_box_x4,out_bounding_box_y4
ROOM,326.1593,-336.7326,756.15931,-336.7326,756.15931,333.25708,326.1593,333.25708,326.1593,-336.7326,756.15931,-336.7326,756.15931,333.25708,326.1593,333.25708
SOFA,-98,-50,98,-50,98,50,-98,50,522.1693115234375,77.64630699157716,326.1693115234375,77.64630699157713,326.1693115234375,-22.353693008422866,522.1693115234375,-22.353693008422837
STORAGE_FURNITURE,-78.1,-20.1,78.1,-20.1,78.1,20.1,-78.1,20.1,347.55853881835935,-186.7223907470703,503.7585388183594,-186.7223907470703,503.7585388183594,-146.52239074707032,347.55853881835935,-146.52239074707032
