in_product_family,in_bounding_box_x1,in_bounding_box_y1,in_bounding_box_x2,in_bounding_box_y2,in_bounding_box_x3,in_bounding_box_y3,in_bounding_box_x4,in_bounding_box_y4,out_bounding_box_x1,out_bounding_box_y1,out_bounding_box_x2,out_bounding_box_y2,out_bounding_box_x3,out_bounding_box_y3,out_bounding_box_x4,out_bounding_box_y4
ROOM,-415.5,254.0001,197,254.0001,197,563.5,-415.5,563.5,-415.5,254.0001,197,254.0001,197,563.5,-415.5,563.5
STORAGE_FURNITURE,-65.5,-25.3,65.5,-25.3,65.5,25.3,-65.5,25.3,-211.56401367187502,261.0099792480469,-211.564013671875,392.0099792480469,-262.16401367187495,392.0099792480469,-262.164013671875,261.0099792480469
SOFA,-94.5,-54.5,94.5,-54.5,94.5,54.5,-94.5,54.5,-84.42551022613453,563.4899903383919,-84.42551058685375,374.4899903383919,24.574489413146253,374.4899901303581,24.574489773865466,563.4899901303581
TABLE,-45,-45,45,-45,45,45,-45,45,-263.3836975097656,473.46234130859375,-173.38369750976562,473.46234130859375,-173.38369750976562,563.4623413085938,-263.3836975097656,563.4623413085938
SEATING,-28,-29,28,-29,28,29,-28,29,-248.1212158203125,415.45233154296875,-192.1212158203125,415.45233154296875,-192.1212158203125,473.45233154296875,-248.1212158203125,473.45233154296875
SEATING,-28,-29,28,-29,28,29,-28,29,-115.37370300292969,489.42205810546875,-115.37370300292969,545.4220581054688,-173.3737030029297,545.4220581054688,-173.3737030029297,489.42205810546875
STORAGE_FURNITURE,-90,-22.5,90,-22.5,90,22.5,-90,22.5,196.99000549316403,337.657958984375,196.9900054931641,517.657958984375,151.9900054931641,517.657958984375,151.99000549316403,337.657958984375
