in_product_family,in_bounding_box_x1,in_bounding_box_y1,in_bounding_box_x2,in_bounding_box_y2,in_bounding_box_x3,in_bounding_box_y3,in_bounding_box_x4,in_bounding_box_y4,out_bounding_box_x1,out_bounding_box_y1,out_bounding_box_x2,out_bounding_box_y2,out_bounding_box_x3,out_bounding_box_y3,out_bounding_box_x4,out_bounding_box_y4
ROOM,-2196.50608,-1548.54152,-220.96113,-1548.54152,-220.96113,-550.33044,-2196.50608,-550.33044,-2196.50608,-1548.54152,-220.96113,-1548.54152,-220.96113,-550.33044,-2196.50608,-550.33044
SOFA,-146,-76.8,146,-76.8,146,76.8,-146,76.8,-970.7515136718749,-855.3666381835938,-970.751513671875,-563.3666381835938,-1124.351513671875,-563.3666381835938,-1124.351513671875,-855.3666381835938
SOFA,-70.9,-35.25,70.9,-35.25,70.9,35.25,-70.9,35.25,-1244.20322265625,-926.7515869140625,-1102.40322265625,-926.7515869140625,-1102.40322265625,-856.2515869140625,-1244.20322265625,-856.2515869140625
TABLE,-49.85,-49.85,49.85,-49.85,49.85,49.85,-49.85,49.85,-1264.7051025390624,-719.977197265625,-1165.0051025390626,-719.977197265625,-1165.0051025390626,-620.277197265625,-1264.7051025390624,-620.277197265625
