in_product_family,in_bounding_box_x1,in_bounding_box_y1,in_bounding_box_x2,in_bounding_box_y2,in_bounding_box_x3,in_bounding_box_y3,in_bounding_box_x4,in_bounding_box_y4,out_bounding_box_x1,out_bounding_box_y1,out_bounding_box_x2,out_bounding_box_y2,out_bounding_box_x3,out_bounding_box_y3,out_bounding_box_x4,out_bounding_box_y4
ROOM,88.85979,-765.67945,449.86862,-765.67945,449.86862,-130.6269,88.85979,-130.6269,88.85979,-765.67945,449.86862,-765.67945,449.86862,-130.6269,88.85979,-130.6269
STORAGE_FURNITURE,-105,-25,105,-25,105,25,-105,25,133.91576385498044,-615.6543579101562,133.9157638549805,-405.65435791015625,83.9157638549805,-405.65435791015625,83.91576385498044,-615.6543579101562
STORAGE_FURNITURE,-105,-25,105,-25,105,25,-105,25,133.91576385498044,-720.6643676757812,133.9157638549805,-510.66436767578125,83.9157638549805,-510.66436767578125,83.91576385498044,-720.6643676757812
TABLE,-80,-40,80,-40,80,40,-80,40,153.91439819335935,-795.6743774414062,153.9143981933594,-635.6743774414062,73.9143981933594,-635.6743774414062,73.91439819335935,-795.6743774414062
SEATING,-32.65,-33.3,32.65,-33.3,32.65,33.3,-32.65,33.3,208.2409637451172,-744.5600952148437,208.24096374511717,-679.2600952148438,141.64096374511718,-679.2600952148438,141.6409637451172,-744.5600952148437
SEATING,-36.5,-40.5,36.5,-40.5,36.5,40.5,-36.5,40.5,357.774155323449,-185.94947767293422,298.5526330638688,-143.26679615855363,251.192397410926,-208.97834825480015,310.4139196705062,-251.66102976918074
SOFA,-109.85,-92.25,109.85,-92.25,109.85,92.25,-109.85,92.25,449.85864257812506,-627.4793945312499,449.85864257812494,-407.77939453125,265.35864257812494,-407.77939453125003,265.35864257812506,-627.47939453125
RADIATOR,-30,-3.95,30,-3.95,30,3.95,-30,3.95,347.2486572265625,-764.6832763671875,407.2486572265625,-764.6832763671875,407.2486572265625,-756.7832763671875,347.2486572265625,-756.7832763671875
