in_product_family,in_bounding_box_x1,in_bounding_box_y1,in_bounding_box_x2,in_bounding_box_y2,in_bounding_box_x3,in_bounding_box_y3,in_bounding_box_x4,in_bounding_box_y4,out_bounding_box_x1,out_bounding_box_y1,out_bounding_box_x2,out_bounding_box_y2,out_bounding_box_x3,out_bounding_box_y3,out_bounding_box_x4,out_bounding_box_y4
ROOM,-711.08,-270.3136,-167.0625,-270.3136,-167.0625,280.68474,-711.08,280.68474,-711.08,-270.3136,-167.0625,-270.3136,-167.0625,280.68474,-711.08,280.68474
RADIATOR,-33.5,-2.5,33.5,-2.5,33.5,2.5,-33.5,2.5,-240.6934814453125,66.49000549316406,-307.6934814453125,66.49000549316406,-307.6934814453125,61.490005493164055,-240.6934814453125,61.49000549316407
TABLE,-95.35,-56.75,95.35,-56.75,95.35,56.75,-95.35,56.75,-684.2006469726563,-197.07943725585938,-493.5006469726562,-197.07943725585938,-493.5006469726562,-83.57943725585938,-684.2006469726563,-83.57943725585938
STORAGE_FURNITURE,-90,-22.5,90,-22.5,90,22.5,-90,22.5,-325.7545166015625,87.39749145507812,-325.7545166015625,267.3974914550781,-370.7545166015625,267.3974914550781,-370.7545166015625,87.39749145507812
SOFA,-130.3,-83.7,130.3,-83.7,130.3,83.7,-130.3,83.7,-711.0764038085937,280.67536621093757,-711.0764038085938,20.075366210937517,-543.6764038085938,20.07536621093746,-543.6764038085937,280.67536621093745
