in_product_family,in_bounding_box_x1,in_bounding_box_y1,in_bounding_box_x2,in_bounding_box_y2,in_bounding_box_x3,in_bounding_box_y3,in_bounding_box_x4,in_bounding_box_y4,out_bounding_box_x1,out_bounding_box_y1,out_bounding_box_x2,out_bounding_box_y2,out_bounding_box_x3,out_bounding_box_y3,out_bounding_box_x4,out_bounding_box_y4
ROOM,-65.7556,351.48421,352.01358,351.48421,352.01358,781.023,-65.7556,781.023,-65.7556,351.48421,352.01358,351.48421,352.01358,781.023,-65.7556,781.023
SOFA,-91,-45,91,-45,91,45,-91,45,-63.94781494140625,359.62957763671875,118.05218505859375,359.62957763671875,118.05218505859375,449.62957763671875,-63.94781494140625,449.62957763671875
SOFA,-91,-45,91,-45,91,45,-91,45,118.06219482421875,359.62957763671875,300.06219482421875,359.62957763671875,300.06219482421875,449.62957763671875,118.06219482421875,449.62957763671875
TABLE,-60,-60,60,-60,60,60,-60,60,80.8604736328125,585.6511840820312,200.8604736328125,585.6511840820312,200.8604736328125,705.6511840820312,80.8604736328125,705.6511840820312
SEATING,-23.9,-25.95,23.9,-25.95,23.9,25.95,-23.9,25.95,107.6814208984375,533.741162109375,155.4814208984375,533.741162109375,155.4814208984375,585.641162109375,107.6814208984375,585.641162109375
SEATING,-23.9,-25.95,23.9,-25.95,23.9,25.95,-23.9,25.95,29.045730191951108,671.078833716522,26.15099208221092,623.3665659934718,77.95573465179889,620.2235344475405,80.85047276153908,667.9358021705907
SEATING,-23.9,-25.95,23.9,-25.95,23.9,25.95,-23.9,25.95,171.12102509092074,755.5022846345679,123.48377622515348,759.4434165152531,119.204597467673,707.7201274748071,166.8418463334403,703.7789955941219
SEATING,-23.9,-25.95,23.9,-25.95,23.9,25.95,-23.9,25.95,250.72047729492186,617.5418334960938,250.7204772949219,665.3418334960937,198.8204772949219,665.3418334960937,198.82047729492186,617.5418334960938
