in_product_family,in_bounding_box_x1,in_bounding_box_y1,in_bounding_box_x2,in_bounding_box_y2,in_bounding_box_x3,in_bounding_box_y3,in_bounding_box_x4,in_bounding_box_y4,out_bounding_box_x1,out_bounding_box_y1,out_bounding_box_x2,out_bounding_box_y2,out_bounding_box_x3,out_bounding_box_y3,out_bounding_box_x4,out_bounding_box_y4
ROOM,-1.9705,196.9074,699.20059,196.9074,699.20059,750.9882,-1.9705,750.9882,-1.9705,196.9074,699.20059,196.9074,699.20059,750.9882,-1.9705,750.9882
SOFA,-80.45,-39,80.45,-39,80.45,39,-80.45,39,295.9566650390625,470.3697631835937,295.9566650390625,631.2697631835938,217.95666503906253,631.2697631835938,217.95666503906247,470.36976318359376
SEATING,-40.9,-48.9,40.9,-48.9,40.9,48.9,-40.9,48.9,161.09220460730353,336.8362868116518,234.07114598494277,373.7864439885718,189.89357420129022,461.03999492662945,116.91463282365098,424.08983774970943
STORAGE_FURNITURE,-80,-22.5,80,-22.5,80,22.5,-80,22.5,-1.9605026245117045,618.3931274414062,-1.960502624511733,458.39312744140625,43.03949737548827,458.39312744140625,43.039497375488295,618.3931274414062
TABLE,-64.5,-34.5,64.5,-34.5,64.5,34.5,-64.5,34.5,167.18989562988278,489.08123779296875,167.18989562988284,618.0812377929688,98.18989562988284,618.0812377929688,98.18989562988278,489.08123779296875
STORAGE_FURNITURE,-21.05,-21.5,21.05,-21.5,21.05,21.5,-21.05,21.5,-1.9605083465576136,426.07117919921876,-1.9605083465576207,383.97117919921874,41.03949165344238,383.97117919921874,41.03949165344238,426.07117919921876
STORAGE_FURNITURE,-35.15,-20.45,35.15,-20.45,35.15,20.45,-35.15,20.45,656.52890625,750.9781982421875,586.22890625,750.9781982421874,586.22890625,710.0781982421875,656.52890625,710.0781982421876
STORAGE_FURNITURE,-90,-22,90,-22,90,22,-90,22,97.82594299316406,196.90821838378906,277.82594299316406,196.90821838378906,277.82594299316406,240.90821838378906,97.82594299316406,240.90821838378906
