in_product_family,in_bounding_box_x1,in_bounding_box_y1,in_bounding_box_x2,in_bounding_box_y2,in_bounding_box_x3,in_bounding_box_y3,in_bounding_box_x4,in_bounding_box_y4,out_bounding_box_x1,out_bounding_box_y1,out_bounding_box_x2,out_bounding_box_y2,out_bounding_box_x3,out_bounding_box_y3,out_bounding_box_x4,out_bounding_box_y4
ROOM,406.78755,-1542.87866,976.55294,-1542.87866,976.55294,-129.98371,406.78755,-129.98371,406.78755,-1542.87866,976.55294,-1542.87866,976.55294,-129.98371,406.78755,-129.98371
TABLE,-90,-45,90,-45,90,45,-90,45,649.5397338867188,-399.7938232421875,649.5397338867188,-219.7938232421875,559.5397338867188,-219.7938232421875,559.5397338867188,-399.7938232421875
SEATING,-23.9,-25.95,23.9,-25.95,23.9,25.95,-23.9,25.95,507.62977294921876,-246.4756103515625,507.62977294921876,-294.2756103515625,559.5297729492188,-294.27561035156253,559.5297729492188,-246.47561035156252
SEATING,-23.9,-25.95,23.9,-25.95,23.9,25.95,-23.9,25.95,507.62977294921876,-321.63564453124997,507.62977294921876,-369.43564453125,559.5297729492188,-369.43564453125003,559.5297729492188,-321.63564453125
SEATING,-23.9,-25.95,23.9,-25.95,23.9,25.95,-23.9,25.95,701.4496948242188,-291.6196350097656,701.4496948242188,-243.81963500976562,649.5496948242187,-243.81963500976565,649.5496948242187,-291.61963500976566
SEATING,-23.9,-25.95,23.9,-25.95,23.9,25.95,-23.9,25.95,701.4496948242188,-365.5716918945312,701.4496948242188,-317.7716918945312,649.5496948242187,-317.7716918945313,649.5496948242187,-365.5716918945313
