in_product_family,in_bounding_box_x1,in_bounding_box_y1,in_bounding_box_x2,in_bounding_box_y2,in_bounding_box_x3,in_bounding_box_y3,in_bounding_box_x4,in_bounding_box_y4,out_bounding_box_x1,out_bounding_box_y1,out_bounding_box_x2,out_bounding_box_y2,out_bounding_box_x3,out_bounding_box_y3,out_bounding_box_x4,out_bounding_box_y4
ROOM,-305.11684,-247.62826,584.88319,-247.62826,584.88319,425.49203,-305.11684,425.49203,-305.11684,-247.62826,584.88319,-247.62826,584.88319,425.49203,-305.11684,425.49203
STORAGE_FURNITURE,-64.9,-23.05,64.9,-23.05,64.9,23.05,-64.9,23.05,-230.78131408691405,189.8596130371094,-230.78131408691408,319.6596130371094,-276.8813140869141,319.65961303710935,-276.881314086914,189.85961303710934
SOFA,-65.5,-39,65.5,-39,65.5,39,-65.5,39,36.98105573809452,214.63624959825182,32.88960709965186,345.57234106290105,-45.07234048998661,343.1362113392482,-40.98089185154395,212.20011987459895
