in_product_family,in_bounding_box_x1,in_bounding_box_y1,in_bounding_box_x2,in_bounding_box_y2,in_bounding_box_x3,in_bounding_box_y3,in_bounding_box_x4,in_bounding_box_y4,out_bounding_box_x1,out_bounding_box_y1,out_bounding_box_x2,out_bounding_box_y2,out_bounding_box_x3,out_bounding_box_y3,out_bounding_box_x4,out_bounding_box_y4
ROOM,18.59201,-438.35806,388.20707,-438.35806,388.20707,72.071,18.59201,72.071,18.59201,-438.35806,388.20707,-438.35806,388.20707,72.071,18.59201,72.071
TABLE,-57.85,-40.6,57.85,-40.6,57.85,40.6,-57.85,40.6,223.41280517578124,72.06099853515626,107.71280517578124,72.06099853515624,107.71280517578126,-9.139001464843759,223.41280517578127,-9.139001464843744
SOFA,-71.8,-29,71.8,-29,71.8,29,-71.8,29,215.4158142089844,-180.92031860351562,71.81581420898438,-180.92031860351562,71.81581420898438,-238.92031860351562,215.4158142089844,-238.92031860351562
STORAGE_FURNITURE,-90,-22.5,90,-22.5,90,22.5,-90,22.5,49.7213134765625,-438.34808349609375,229.7213134765625,-438.34808349609375,229.7213134765625,-393.34808349609375,49.7213134765625,-393.34808349609375
TABLE,-50,-27.5,50,-27.5,50,27.5,-50,27.5,91.98719787597656,-343.2596435546875,191.98719787597656,-343.2596435546875,191.98719787597656,-288.2596435546875,91.98719787597656,-288.2596435546875
STORAGE_FURNITURE,-45,-10,45,-10,45,10,-45,10,388.19708251953125,-345.204345703125,388.19708251953125,-255.204345703125,368.19708251953125,-255.204345703125,368.19708251953125,-345.204345703125
