in_product_family,in_bounding_box_x1,in_bounding_box_y1,in_bounding_box_x2,in_bounding_box_y2,in_bounding_box_x3,in_bounding_box_y3,in_bounding_box_x4,in_bounding_box_y4,out_bounding_box_x1,out_bounding_box_y1,out_bounding_box_x2,out_bounding_box_y2,out_bounding_box_x3,out_bounding_box_y3,out_bounding_box_x4,out_bounding_box_y4
ROOM,-378.995,-202.66606,296.005,-202.66606,296.005,357.48157,-378.995,357.48157,-378.995,-202.66606,296.005,-202.66606,296.005,357.48157,-378.995,357.48157
SOFA,-95,-49.5,95,-49.5,95,49.5,-95,49.5,271.32366943359375,60.60190773010255,81.32366943359375,60.601907730102525,81.32366943359375,-38.398092269897475,271.32366943359375,-38.39809226989745
STORAGE_FURNITURE,-80,-22.05,80,-22.05,80,22.05,-80,22.05,90.63729858398438,-202.66604309082032,250.63729858398438,-202.66604309082032,250.63729858398438,-158.5660430908203,90.63729858398438,-158.5660430908203
TABLE,-75.35,-40.75,75.35,-40.75,75.35,40.75,-75.35,40.75,-81.39536285400393,17.08306655883787,-81.39536285400388,-133.61693344116213,0.10463714599611507,-133.61693344116208,0.10463714599607243,17.0830665588379
TABLE,-50,-27.5,50,-27.5,50,27.5,-50,27.5,118.17778015136719,-123.82073974609375,218.1777801513672,-123.82073974609375,218.1777801513672,-68.82073974609375,118.17778015136719,-68.82073974609375
