in_product_family,in_bounding_box_x1,in_bounding_box_y1,in_bounding_box_x2,in_bounding_box_y2,in_bounding_box_x3,in_bounding_box_y3,in_bounding_box_x4,in_bounding_box_y4,out_bounding_box_x1,out_bounding_box_y1,out_bounding_box_x2,out_bounding_box_y2,out_bounding_box_x3,out_bounding_box_y3,out_bounding_box_x4,out_bounding_box_y4
ROOM,3.72711,-623.31968,610.30485,-623.31968,610.30485,-188.08467,3.72711,-188.08467,3.72711,-623.31968,610.30485,-623.31968,610.30485,-188.08467,3.72711,-188.08467
STORAGE_FURNITURE,-90,-22.5,90,-22.5,90,22.5,-90,22.5,447.7947998046875,-615.08251953125,627.7947998046875,-615.08251953125,627.7947998046875,-570.08251953125,447.7947998046875,-570.08251953125
VEGETATION,-19.1,-18.95,19.1,-18.95,19.1,18.95,-19.1,18.95,223.75474853515627,-232.29467163085937,223.75474853515624,-194.09467163085935,185.85474853515623,-194.09467163085938,185.85474853515626,-232.2946716308594
TABLE,-64.5,-34.5,64.5,-34.5,64.5,34.5,-64.5,34.5,338.1759719511504,-421.2888961701759,465.82734148586474,-402.68438446167346,455.87609103713083,-334.40574494310533,328.2247215024165,-353.0102566516078
RADIATOR,-33.5,-2.5,33.5,-2.5,33.5,2.5,-33.5,2.5,527.974365234375,-193.09466552734375,594.974365234375,-193.09466552734375,594.974365234375,-188.09466552734375,527.974365234375,-188.09466552734375
STORAGE_FURNITURE,-60,-16.9,60,-16.9,60,16.9,-60,16.9,148.74710845947266,-188.09467468261718,28.747108459472656,-188.0946746826172,28.747108459472656,-221.8946746826172,148.74710845947266,-221.89467468261716
SOFA,-104.8,-46.1,104.8,-46.1,104.8,46.1,-104.8,46.1,608.2405639648438,-455.9582946777344,608.2405639648438,-246.3582946777344,516.0405639648437,-246.35829467773436,516.0405639648437,-455.95829467773433
SOFA,-104.8,-46.1,104.8,-46.1,104.8,46.1,-104.8,46.1,503.3955505371094,-188.09467163085938,293.79555053710936,-188.09467163085935,293.79555053710936,-280.29467163085934,503.3955505371094,-280.2946716308594
SEATING,-51.2,-51.1,51.2,-51.1,51.2,51.1,-51.2,51.1,209.48891752005687,-295.4759062256511,167.5375391224066,-388.8881209009128,260.7673080658806,-430.75756301263016,302.7186864635309,-337.3453483373685
