in_product_family,in_bounding_box_x1,in_bounding_box_y1,in_bounding_box_x2,in_bounding_box_y2,in_bounding_box_x3,in_bounding_box_y3,in_bounding_box_x4,in_bounding_box_y4,out_bounding_box_x1,out_bounding_box_y1,out_bounding_box_x2,out_bounding_box_y2,out_bounding_box_x3,out_bounding_box_y3,out_bounding_box_x4,out_bounding_box_y4
ROOM,-253.5,-382.35856,28.55045,-382.35856,28.55045,252.46112,-253.5,252.46112,-253.5,-382.35856,28.55045,-382.35856,28.55045,252.46112,-253.5,252.46112
STORAGE_FURNITURE,-65,-21,65,-21,65,21,-65,21,-113.48000717163086,-382.35498046875,16.51999282836914,-382.35498046875,16.51999282836914,-340.35498046875,-113.48000717163086,-340.35498046875
DECORATION,-20.35,-4.95,20.35,-4.95,20.35,4.95,-20.35,4.95,-163.4900146484375,-382.35499877929686,-122.7900146484375,-382.35499877929686,-122.7900146484375,-372.4549987792969,-163.4900146484375,-372.4549987792969
DECORATION,-20.35,-4.95,20.35,-4.95,20.35,4.95,-20.35,4.95,27.541905593872066,-292.3533569335938,27.541905593872077,-251.65335693359376,17.641905593872075,-251.65335693359376,17.641905593872064,-292.3533569335938
SEATING,-20.55,-25,20.55,-25,20.55,25,-20.55,25,-167.17378174393997,-277.0597271905853,-130.15530798948492,-294.9158914172809,-108.43248046309127,-249.88125181332097,-145.45095421754633,-232.02508758662538
SEATING,-20.55,-25,20.55,-25,20.55,25,-20.55,25,-20.891727427000372,-268.6428604704216,-1.1223684333032473,-232.6097861500375,-44.95822527075353,-208.5594710725471,-64.72758426445066,-244.59254539293124
TABLE,-39,-39,39,-39,39,39,-39,39,-121.64751807945478,-239.76235178780973,-47.99748250174106,-214.07826606529463,-73.68156822425615,-140.4282304875809,-147.3316038019699,-166.112316210096
TABLE,-60,-30.25,60,-30.25,60,30.25,-60,30.25,-253.49000549316406,93.63013458251953,-133.49000549316406,93.63013458251953,-133.49000549316406,154.13013458251953,-253.49000549316406,154.13013458251953
