in_product_family,in_bounding_box_x1,in_bounding_box_y1,in_bounding_box_x2,in_bounding_box_y2,in_bounding_box_x3,in_bounding_box_y3,in_bounding_box_x4,in_bounding_box_y4,out_bounding_box_x1,out_bounding_box_y1,out_bounding_box_x2,out_bounding_box_y2,out_bounding_box_x3,out_bounding_box_y3,out_bounding_box_x4,out_bounding_box_y4
ROOM,-290.9868,-630.36231,83.52785,-630.36231,83.52785,376.20711,-290.9868,376.20711,-290.9868,-630.36231,83.52785,-630.36231,83.52785,376.20711,-290.9868,376.20711
SEATING,-27.7,-28.6,27.7,-28.6,27.7,28.6,-27.7,28.6,-121.32157090020974,-153.7229778569312,-176.72157090020974,-153.72297785693112,-176.72157090020983,-210.92297785693114,-121.32157090020982,-210.92297785693123
SOFA,-101.05,-49.65,101.05,-49.65,101.05,49.65,-101.05,49.65,-55.16395874023438,376.1970886230469,-257.2639587402344,376.19708862304685,-257.2639587402344,276.89708862304684,-55.16395874023438,276.8970886230469
TABLE,-37.15,-37.15,37.15,-37.15,37.15,37.15,-37.15,37.15,-188.2170623779297,119.4050079345703,-113.91706237792968,119.4050079345703,-113.91706237792968,193.70500793457032,-188.2170623779297,193.70500793457032
