in_product_family,in_bounding_box_x1,in_bounding_box_y1,in_bounding_box_x2,in_bounding_box_y2,in_bounding_box_x3,in_bounding_box_y3,in_bounding_box_x4,in_bounding_box_y4,out_bounding_box_x1,out_bounding_box_y1,out_bounding_box_x2,out_bounding_box_y2,out_bounding_box_x3,out_bounding_box_y3,out_bounding_box_x4,out_bounding_box_y4
ROOM,170.2738,-123.99436,679.63778,-123.99436,679.63778,640.381,170.2738,640.381,170.2738,-123.99436,679.63778,-123.99436,679.63778,640.381,170.2738,640.381
STORAGE_FURNITURE,-90,-22.5,90,-22.5,90,22.5,-90,22.5,372.35784912109375,-137.64464569091797,552.3578491210938,-137.64464569091797,552.3578491210938,-92.64464569091797,372.35784912109375,-92.64464569091797
SOFA,-100,-51,100,-51,100,51,-100,51,560.4382629394531,105.52046203613283,360.4382629394531,105.5204620361328,360.4382629394531,3.5204620361327983,560.4382629394531,3.5204620361328267
STORAGE_FURNITURE,-55,-16.95,55,-16.95,55,16.95,-55,16.95,544.6995849609375,272.33185119628905,434.6995849609375,272.33185119628905,434.6995849609375,238.43185119628905,544.6995849609375,238.43185119628907
RADIATOR,-30,-3.95,30,-3.95,30,3.95,-30,3.95,677.8266901146064,272.2177498589311,617.8272034156619,272.4659349978362,617.7945257057061,264.56600258247516,677.7940124046506,264.31781744357005
SEATING,-18.15,-18.15,18.15,-18.15,18.15,18.15,-18.15,18.15,264.41228637695315,11.75439825057984,264.41228637695315,-24.545601749420157,300.7122863769531,-24.54560174942017,300.7122863769531,11.754398250579825
SEATING,-18.15,-18.15,18.15,-18.15,18.15,18.15,-18.15,18.15,264.41228637695315,-50.81244812011718,264.41228637695315,-87.11244812011718,300.7122863769531,-87.1124481201172,300.7122863769531,-50.812448120117196
STORAGE_FURNITURE,-27.5,-15,27.5,-15,27.5,15,-27.5,15,309.791015625,340.37310791015625,254.791015625,340.37310791015625,254.791015625,310.37310791015625,309.791015625,310.37310791015625
