in_product_family,in_bounding_box_x1,in_bounding_box_y1,in_bounding_box_x2,in_bounding_box_y2,in_bounding_box_x3,in_bounding_box_y3,in_bounding_box_x4,in_bounding_box_y4,out_bounding_box_x1,out_bounding_box_y1,out_bounding_box_x2,out_bounding_box_y2,out_bounding_box_x3,out_bounding_box_y3,out_bounding_box_x4,out_bounding_box_y4
ROOM,-345.53205,118.18051,545.82055,118.18051,545.82055,550.33527,-345.53205,550.33527,-345.53205,118.18051,545.82055,118.18051,545.82055,550.33527,-345.53205,550.33527
SOFA,-163.65,-78.8,163.65,-78.8,163.65,78.8,-163.65,78.8,514.3800109863281,482.15473632812495,187.08001098632812,482.154736328125,187.08001098632812,324.55473632812505,514.3800109863281,324.554736328125
STORAGE_FURNITURE,-73.5,-17.5,73.5,-17.5,73.5,17.5,-73.5,17.5,307.2857971191406,118.19050598144531,454.2857971191406,118.19050598144531,454.2857971191406,153.1905059814453,307.2857971191406,153.1905059814453
TABLE,-100,-47.65,100,-47.65,100,47.65,-100,47.65,-166.67872619628906,303.2198425292969,33.32127380371094,303.2198425292969,33.32127380371094,398.51984252929685,-166.67872619628906,398.51984252929685
SEATING,-29,-28.5,29,-28.5,29,28.5,-29,28.5,-43.94914531707764,246.2098388671875,14.050854682922363,246.2098388671875,14.050854682922363,303.2098388671875,-43.94914531707764,303.2098388671875
SEATING,-29,-28.5,29,-28.5,29,28.5,-29,28.5,-122.21830749511719,246.2098388671875,-64.21830749511719,246.2098388671875,-64.21830749511719,303.2098388671875,-122.21830749511719,303.2098388671875
SEATING,-29,-28.5,29,-28.5,29,28.5,-29,28.5,10.674932302538068,454.27457270762244,-47.27290811608258,456.7337983617817,-49.68973332792869,399.7850586400338,8.258107090691958,397.32583298587457
SEATING,-29,-28.5,29,-28.5,29,28.5,-29,28.5,-67.20519465058693,455.47858271738806,-125.15303506920759,457.9378083715473,-127.56986028105369,400.98906864979944,-69.62201986243304,398.5298429956402
