in_product_family,in_bounding_box_x1,in_bounding_box_y1,in_bounding_box_x2,in_bounding_box_y2,in_bounding_box_x3,in_bounding_box_y3,in_bounding_box_x4,in_bounding_box_y4,out_bounding_box_x1,out_bounding_box_y1,out_bounding_box_x2,out_bounding_box_y2,out_bounding_box_x3,out_bounding_box_y3,out_bounding_box_x4,out_bounding_box_y4
ROOM,-600.66402,-892.37481,599.44182,-892.37481,599.44182,275.05203,-600.66402,275.05203,-600.66402,-892.37481,599.44182,-892.37481,599.44182,275.05203,-600.66402,275.05203
SOFA,-163.65,-78.8,163.65,-78.8,163.65,78.8,-163.65,78.8,599.4318359375,-843.2038940429688,599.4318359375001,-515.9038940429688,441.83183593750005,-515.9038940429687,441.83183593749993,-843.2038940429687
TABLE,-87.5,-45,87.5,-45,87.5,45,-87.5,45,294.27764892578125,-297.6768341064453,469.27764892578125,-297.6768341064453,469.27764892578125,-207.6768341064453,294.27764892578125,-207.6768341064453
TABLE,-90,-45,90,-45,90,45,-90,45,453.4136047363281,31.02969360351561,453.4136047363281,211.02969360351562,363.4136047363281,211.02969360351562,363.4136047363281,31.02969360351564
TABLE,-58.85,-25.3,58.85,-25.3,58.85,25.3,-58.85,25.3,13.45182342529299,-610.3512939453125,13.451823425292947,-728.0512939453125,64.05182342529295,-728.0512939453125,64.051823425293,-610.3512939453125
TABLE,-44.95,-44.95,44.95,-44.95,44.95,44.95,-44.95,44.95,234.8793151855469,-710.9506713867188,324.77931518554686,-710.9506713867188,324.77931518554686,-621.0506713867187,234.8793151855469,-621.0506713867187
