in_product_family,in_bounding_box_x1,in_bounding_box_y1,in_bounding_box_x2,in_bounding_box_y2,in_bounding_box_x3,in_bounding_box_y3,in_bounding_box_x4,in_bounding_box_y4,out_bounding_box_x1,out_bounding_box_y1,out_bounding_box_x2,out_bounding_box_y2,out_bounding_box_x3,out_bounding_box_y3,out_bounding_box_x4,out_bounding_box_y4
ROOM,-206.0346,-202.89299,306.66545,-202.89299,306.66545,427.10701,-206.0346,427.10701,-206.0346,-202.89299,306.66545,-202.89299,306.66545,427.10701,-206.0346,427.10701
STORAGE_FURNITURE,-50,-20,50,-20,50,20,-50,20,299.51751708984375,-108.92816543579102,299.51751708984375,-8.928165435791009,259.51751708984375,-8.928165435791023,259.51751708984375,-108.92816543579102
DECORATION,-30.15,-28.95,30.15,-28.95,30.15,28.95,-30.15,28.95,224.04557189941406,361.99143676757814,284.34557189941404,361.99143676757814,284.34557189941404,419.8914367675781,224.04557189941406,419.8914367675781
