in_product_family,in_bounding_box_x1,in_bounding_box_y1,in_bounding_box_x2,in_bounding_box_y2,in_bounding_box_x3,in_bounding_box_y3,in_bounding_box_x4,in_bounding_box_y4,out_bounding_box_x1,out_bounding_box_y1,out_bounding_box_x2,out_bounding_box_y2,out_bounding_box_x3,out_bounding_box_y3,out_bounding_box_x4,out_bounding_box_y4
ROOM,-357,-689.76556,443,-689.76556,443,71.6904,-357,71.6904,-357,-689.76556,443,-689.76556,443,71.6904,-357,71.6904
SOFA,-113.3,-49.55,113.3,-49.55,113.3,49.55,-113.3,49.55,276.4696929931641,-254.9091064453125,49.869692993164065,-254.90910644531252,49.869692993164065,-354.0091064453125,276.4696929931641,-354.00910644531245
SOFA,-120.6,-49.55,120.6,-49.55,120.6,49.55,-120.6,49.55,42.084387207031256,-694.3055541992187,283.2843872070313,-694.3055541992187,283.2843872070313,-595.2055541992188,42.084387207031256,-595.2055541992188
SOFA,-85.25,-49.8,85.25,-49.8,85.25,49.8,-85.25,49.8,-41.72143440246578,-393.8035583496094,-41.72143440246585,-564.3035583496094,57.87856559753414,-564.3035583496094,57.87856559753421,-393.8035583496094
TABLE,-90,-45,90,-45,90,45,-90,45,-246.67567443847653,-399.76556396484375,-246.6756744384766,-579.7655639648438,-156.6756744384766,-579.7655639648438,-156.67567443847653,-399.76556396484375
