in_product_family,in_bounding_box_x1,in_bounding_box_y1,in_bounding_box_x2,in_bounding_box_y2,in_bounding_box_x3,in_bounding_box_y3,in_bounding_box_x4,in_bounding_box_y4,out_bounding_box_x1,out_bounding_box_y1,out_bounding_box_x2,out_bounding_box_y2,out_bounding_box_x3,out_bounding_box_y3,out_bounding_box_x4,out_bounding_box_y4
ROOM,-408.69815,-270.41551,889.21609,-270.41551,889.21609,596.31362,-408.69815,596.31362,-408.69815,-270.41551,889.21609,-270.41551,889.21609,596.31362,-408.69815,596.31362
TABLE,-60,-30,60,-30,60,30,-60,30,387.36285400390625,220.49285888671875,387.36285400390625,340.49285888671875,327.36285400390625,340.49285888671875,327.36285400390625,220.49285888671875
