in_product_family,in_bounding_box_x1,in_bounding_box_y1,in_bounding_box_x2,in_bounding_box_y2,in_bounding_box_x3,in_bounding_box_y3,in_bounding_box_x4,in_bounding_box_y4,out_bounding_box_x1,out_bounding_box_y1,out_bounding_box_x2,out_bounding_box_y2,out_bounding_box_x3,out_bounding_box_y3,out_bounding_box_x4,out_bounding_box_y4
ROOM,-751.99137,-335.51897,-450.18215,-335.51897,-450.18215,93.37925,-751.99137,93.37925,-751.99137,-335.51897,-450.18215,-335.51897,-450.18215,93.37925,-751.99137,93.37925
SOFA,-110.5,-45.5,110.5,-45.5,110.5,45.5,-110.5,45.5,-708.983642578125,-324.28045654296875,-487.983642578125,-324.28045654296875,-487.983642578125,-233.28045654296875,-708.983642578125,-233.28045654296875
DECORATION,-100,-70,100,-70,100,70,-100,70,-717.1934339395638,-87.5679607545978,-621.7714208962162,-263.33667078785487,-498.73332387293624,-196.54126165751157,-594.1553369162838,-20.772551624254504
SEATING,-33.95,-38.2,33.95,-38.2,33.95,38.2,-33.95,38.2,-459.4984537276723,37.67815794572085,-513.8532280252471,78.37175094338707,-559.6410116043589,17.212623456867043,-505.28623730678424,-23.48096954079918
STORAGE_FURNITURE,-57,-21,57,-21,57,21,-57,21,-450.192138671875,-203.202392578125,-450.192138671875,-89.202392578125,-492.192138671875,-89.202392578125,-492.192138671875,-203.202392578125
STORAGE_FURNITURE,-45,-20,45,-20,45,20,-45,20,-684.2989648443197,81.26738084832539,-746.8646980725215,16.57171618972962,-718.1110693353678,-11.23527635613788,-655.545336107166,53.46038830245788
TABLE,-55,-30,55,-30,55,30,-55,30,-662.2406820286303,-110.86254241048071,-607.2331039366551,-206.12096121142054,-555.2739664088697,-176.11682770670677,-610.2815445008449,-80.85840890576695
LIGHTING,-51.9,-47.15,51.9,-47.15,51.9,47.15,-51.9,47.15,-572.597509765625,-169.1082977294922,-468.797509765625,-169.1082977294922,-468.797509765625,-74.80829772949218,-572.597509765625,-74.80829772949218
