in_product_family,in_bounding_box_x1,in_bounding_box_y1,in_bounding_box_x2,in_bounding_box_y2,in_bounding_box_x3,in_bounding_box_y3,in_bounding_box_x4,in_bounding_box_y4,out_bounding_box_x1,out_bounding_box_y1,out_bounding_box_x2,out_bounding_box_y2,out_bounding_box_x3,out_bounding_box_y3,out_bounding_box_x4,out_bounding_box_y4
ROOM,-256.95594,-246.72631,53.42025,-246.72631,53.42025,121.75574,-256.95594,121.75574,-256.95594,-246.72631,53.42025,-246.72631,53.42025,121.75574,-256.95594,121.75574
SOFA,-89.65,-47.05,89.65,-47.05,89.65,47.05,-89.65,47.05,-257.454067993164,-10.276094055175761,-257.4540679931641,-189.57609405517576,-163.3540679931641,-189.57609405517582,-163.35406799316402,-10.27609405517579
STORAGE_FURNITURE,-75.25,-20.35,75.25,-20.35,75.25,20.35,-75.25,20.35,53.41024932861331,-175.80178833007812,53.410249328613254,-25.30178833007811,12.710249328613251,-25.30178833007814,12.710249328613308,-175.80178833007812
TABLE,-50,-27.5,50,-27.5,50,27.5,-50,27.5,-46.67775726318361,-155.1973876953125,-46.67775726318358,-55.19738769531251,-101.67775726318358,-55.19738769531249,-101.67775726318361,-155.1973876953125
