in_product_family,in_bounding_box_x1,in_bounding_box_y1,in_bounding_box_x2,in_bounding_box_y2,in_bounding_box_x3,in_bounding_box_y3,in_bounding_box_x4,in_bounding_box_y4,out_bounding_box_x1,out_bounding_box_y1,out_bounding_box_x2,out_bounding_box_y2,out_bounding_box_x3,out_bounding_box_y3,out_bounding_box_x4,out_bounding_box_y4
ROOM,-303.16052,-296.094,103.61005,-296.094,103.61005,250.98409,-303.16052,250.98409,-303.16052,-296.094,103.61005,-296.094,103.61005,250.98409,-303.16052,250.98409
SOFA,-91,-45,91,-45,91,45,-91,45,108.09848445163999,222.89479654894876,-73.90148159113593,223.005974012533,-73.9564594577435,133.00599080456686,108.04350658503242,132.89481334098264
TABLE,-90,-40,90,-40,90,40,-90,40,-74.81694793701166,-221.1512298583984,-74.81694793701178,-41.15122985839841,-154.81694793701178,-41.151229858398466,-154.81694793701166,-221.15122985839847
STORAGE_FURNITURE,-90,-22,90,-22,90,22,-90,22,95.10013580322263,-342.5574188232422,95.10013580322268,-162.5574188232422,51.100135803222685,-162.5574188232422,51.10013580322263,-342.5574188232422
TABLE,-27,-35,27,-35,27,35,-27,35,49.96453857421874,38.92178344726561,49.96453857421876,92.92178344726561,-20.035461425781243,92.92178344726564,-20.035461425781257,38.92178344726564
TABLE,-27,-35,27,-35,27,35,-27,35,25.289505004882805,45.216064453124986,25.28950500488282,99.21606445312499,-44.71049499511718,99.21606445312501,-44.710494995117195,45.216064453125014
