in_product_family,in_bounding_box_x1,in_bounding_box_y1,in_bounding_box_x2,in_bounding_box_y2,in_bounding_box_x3,in_bounding_box_y3,in_bounding_box_x4,in_bounding_box_y4,out_bounding_box_x1,out_bounding_box_y1,out_bounding_box_x2,out_bounding_box_y2,out_bounding_box_x3,out_bounding_box_y3,out_bounding_box_x4,out_bounding_box_y4
ROOM,-719.54702,-604.77169,347.47263,-604.77169,347.47263,589.28776,-719.54702,589.28776,-719.54702,-604.77169,347.47263,-604.77169,347.47263,589.28776,-719.54702,589.28776
SEATING,-44,-48.5,44,-48.5,44,48.5,-44,48.5,-742.4852742454369,47.72705689967151,-672.4365396817874,-5.538079784949616,-613.7238321998756,71.67472990452771,-683.7725667635251,124.93986658914883
SOFA,-112,-49.75,112,-49.75,112,49.75,-112,49.75,-280.0550842285156,160.22439575195312,-280.0550842285156,384.2243957519531,-379.5550842285156,384.2243957519531,-379.5550842285156,160.22439575195312
TABLE,-27.5,-27.5,27.5,-27.5,27.5,27.5,-27.5,27.5,-520.8110046386719,209.26173400878906,-465.8110046386719,209.26173400878906,-465.8110046386719,264.26173400878906,-520.8110046386719,264.26173400878906
SEATING,-44,-48.5,44,-48.5,44,48.5,-44,48.5,-681.8573039048505,382.263449678251,-723.4217325255197,304.69800457904915,-637.9234578138995,258.8826684858115,-596.3590291932303,336.44811358501335
TABLE,-129.8,-44.75,129.8,-44.75,129.8,44.75,-129.8,44.75,-283.3460083007812,-455.2226684570312,-283.3460083007813,-195.6226684570312,-372.8460083007813,-195.62266845703127,-372.8460083007812,-455.2226684570313
