in_product_family,in_bounding_box_x1,in_bounding_box_y1,in_bounding_box_x2,in_bounding_box_y2,in_bounding_box_x3,in_bounding_box_y3,in_bounding_box_x4,in_bounding_box_y4,out_bounding_box_x1,out_bounding_box_y1,out_bounding_box_x2,out_bounding_box_y2,out_bounding_box_x3,out_bounding_box_y3,out_bounding_box_x4,out_bounding_box_y4
ROOM,-459.87807,-517.37188,352.12194,-517.37188,352.12194,545.62811,-459.87807,545.62811,-459.87807,-517.37188,352.12194,-517.37188,352.12194,545.62811,-459.87807,545.62811
TABLE,-90,-40,90,-40,90,40,-90,40,-145.31140518188477,363.3425598144531,34.688594818115234,363.3425598144531,34.688594818115234,443.3425598144531,-145.31140518188477,443.3425598144531
TABLE,-90,-40,90,-40,90,40,-90,40,34.69860076904297,363.3425598144531,214.69860076904297,363.3425598144531,214.69860076904297,443.3425598144531,34.69860076904297,443.3425598144531
TABLE,-90,-40,90,-40,90,40,-90,40,-325.3214111328125,363.3425598144531,-145.3214111328125,363.3425598144531,-145.3214111328125,443.3425598144531,-325.3214111328125,443.3425598144531
TABLE,-90,-40,90,-40,90,40,-90,40,-183.06595357738,304.1493502988086,-343.8328013371874,223.19244409943047,-307.8519541374638,151.74051176173828,-147.08510637765636,232.6974179611164
TABLE,-90,-40,90,-40,90,40,-90,40,-168.48779962019603,141.3048248384627,-331.0466641628738,64.00918745448524,-296.6930475477727,-8.239196786704895,-134.13418300509494,69.05644059727257
TABLE,-90,-40,90,-40,90,40,-90,40,53.015436458911495,237.66443980530755,210.10862036715866,149.79105606728572,249.16345758405726,219.61024891539557,92.07027367581009,307.48363265341743
TABLE,-90,-40,90,-40,90,40,-90,40,23.95103110563352,69.78956741837527,183.3710170079138,-13.788348892793664,220.51675759065554,57.064978174886456,61.09677168837527,140.64289448605538
