in_product_family,in_bounding_box_x1,in_bounding_box_y1,in_bounding_box_x2,in_bounding_box_y2,in_bounding_box_x3,in_bounding_box_y3,in_bounding_box_x4,in_bounding_box_y4,out_bounding_box_x1,out_bounding_box_y1,out_bounding_box_x2,out_bounding_box_y2,out_bounding_box_x3,out_bounding_box_y3,out_bounding_box_x4,out_bounding_box_y4
ROOM,-345.31,-313.46992,564.69,-313.46992,564.69,691.73216,-345.31,691.73216,-345.31,-313.46992,564.69,-313.46992,564.69,691.73216,-345.31,691.73216
SOFA,-99,-48.5,99,-48.5,99,48.5,-99,48.5,-80.87750244140625,700.72216796875,-278.87750244140625,700.72216796875,-278.87750244140625,603.72216796875,-80.87750244140625,603.72216796875
STORAGE_FURNITURE,-78.1,-20.1,78.1,-20.1,78.1,20.1,-78.1,20.1,-253.1478515625,322.1763977050781,-96.9478515625,322.1763977050781,-96.9478515625,362.37639770507815,-253.1478515625,362.37639770507815
TABLE,-45.05,-25.1,45.05,-25.1,45.05,25.1,-45.05,25.1,-237.50010375976564,483.3296875,-147.4001037597656,483.3296875,-147.4001037597656,533.5296875,-237.50010375976564,533.5296875
