in_product_family,in_bounding_box_x1,in_bounding_box_y1,in_bounding_box_x2,in_bounding_box_y2,in_bounding_box_x3,in_bounding_box_y3,in_bounding_box_x4,in_bounding_box_y4,out_bounding_box_x1,out_bounding_box_y1,out_bounding_box_x2,out_bounding_box_y2,out_bounding_box_x3,out_bounding_box_y3,out_bounding_box_x4,out_bounding_box_y4
ROOM,245.266,581.5,531.78343,581.5,531.78343,1067.383,245.266,1067.383,245.266,581.5,531.78343,581.5,531.78343,1067.383,245.266,1067.383
SOFA,-91,-45,91,-45,91,45,-91,45,531.7734069824219,854.0628662109375,531.7734069824219,1036.0628662109375,441.7734069824218,1036.0628662109375,441.77340698242193,854.0628662109375
