in_product_family,in_bounding_box_x1,in_bounding_box_y1,in_bounding_box_x2,in_bounding_box_y2,in_bounding_box_x3,in_bounding_box_y3,in_bounding_box_x4,in_bounding_box_y4,out_bounding_box_x1,out_bounding_box_y1,out_bounding_box_x2,out_bounding_box_y2,out_bounding_box_x3,out_bounding_box_y3,out_bounding_box_x4,out_bounding_box_y4
ROOM,-500,-48.17756,-1.07518,-48.17756,-1.07518,400,-500,400,-500,-48.17756,-1.07518,-48.17756,-1.07518,400,-500,400
STORAGE_FURNITURE,-73,-22.55,73,-22.55,73,22.55,-73,22.55,-295.7107849121094,-31.294345664978028,-149.71078491210938,-31.294345664978028,-149.71078491210938,13.805654335021973,-295.7107849121094,13.805654335021973
SOFA,-121.25,-79.45,121.25,-79.45,121.25,79.45,-121.25,79.45,-97.61324768066402,152.0047302246094,-97.6132476806641,394.5047302246094,-256.5132476806641,394.5047302246094,-256.513247680664,152.00473022460935
TABLE,-50,-27.5,50,-27.5,50,27.5,-50,27.5,-336.2716979980469,285.3090515136719,-336.2716979980469,185.30905151367188,-281.2716979980469,185.30905151367188,-281.2716979980469,285.3090515136719
SEATING,-55.65,-44.1,55.65,-44.1,55.65,44.1,-55.65,44.1,-386.8637451171875,43.470442199707016,-275.56374511718747,43.470442199707044,-275.5637451171875,131.67044219970705,-386.86374511718753,131.67044219970703
STORAGE_FURNITURE,-90.3,-22.55,90.3,-22.55,90.3,22.55,-90.3,22.55,-92.60229949951174,357.41328125,-92.6022994995117,176.81328125,-47.50229949951169,176.81328125,-47.50229949951174,357.41328125
STORAGE_FURNITURE,-73.5,-17.5,73.5,-17.5,73.5,17.5,-73.5,17.5,-499.989990234375,340.8403625488281,-499.989990234375,193.84036254882812,-464.989990234375,193.84036254882812,-464.989990234375,340.8403625488281
