in_product_family,in_bounding_box_x1,in_bounding_box_y1,in_bounding_box_x2,in_bounding_box_y2,in_bounding_box_x3,in_bounding_box_y3,in_bounding_box_x4,in_bounding_box_y4,out_bounding_box_x1,out_bounding_box_y1,out_bounding_box_x2,out_bounding_box_y2,out_bounding_box_x3,out_bounding_box_y3,out_bounding_box_x4,out_bounding_box_y4
ROOM,-563,552.25103,30,552.25103,30,1159.25103,-563,1159.25103,-563,552.25103,30,552.25103,30,1159.25103,-563,1159.25103
TABLE,-105,-37.5,105,-37.5,105,37.5,-105,37.5,-222.10733032226565,814.2933959960938,-222.1073303222656,604.2933959960938,-147.1073303222656,604.2933959960938,-147.10733032226565,814.2933959960938
TABLE,-105,-37.5,105,-37.5,105,37.5,-105,37.5,-222.1073303222657,1024.2933959960938,-222.10733032226565,814.2933959960938,-147.10733032226565,814.2933959960938,-147.1073303222657,1024.2933959960938
TABLE,-105,-37.5,105,-37.5,105,37.5,-105,37.5,-439.51116943359375,1028.7406005859375,-439.51116943359375,818.7406005859375,-364.51116943359375,818.7406005859375,-364.51116943359375,1028.7406005859375
