in_product_family,in_bounding_box_x1,in_bounding_box_y1,in_bounding_box_x2,in_bounding_box_y2,in_bounding_box_x3,in_bounding_box_y3,in_bounding_box_x4,in_bounding_box_y4,out_bounding_box_x1,out_bounding_box_y1,out_bounding_box_x2,out_bounding_box_y2,out_bounding_box_x3,out_bounding_box_y3,out_bounding_box_x4,out_bounding_box_y4
ROOM,1051.37234,-573.63759,1454.77931,-573.63759,1454.77931,61.59126,1051.37234,61.59126,1051.37234,-573.63759,1454.77931,-573.63759,1454.77931,61.59126,1051.37234,61.59126
SOFA,-95,-49.5,95,-49.5,95,49.5,-95,49.5,1447.549560546875,61.08125495910646,1257.549560546875,61.08125495910643,1257.549560546875,-37.91874504089357,1447.549560546875,-37.91874504089354
SOFA,-130.3,-83.7,130.3,-83.7,130.3,83.7,-130.3,83.7,1454.7692138671875,-334.6282775878906,1454.7692138671875,-74.02827758789059,1287.3692138671875,-74.02827758789064,1287.3692138671875,-334.6282775878907
