in_product_family,in_bounding_box_x1,in_bounding_box_y1,in_bounding_box_x2,in_bounding_box_y2,in_bounding_box_x3,in_bounding_box_y3,in_bounding_box_x4,in_bounding_box_y4,out_bounding_box_x1,out_bounding_box_y1,out_bounding_box_x2,out_bounding_box_y2,out_bounding_box_x3,out_bounding_box_y3,out_bounding_box_x4,out_bounding_box_y4
ROOM,510.42043,76.31508,1095.82894,76.31508,1095.82894,659.68501,510.42043,659.68501,510.42043,76.31508,1095.82894,76.31508,1095.82894,659.68501,510.42043,659.68501
STORAGE_FURNITURE,-50,-27.5,50,-27.5,50,27.5,-50,27.5,743.701416015625,376.70379638671875,843.701416015625,376.70379638671875,843.701416015625,431.70379638671875,743.701416015625,431.70379638671875
STORAGE_FURNITURE,-90,-24.1,90,-24.1,90,24.1,-90,24.1,516.3204711914063,421.6921691894531,516.3204711914062,241.69216918945312,564.5204711914062,241.69216918945312,564.5204711914063,421.6921691894531
STORAGE_FURNITURE,-50,-27.5,50,-27.5,50,27.5,-50,27.5,517.930419921875,633.4075927734375,517.930419921875,533.4075927734375,572.930419921875,533.4075927734375,572.930419921875,633.4075927734375
STORAGE_FURNITURE,-50,-27.5,50,-27.5,50,27.5,-50,27.5,510.430419921875,507.2021789550781,510.430419921875,407.2021789550781,565.430419921875,407.2021789550781,565.430419921875,507.2021789550781
