in_product_family,in_bounding_box_x1,in_bounding_box_y1,in_bounding_box_x2,in_bounding_box_y2,in_bounding_box_x3,in_bounding_box_y3,in_bounding_box_x4,in_bounding_box_y4,out_bounding_box_x1,out_bounding_box_y1,out_bounding_box_x2,out_bounding_box_y2,out_bounding_box_x3,out_bounding_box_y3,out_bounding_box_x4,out_bounding_box_y4
ROOM,-554.5,-264.495,475.5,-264.495,475.5,488.505,-554.5,488.505,-554.5,-264.495,475.5,-264.495,475.5,488.505,-554.5,488.505
TABLE,-105,-37.5,105,-37.5,105,37.5,-105,37.5,-428.4673767089844,185.7351837158203,-218.46737670898438,185.7351837158203,-218.46737670898438,260.7351837158203,-428.4673767089844,260.7351837158203
SOFA,-123.3,-125,123.3,-125,123.3,125,-123.3,125,-66.5092468261719,-250.3869598388672,-66.50924682617185,-3.7869598388672188,-316.5092468261719,-3.786959838867162,-316.5092468261719,-250.38695983886714
STORAGE_FURNITURE,-80,-20,80,-20,80,20,-80,20,-554.489990234375,-14.582839965820312,-554.489990234375,-174.5828399658203,-514.489990234375,-174.5828399658203,-514.489990234375,-14.582839965820312
STORAGE_FURNITURE,-90,-25.7,90,-25.7,90,25.7,-90,25.7,-554.4899780273437,345.7393035888672,-554.4899780273438,165.7393035888672,-503.08997802734376,165.7393035888672,-503.08997802734376,345.7393035888672
