in_product_family,in_bounding_box_x1,in_bounding_box_y1,in_bounding_box_x2,in_bounding_box_y2,in_bounding_box_x3,in_bounding_box_y3,in_bounding_box_x4,in_bounding_box_y4,out_bounding_box_x1,out_bounding_box_y1,out_bounding_box_x2,out_bounding_box_y2,out_bounding_box_x3,out_bounding_box_y3,out_bounding_box_x4,out_bounding_box_y4
ROOM,-505,-485,240.02256,-485,240.02256,313.37972,-505,313.37972,-505,-485,240.02256,-485,240.02256,313.37972,-505,313.37972
SOFA,-105,-45,105,-45,105,45,-105,45,-156.86023712158206,236.76431274414062,-156.860237121582,26.76431274414061,-66.860237121582,26.76431274414064,-66.86023712158206,236.76431274414062
STORAGE_FURNITURE,-70,-22.5,70,-22.5,70,22.5,-70,22.5,195.01728820800778,283.68019104003906,195.01728820800784,143.68019104003906,240.01728820800784,143.68019104003906,240.01728820800778,283.68019104003906
STORAGE_FURNITURE,-70,-22.5,70,-22.5,70,22.5,-70,22.5,195.01728820800778,145.75051879882812,195.01728820800784,5.750518798828125,240.01728820800784,5.750518798828125,240.01728820800778,145.75051879882812
TABLE,-40,-40,40,-40,40,40,-40,40,-23.83356475830078,136.2240753173828,56.16643524169922,136.2240753173828,56.16643524169922,216.2240753173828,-23.83356475830078,216.2240753173828
TABLE,-40,-40,40,-40,40,40,-40,40,-39.88347410038024,49.7608728777175,35.541639291166774,23.09530950710267,62.20720266178161,98.52042289864968,-13.217910729765407,125.18598626926452
