in_product_family,in_bounding_box_x1,in_bounding_box_y1,in_bounding_box_x2,in_bounding_box_y2,in_bounding_box_x3,in_bounding_box_y3,in_bounding_box_x4,in_bounding_box_y4,out_bounding_box_x1,out_bounding_box_y1,out_bounding_box_x2,out_bounding_box_y2,out_bounding_box_x3,out_bounding_box_y3,out_bounding_box_x4,out_bounding_box_y4
ROOM,-256.5,-198,210.74275,-198,210.74275,89,-256.5,89,-256.5,-198,210.74275,-198,210.74275,89,-256.5,89
SOFA,-91,-45,91,-45,91,45,-91,45,-256.494140625,-197.99188232421875,-74.494140625,-197.99188232421875,-74.494140625,-107.99188232421875,-256.494140625,-107.99188232421875
SEATING,-26.2,-26.2,26.2,-26.2,26.2,26.2,-26.2,26.2,-56.99195022583008,33.51768569946289,-4.591950225830079,33.51768569946289,-4.591950225830079,85.9176856994629,-56.99195022583008,85.9176856994629
SEATING,-26.2,-26.2,26.2,-26.2,26.2,26.2,-26.2,26.2,-58.87797088623047,-40.01876373291016,-6.4779708862304695,-40.01876373291016,-6.4779708862304695,12.381236267089843,-58.87797088623047,12.381236267089843
TABLE,-50,-27.5,50,-27.5,50,27.5,-50,27.5,-216.8043212890625,-75.14345932006836,-116.8043212890625,-75.14345932006836,-116.8043212890625,-20.14345932006836,-216.8043212890625,-20.14345932006836
LIGHTING,-13,-28,13,-28,13,28,-13,28,-240.80557112321628,89.97165126239956,-261.4791444527973,74.20449026916947,-227.5191053904556,29.67679386699497,-206.84553206087458,45.443954860225055
DECORATION,-100,-70,100,-70,100,70,-100,70,-257.61785888671875,-112.8022575378418,-57.61785888671875,-112.8022575378418,-57.61785888671875,27.197742462158203,-257.61785888671875,27.197742462158203
