in_product_family,in_bounding_box_x1,in_bounding_box_y1,in_bounding_box_x2,in_bounding_box_y2,in_bounding_box_x3,in_bounding_box_y3,in_bounding_box_x4,in_bounding_box_y4,out_bounding_box_x1,out_bounding_box_y1,out_bounding_box_x2,out_bounding_box_y2,out_bounding_box_x3,out_bounding_box_y3,out_bounding_box_x4,out_bounding_box_y4
ROOM,1767.33395,-300.06437,2158.33395,-300.06437,2158.33395,412.30663,1767.33395,412.30663,1767.33395,-300.06437,2158.33395,-300.06437,2158.33395,412.30663,1767.33395,412.30663
TABLE,-81.6,-45,81.6,-45,81.6,45,-81.6,45,1918.4646992754267,-27.625924730693086,1918.4012176782462,-190.82591238414489,2008.401210869488,-190.86092061788418,2008.4646924666686,-27.660932964432405
STORAGE_FURNITURE,-70,-22,70,-22,70,22,-70,22,2153.2557131978947,-165.2757296833537,2153.2271960455487,-25.27573258773937,2109.2271969583553,-25.284695121333797,2109.2557141107013,-165.28469221694814
SEATING,-21.85,-29.35,21.85,-29.35,21.85,29.35,-21.85,29.35,2070.1734258689007,-156.78897719838122,2069.790433851395,-113.09065552449394,2011.0926882619858,-113.60510933290553,2011.4756802794916,-157.3034310067928
SEATING,-21.85,-29.35,21.85,-29.35,21.85,29.35,-21.85,29.35,2070.1970472221083,-95.90025293265084,2069.8140552046025,-52.20193125876356,2011.1163096151934,-52.71638506717515,2011.4993016326991,-96.41470674106245
SEATING,-21.85,-29.35,21.85,-29.35,21.85,29.35,-21.85,29.35,1857.1393798942265,-55.85219419853527,1857.1393798713984,-99.55219419853528,1915.8393798713985,-99.5521942291991,1915.8393798942266,-55.8521942291991
SEATING,-21.85,-29.35,21.85,-29.35,21.85,29.35,-21.85,29.35,1856.608740245789,-113.81793821708996,1856.608740222961,-157.51793821708998,1915.308740222961,-157.5179382477538,1915.308740245789,-113.81793824775379
SOFA,-89.95,-47.05,89.95,-47.05,89.95,47.05,-89.95,47.05,2144.4377583986743,201.95628739883404,2144.4011175893297,381.8562836674585,2050.3011195410945,381.8371180189908,2050.337760350439,201.93712175036632
SEATING,-47.75,-34.5,47.75,-34.5,47.75,34.5,-47.75,34.5,1940.9135746423037,113.61894167451939,2036.4135746423037,113.61894284696498,2036.4135737951963,182.61894284696498,1940.9135737951963,182.6189416745194
