in_product_family,in_bounding_box_x1,in_bounding_box_y1,in_bounding_box_x2,in_bounding_box_y2,in_bounding_box_x3,in_bounding_box_y3,in_bounding_box_x4,in_bounding_box_y4,out_bounding_box_x1,out_bounding_box_y1,out_bounding_box_x2,out_bounding_box_y2,out_bounding_box_x3,out_bounding_box_y3,out_bounding_box_x4,out_bounding_box_y4
ROOM,-32.43237,1294.68664,1326.96172,1294.68664,1326.96172,2255.5166,-32.43237,2255.5166,-32.43237,1294.68664,1326.96172,1294.68664,1326.96172,2255.5166,-32.43237,2255.5166
SOFA,-164,-107.3,164,-107.3,164,107.3,-164,107.3,1060.4830444335937,1373.654541015625,1060.4830444335937,1701.654541015625,845.8830444335937,1701.654541015625,845.8830444335938,1373.654541015625
STORAGE_FURNITURE,-153.95,-25.45,153.95,-25.45,153.95,25.45,-153.95,25.45,748.7018554687501,1683.8234130859375,748.70185546875,1375.9234130859375,799.6018554687499,1375.9234130859375,799.60185546875,1683.8234130859375
TABLE,-87.5,-45,87.5,-45,87.5,45,-87.5,45,1139.2373046875,1579.83837890625,1139.2373046875,1404.83837890625,1229.2373046875,1404.83837890625,1229.2373046875,1579.83837890625
