in_product_family,in_bounding_box_x1,in_bounding_box_y1,in_bounding_box_x2,in_bounding_box_y2,in_bounding_box_x3,in_bounding_box_y3,in_bounding_box_x4,in_bounding_box_y4,out_bounding_box_x1,out_bounding_box_y1,out_bounding_box_x2,out_bounding_box_y2,out_bounding_box_x3,out_bounding_box_y3,out_bounding_box_x4,out_bounding_box_y4
ROOM,514.90193,0.99484,1188.13793,0.99484,1188.13793,502.09963,514.90193,502.09963,514.90193,0.99484,1188.13793,0.99484,1188.13793,502.09963,514.90193,502.09963
SOFA,-105,-45,105,-45,105,45,-105,45,998.54443359375,57.30116271972655,998.54443359375,267.30116271972656,908.54443359375,267.30116271972656,908.54443359375,57.30116271972658
SEATING,-46.5,-42.3,46.5,-42.3,46.5,42.3,-46.5,42.3,717.2336424112601,350.74015521272986,624.2336424112601,350.7401548458639,624.2336427449899,266.1401548458639,717.2336427449899,266.14015521272984
SEATING,-46.5,-42.3,46.5,-42.3,46.5,42.3,-46.5,42.3,844.3108518839164,350.74015521272986,751.3108518839164,350.7401548458639,751.3108522176461,266.1401548458639,844.3108522176461,266.14015521272984
SEATING,-46.5,-42.3,46.5,-42.3,46.5,42.3,-46.5,42.3,756.7162475157546,0.591403245334881,849.7162475157546,0.5914031511494997,849.7162476014329,85.1914031511495,756.7162476014329,85.19140324533487
SEATING,-46.5,-42.3,46.5,-42.3,46.5,42.3,-46.5,42.3,625.1062011290359,0.591403245334881,718.1062011290359,0.5914031511494997,718.1062012147141,85.1914031511495,625.1062012147141,85.19140324533487
