in_product_family,in_bounding_box_x1,in_bounding_box_y1,in_bounding_box_x2,in_bounding_box_y2,in_bounding_box_x3,in_bounding_box_y3,in_bounding_box_x4,in_bounding_box_y4,out_bounding_box_x1,out_bounding_box_y1,out_bounding_box_x2,out_bounding_box_y2,out_bounding_box_x3,out_bounding_box_y3,out_bounding_box_x4,out_bounding_box_y4
ROOM,585.82027,-132.85876,1192.79344,-132.85876,1192.79344,888.25636,585.82027,888.25636,585.82027,-132.85876,1192.79344,-132.85876,1192.79344,888.25636,585.82027,888.25636
SOFA,-94.5,-48.3,94.5,-48.3,94.5,48.3,-94.5,48.3,935.2804077148438,628.7680053710938,935.2804077148437,817.7680053710938,838.6804077148437,817.7680053710938,838.6804077148438,628.7680053710938
SEATING,-27.65,-29.35,27.65,-29.35,27.65,29.35,-27.65,29.35,673.3921752929688,518.4452880859375,728.6921752929687,518.4452880859375,728.6921752929687,577.1452880859375,673.3921752929688,577.1452880859375
SEATING,-27.65,-29.35,27.65,-29.35,27.65,29.35,-27.65,29.35,751.84755859375,518.4452880859375,807.14755859375,518.4452880859375,807.14755859375,577.1452880859375,751.84755859375,577.1452880859375
