in_product_family,in_bounding_box_x1,in_bounding_box_y1,in_bounding_box_x2,in_bounding_box_y2,in_bounding_box_x3,in_bounding_box_y3,in_bounding_box_x4,in_bounding_box_y4,out_bounding_box_x1,out_bounding_box_y1,out_bounding_box_x2,out_bounding_box_y2,out_bounding_box_x3,out_bounding_box_y3,out_bounding_box_x4,out_bounding_box_y4
ROOM,620.79969,-557.27894,1354.18031,-557.27894,1354.18031,224.02978,620.79969,224.02978,620.79969,-557.27894,1354.18031,-557.27894,1354.18031,224.02978,620.79969,224.02978
TABLE,-94.7,-49.9,94.7,-49.9,94.7,49.9,-94.7,49.9,1228.5125553843418,79.27345452301351,1042.9392396612739,41.39332131909538,1062.8993098500332,-56.39029488556234,1248.4726255731011,-18.510161681644206
SEATING,-22.75,-26.05,22.75,-26.05,22.75,26.05,-22.75,26.05,1101.9095330915297,-59.70275231055812,1146.4902398782224,-50.60272031067283,1136.0702032365953,0.4446384494741338,1091.4894964499026,-8.655393550411155
SEATING,-22.75,-26.05,22.75,-26.05,22.75,26.05,-22.75,26.05,1118.0421270647203,70.22728272132473,1073.4614202780276,61.127250721439424,1083.8814569196547,10.079891961292464,1128.4621637063474,19.17992396117776
SEATING,-22.75,-26.05,22.75,-26.05,22.75,26.05,-22.75,26.05,1182.2889276227797,-43.295309263988294,1226.8696344094724,-34.195277264103005,1216.4495977678453,16.852081496043958,1171.8688909811526,7.752049496158669
SEATING,-22.75,-26.05,22.75,-26.05,22.75,26.05,-22.75,26.05,1199.5149053850328,86.85790177039699,1154.9341985983401,77.75786977051169,1165.3542352399672,26.71051101036473,1209.9349420266599,35.81054301025003
SOFA,-99,-48.5,99,-48.5,99,48.5,-99,48.5,731.4165631017031,-168.513339943009,925.4161223053326,-128.91320069076093,906.0160540857969,-33.87301259605351,712.0164948821674,-73.47315184830158
STORAGE_FURNITURE,-90,-24.5,90,-24.5,90,24.5,-90,24.5,1097.0889126008428,194.40937139233074,920.7256769611797,158.40924479937792,930.5257114225946,110.39925287524738,1106.8889470622578,146.3993794682002
