in_product_family,in_bounding_box_x1,in_bounding_box_y1,in_bounding_box_x2,in_bounding_box_y2,in_bounding_box_x3,in_bounding_box_y3,in_bounding_box_x4,in_bounding_box_y4,out_bounding_box_x1,out_bounding_box_y1,out_bounding_box_x2,out_bounding_box_y2,out_bounding_box_x3,out_bounding_box_y3,out_bounding_box_x4,out_bounding_box_y4
ROOM,-890.74349,527.98758,-47.59768,527.98758,-47.59768,904.7393,-890.74349,904.7393,-890.74349,527.98758,-47.59768,527.98758,-47.59768,904.7393,-890.74349,904.7393
TABLE,-70.3,-35,70.3,-35,70.3,35,-70.3,35,-289.9607849121094,770.81416015625,-289.9607849121094,630.21416015625,-219.96078491210935,630.21416015625,-219.9607849121094,770.81416015625
SEATING,-27.4,-24.9,27.4,-24.9,27.4,24.9,-27.4,24.9,-219.95078125,611.6030517578125,-165.15078125,611.6030517578125,-165.15078125,661.4030517578125,-219.95078125,661.4030517578125
SEATING,-27.4,-24.9,27.4,-24.9,27.4,24.9,-27.4,24.9,-218.86849060058594,682.1451049804688,-164.06849060058593,682.1451049804688,-164.06849060058593,731.9451049804687,-218.86849060058594,731.9451049804687
SEATING,-27.4,-24.9,27.4,-24.9,27.4,24.9,-27.4,24.9,-344.7707885742187,615.635888671875,-289.9707885742188,615.635888671875,-289.9707885742188,665.435888671875,-344.7707885742187,665.435888671875
SEATING,-27.4,-24.9,27.4,-24.9,27.4,24.9,-27.4,24.9,-347.4530090332031,679.9280639648438,-292.65300903320315,679.9280639648438,-292.65300903320315,729.7280639648437,-347.4530090332031,729.7280639648437
SEATING,-27.4,-24.9,27.4,-24.9,27.4,24.9,-27.4,24.9,-283.16075744628904,551.2867065429688,-228.36075744628906,551.2867065429688,-228.36075744628906,601.0867065429687,-283.16075744628904,601.0867065429687
SEATING,-27.4,-24.9,27.4,-24.9,27.4,24.9,-27.4,24.9,-278.72679748535154,781.9088989257813,-223.92679748535156,781.9088989257813,-223.92679748535156,831.7088989257812,-278.72679748535154,831.7088989257812
SOFA,-98,-50,98,-50,98,50,-98,50,-413.5488586425781,864.6973876953125,-609.5488586425781,864.6973876953125,-609.5488586425781,764.6973876953125,-413.5488586425781,764.6973876953125
