in_product_family,in_bounding_box_x1,in_bounding_box_y1,in_bounding_box_x2,in_bounding_box_y2,in_bounding_box_x3,in_bounding_box_y3,in_bounding_box_x4,in_bounding_box_y4,out_bounding_box_x1,out_bounding_box_y1,out_bounding_box_x2,out_bounding_box_y2,out_bounding_box_x3,out_bounding_box_y3,out_bounding_box_x4,out_bounding_box_y4
ROOM,-204.37881,-316.34146,39.80189,-316.34146,39.80189,439.62687,-204.37881,439.62687,-204.37881,-316.34146,39.80189,-316.34146,39.80189,439.62687,-204.37881,439.62687
RADIATOR,-50.45,-7.5,50.45,-7.5,50.45,7.5,-50.45,7.5,-204.3672180175781,32.79910774230957,-204.36721801757815,-68.10089225769043,-189.36721801757815,-68.10089225769043,-189.3672180175781,32.79910774230957
STORAGE_FURNITURE,-75,-20,75,-20,75,20,-75,20,-184.28292846679685,74.47999137640001,-184.2829284667969,-75.52000862359999,-144.2829284667969,-75.52000862360002,-144.28292846679685,74.47999137639998
SOFA,-107,-45,107,-45,107,45,-107,45,-204.36721801757807,306.989990234375,-204.36721801757818,92.98999023437501,-114.36721801757817,92.98999023437499,-114.36721801757808,306.989990234375
STORAGE_FURNITURE,-45,-20,45,-20,45,20,-45,20,-189.2278594970703,-316.3310241699219,-99.22785949707031,-316.3310241699219,-99.22785949707031,-276.3310241699219,-189.2278594970703,-276.3310241699219
