in_product_family,in_bounding_box_x1,in_bounding_box_y1,in_bounding_box_x2,in_bounding_box_y2,in_bounding_box_x3,in_bounding_box_y3,in_bounding_box_x4,in_bounding_box_y4,out_bounding_box_x1,out_bounding_box_y1,out_bounding_box_x2,out_bounding_box_y2,out_bounding_box_x3,out_bounding_box_y3,out_bounding_box_x4,out_bounding_box_y4
ROOM,512.22433,-572.12839,1265.11616,-572.12839,1265.11616,-237.7684,512.22433,-237.7684,512.22433,-572.12839,1265.11616,-572.12839,1265.11616,-237.7684,512.22433,-237.7684
SOFA,-99,-48.5,99,-48.5,99,48.5,-99,48.5,887.8375854492188,-299.603271484375,887.8375854492188,-497.603271484375,984.8375854492188,-497.603271484375,984.8375854492188,-299.603271484375
DECORATION,-100,-70,100,-70,100,70,-100,70,1179.6453857421875,-479.330322265625,1179.6453857421875,-279.330322265625,1039.6453857421875,-279.330322265625,1039.6453857421875,-479.330322265625
SOFA,-99,-48.5,99,-48.5,99,48.5,-99,48.5,1002.2752685546875,-603.03857421875,1200.2752685546875,-603.03857421875,1200.2752685546875,-506.03857421875,1002.2752685546875,-506.03857421875
TABLE,-95.75,-47.3,95.75,-47.3,95.75,47.3,-95.75,47.3,741.3274658203126,-574.0597229003906,741.3274658203125,-382.5597229003906,646.7274658203124,-382.5597229003906,646.7274658203125,-574.0597229003906
