in_product_family,in_bounding_box_x1,in_bounding_box_y1,in_bounding_box_x2,in_bounding_box_y2,in_bounding_box_x3,in_bounding_box_y3,in_bounding_box_x4,in_bounding_box_y4,out_bounding_box_x1,out_bounding_box_y1,out_bounding_box_x2,out_bounding_box_y2,out_bounding_box_x3,out_bounding_box_y3,out_bounding_box_x4,out_bounding_box_y4
ROOM,-444.60233,-694.08345,195.72255,-694.08345,195.72255,-19.31076,-444.60233,-19.31076,-444.60233,-694.08345,195.72255,-694.08345,195.72255,-19.31076,-444.60233,-19.31076
SOFA,-122,-47,122,-47,122,47,-122,47,-158.40920257568362,-60.1118621826172,-158.40920257568357,-304.1118621826172,-64.40920257568357,-304.1118621826172,-64.40920257568362,-60.11186218261717
SOFA,-122,-47,122,-47,122,47,-122,47,195.71253967285153,-304.0098419189453,195.7125396728516,-60.00984191894533,101.71253967285159,-60.0098419189453,101.71253967285153,-304.0098419189453
TABLE,-60.15,-24.85,60.15,-24.85,60.15,24.85,-60.15,24.85,43.48022041320799,-244.69371643066407,43.48022041320803,-124.39371643066407,-6.219779586791976,-124.39371643066406,-6.219779586792011,-244.69371643066404
