in_product_family,in_bounding_box_x1,in_bounding_box_y1,in_bounding_box_x2,in_bounding_box_y2,in_bounding_box_x3,in_bounding_box_y3,in_bounding_box_x4,in_bounding_box_y4,out_bounding_box_x1,out_bounding_box_y1,out_bounding_box_x2,out_bounding_box_y2,out_bounding_box_x3,out_bounding_box_y3,out_bounding_box_x4,out_bounding_box_y4
ROOM,-484,-264.01,152.918,-264.01,152.918,488.41,-484,488.41,-484,-264.01,152.918,-264.01,152.918,488.41,-484,488.41
SOFA,-109.85,-92.25,109.85,-92.25,109.85,92.25,-109.85,92.25,-441.8080064711438,-252.31893157614792,-222.1080064711438,-252.31893157614792,-222.1080064711438,-67.81893157614792,-441.8080064711438,-67.81893157614792
SOFA,-89.65,-47.05,89.65,-47.05,89.65,47.05,-89.65,47.05,-226.587485029428,-27.135337967983425,-226.58748502942808,152.1646620320166,-320.68748502942805,152.16466203201657,-320.687485029428,-27.135337967983453
SOFA,-89.65,-47.05,89.65,-47.05,89.65,47.05,-89.65,47.05,-499.39997558593745,157.66928710937503,-499.3999755859375,-21.63071289062499,-405.29997558593755,-21.63071289062502,-405.2999755859375,157.66928710937498
SOFA,-89.65,-47.05,89.65,-47.05,89.65,47.05,-89.65,47.05,-499.39997558593745,-24.690713500976543,-499.3999755859375,-203.99071350097654,-405.29997558593755,-203.9907135009766,-405.2999755859375,-24.69071350097657
TABLE,-58.25,-102.25,58.25,-102.25,58.25,102.25,-58.25,102.25,-417.5693359375,-160.90663146972656,-301.0693359375,-160.90663146972656,-301.0693359375,43.59336853027344,-417.5693359375,43.59336853027344
STORAGE_FURNITURE,-50.6,-15.65,50.6,-15.65,50.6,15.65,-50.6,15.65,-503.5828852937501,-243.75810283086255,-402.38288529375006,-243.75810283086255,-402.38288529375006,-212.45810283086254,-503.5828852937501,-212.45810283086254
DECORATION,-85,-60,85,-60,85,60,-85,60,-444.8250186742003,-92.09299993753729,-274.8250186742003,-92.09299993753729,-274.8250186742003,27.907000062462714,-444.8250186742003,27.907000062462714
TABLE,-94.7,-49.9,94.7,-49.9,94.7,49.9,-94.7,49.9,-510.7499755859375,351.98930664062505,-510.74997558593753,162.589306640625,-410.9499755859375,162.58930664062498,-410.94997558593747,351.989306640625
