in_product_family,in_bounding_box_x1,in_bounding_box_y1,in_bounding_box_x2,in_bounding_box_y2,in_bounding_box_x3,in_bounding_box_y3,in_bounding_box_x4,in_bounding_box_y4,out_bounding_box_x1,out_bounding_box_y1,out_bounding_box_x2,out_bounding_box_y2,out_bounding_box_x3,out_bounding_box_y3,out_bounding_box_x4,out_bounding_box_y4
ROOM,8517.03672,9101.5971,9145.86557,9101.5971,9145.86557,9701.3723,8517.03672,9701.3723,8517.03672,9101.5971,9145.86557,9101.5971,9145.86557,9701.3723,8517.03672,9701.3723
SOFA,-125.5,-81.75,125.5,-81.75,125.5,81.75,-125.5,81.75,8894.85546875,9343.5185546875,9145.85546875,9343.5185546875,9145.85546875,9507.0185546875,8894.85546875,9507.0185546875
STORAGE_FURNITURE,-45,-20,45,-20,45,20,-45,20,9075.845703125,9701.3720703125,8985.845703125,9701.3720703125,8985.845703125,9661.3720703125,9075.845703125,9661.3720703125
STORAGE_FURNITURE,-40,-29.65,40,-29.65,40,29.65,-40,29.65,9165.85546875,9711.0220703125,9085.85546875,9711.0220703125,9085.85546875,9651.7220703125,9165.85546875,9651.7220703125
