in_product_family,in_bounding_box_x1,in_bounding_box_y1,in_bounding_box_x2,in_bounding_box_y2,in_bounding_box_x3,in_bounding_box_y3,in_bounding_box_x4,in_bounding_box_y4,out_bounding_box_x1,out_bounding_box_y1,out_bounding_box_x2,out_bounding_box_y2,out_bounding_box_x3,out_bounding_box_y3,out_bounding_box_x4,out_bounding_box_y4
ROOM,-473.97586,-1138.74863,233.5712,-1138.74863,233.5712,-57.46912,-473.97586,-57.46912,-473.97586,-1138.74863,233.5712,-1138.74863,233.5712,-57.46912,-473.97586,-57.46912
SOFA,-109.85,-92.25,109.85,-92.25,109.85,92.25,-109.85,92.25,56.149001557924976,-1138.7382373282403,69.57666941053586,-919.448958666378,-114.57841439972185,-908.1726513436346,-128.00608225233273,-1127.4619300054972
STORAGE_FURNITURE,-90,-22.5,90,-22.5,90,22.5,-90,22.5,-313.0354501154957,-935.7946784042383,-324.0367348769799,-1115.4581742335156,-279.1208609196606,-1118.2084954238867,-268.11957615817636,-938.5449995946094
SEATING,-64.6,-20.3,64.6,-20.3,64.6,20.3,-64.6,20.3,-20.883521523661326,-776.4396386700506,-11.928293605091628,-647.5503687794718,-52.430649313741014,-644.7362646502619,-61.38587723231072,-773.6255345408407
SEATING,-64.6,-20.3,64.6,-20.3,64.6,20.3,-64.6,20.3,-15.508277383036326,-699.0760522442694,-6.553049464466628,-570.1867823536905,-47.055405173116014,-567.3726782244806,-56.01063309168572,-696.2619481150595
SEATING,-64.6,-20.3,64.6,-20.3,64.6,20.3,-64.6,20.3,-185.95655724859859,-565.0082667385515,-192.56578064906824,-694.0391086564538,-152.01893713616704,-696.1160008395735,-145.40971373569738,-567.0851589216712
SEATING,-64.6,-20.3,64.6,-20.3,64.6,20.3,-64.6,20.3,-189.92361352301265,-642.4567530666765,-196.5328369234823,-771.4875949845788,-155.9859934105811,-773.5644871676985,-149.37677001011144,-644.5336452497962
TABLE,-90.2,-45,90.2,-45,90.2,45,-90.2,45,-65.73966908066608,-763.4894254678156,-53.44224568255298,-583.5090560444601,-143.23289561659954,-577.3739778524969,-155.53031901471263,-757.3543472758524
