in_product_family,in_bounding_box_x1,in_bounding_box_y1,in_bounding_box_x2,in_bounding_box_y2,in_bounding_box_x3,in_bounding_box_y3,in_bounding_box_x4,in_bounding_box_y4,out_bounding_box_x1,out_bounding_box_y1,out_bounding_box_x2,out_bounding_box_y2,out_bounding_box_x3,out_bounding_box_y3,out_bounding_box_x4,out_bounding_box_y4
ROOM,253.30426,1.04,569.57428,1.04,569.57428,240.13372,253.30426,240.13372,253.30426,1.04,569.57428,1.04,569.57428,240.13372,253.30426,240.13372
TABLE,-70,-45,70,-45,70,45,-70,45,569.5735473632812,165.68975067138672,429.57354736328125,165.68975067138672,429.57354736328125,75.68975067138672,569.5735473632812,75.68975067138672
SEATING,-24.15,-28.45,24.15,-28.45,24.15,28.45,-24.15,28.45,494.8205932617187,223.6309387207031,446.5205932617188,223.6309387207031,446.5205932617188,166.73093872070314,494.8205932617187,166.73093872070314
SEATING,-24.15,-28.45,24.15,-28.45,24.15,28.45,-24.15,28.45,517.1413818359375,18.779782104492188,565.4413818359375,18.779782104492188,565.4413818359375,75.67978210449219,517.1413818359375,75.67978210449219
SEATING,-24.15,-28.45,24.15,-28.45,24.15,28.45,-24.15,28.45,555.6315506974234,226.28151322489708,507.3547964943538,224.7831796117111,509.1199141463266,167.91056441182167,557.3966683493961,169.40889802500766
SEATING,-24.15,-28.45,24.15,-28.45,24.15,28.45,-24.15,28.45,451.9424987792969,18.779782104492188,500.24249877929685,18.779782104492188,500.24249877929685,75.67978210449219,451.9424987792969,75.67978210449219
SOFA,-56.9,-29.85,56.9,-29.85,56.9,29.85,-56.9,29.85,253.3142761230469,134.84329071044922,253.31427612304685,21.043290710449234,313.01427612304684,21.043290710449206,313.0142761230469,134.8432907104492
