in_product_family,in_bounding_box_x1,in_bounding_box_y1,in_bounding_box_x2,in_bounding_box_y2,in_bounding_box_x3,in_bounding_box_y3,in_bounding_box_x4,in_bounding_box_y4,out_bounding_box_x1,out_bounding_box_y1,out_bounding_box_x2,out_bounding_box_y2,out_bounding_box_x3,out_bounding_box_y3,out_bounding_box_x4,out_bounding_box_y4
ROOM,554.5578,-363.2898,883.0828,-363.2898,883.0828,187.488,554.5578,187.488,554.5578,-363.2898,883.0828,-363.2898,883.0828,187.488,554.5578,187.488
STORAGE_FURNITURE,-60,-25,60,-25,60,25,-60,25,819.1307354115994,-90.35381205282476,819.1307391977756,29.64618794717518,769.1307391977756,29.646189524748593,769.1307354115994,-90.35381047525135
DECORATION,-74.5,-114,74.5,-114,74.5,114,-74.5,114,533.353387121948,-71.506409369101,657.9746063542649,-153.17985497445557,782.9514224483645,37.51570197164005,658.3302032160476,119.18914757699463
