in_product_family,in_bounding_box_x1,in_bounding_box_y1,in_bounding_box_x2,in_bounding_box_y2,in_bounding_box_x3,in_bounding_box_y3,in_bounding_box_x4,in_bounding_box_y4,out_bounding_box_x1,out_bounding_box_y1,out_bounding_box_x2,out_bounding_box_y2,out_bounding_box_x3,out_bounding_box_y3,out_bounding_box_x4,out_bounding_box_y4
ROOM,-581.68709,-433.01811,303.9387,-433.01811,303.9387,378.76454,-581.68709,378.76454,-581.68709,-433.01811,303.9387,-433.01811,303.9387,378.76454,-581.68709,378.76454
STORAGE_FURNITURE,-71,-19,71,-19,71,19,-71,19,-210.78598022460938,-434.81207275390625,-68.78598022460938,-434.81207275390625,-68.78598022460938,-396.81207275390625,-210.78598022460938,-396.81207275390625
TABLE,-91,-46.5,91,-46.5,91,46.5,-91,46.5,-37.87896728515625,-440.70001220703125,144.12103271484375,-440.70001220703125,144.12103271484375,-347.70001220703125,-37.87896728515625,-347.70001220703125
SOFA,-109.85,-92.25,109.85,-92.25,109.85,92.25,-109.85,92.25,-219.5639038085937,-328.1560607910156,-219.5639038085938,-108.4560607910156,-404.0639038085938,-108.45606079101566,-404.0639038085937,-328.15606079101565
