in_product_family,in_bounding_box_x1,in_bounding_box_y1,in_bounding_box_x2,in_bounding_box_y2,in_bounding_box_x3,in_bounding_box_y3,in_bounding_box_x4,in_bounding_box_y4,out_bounding_box_x1,out_bounding_box_y1,out_bounding_box_x2,out_bounding_box_y2,out_bounding_box_x3,out_bounding_box_y3,out_bounding_box_x4,out_bounding_box_y4
ROOM,-341.03918,-466.18943,327.96082,-466.18943,327.96082,-69,-341.03918,-69,-341.03918,-466.18943,327.96082,-466.18943,327.96082,-69,-341.03918,-69
SOFA,-77.95,-47.5,77.95,-47.5,77.95,47.5,-77.95,47.5,327.95082397460936,-202.41354370117188,172.0508239746094,-202.41354370117188,172.0508239746094,-297.4135437011719,327.95082397460936,-297.4135437011719
TABLE,-58.25,-56.95,58.25,-56.95,58.25,56.95,-58.25,56.95,-85.02742958068848,-312.9921142578125,31.472570419311523,-312.9921142578125,31.472570419311523,-199.0921142578125,-85.02742958068848,-199.0921142578125
