in_product_family,in_bounding_box_x1,in_bounding_box_y1,in_bounding_box_x2,in_bounding_box_y2,in_bounding_box_x3,in_bounding_box_y3,in_bounding_box_x4,in_bounding_box_y4,out_bounding_box_x1,out_bounding_box_y1,out_bounding_box_x2,out_bounding_box_y2,out_bounding_box_x3,out_bounding_box_y3,out_bounding_box_x4,out_bounding_box_y4
ROOM,26.35022,-459.3025,400,-459.3025,400,55.02671,26.35022,55.02671,26.35022,-459.3025,400,-459.3025,400,55.02671,26.35022,55.02671
TABLE,-60,-60,60,-60,60,60,-60,60,108.93019104003905,-459.29248046875,228.93019104003906,-459.29248046875,228.93019104003906,-339.29248046875,108.93019104003908,-339.29248046875
SEATING,-20.55,-25,20.55,-25,20.55,25,-20.55,25,50.47976684570312,-386.05223388671874,50.47976684570313,-427.15223388671876,100.47976684570312,-427.15223388671876,100.47976684570312,-386.05223388671874
STORAGE_FURNITURE,-67.6,-21.5,67.6,-21.5,67.6,21.5,-67.6,21.5,399.989990234375,-143.973420715332,399.989990234375,-8.773420715332023,356.989990234375,-8.773420715332051,356.989990234375,-143.97342071533205
SOFA,-112,-49.75,112,-49.75,112,49.75,-112,49.75,136.54191589355466,25.302604675292955,136.54191589355472,-198.69739532470703,236.04191589355472,-198.69739532470703,236.04191589355466,25.302604675292983
