in_product_family,in_bounding_box_x1,in_bounding_box_y1,in_bounding_box_x2,in_bounding_box_y2,in_bounding_box_x3,in_bounding_box_y3,in_bounding_box_x4,in_bounding_box_y4,out_bounding_box_x1,out_bounding_box_y1,out_bounding_box_x2,out_bounding_box_y2,out_bounding_box_x3,out_bounding_box_y3,out_bounding_box_x4,out_bounding_box_y4
ROOM,665.45959,-709.57505,1213.03791,-709.57505,1213.03791,24.4223,665.45959,24.4223,665.45959,-709.57505,1213.03791,-709.57505,1213.03791,24.4223,665.45959,24.4223
STORAGE_FURNITURE,-80.05,-18.6,80.05,-18.6,80.05,18.6,-80.05,18.6,1052.01103515625,-709.5650878906249,1212.11103515625,-709.565087890625,1212.11103515625,-672.3650878906251,1052.01103515625,-672.365087890625
DECORATION,-50,-75,50,-75,50,75,-50,75,963.6207275390625,-266.8780212402344,963.6207275390625,-166.8780212402344,813.6207275390625,-166.87802124023435,813.6207275390625,-266.8780212402344
