in_product_family,in_bounding_box_x1,in_bounding_box_y1,in_bounding_box_x2,in_bounding_box_y2,in_bounding_box_x3,in_bounding_box_y3,in_bounding_box_x4,in_bounding_box_y4,out_bounding_box_x1,out_bounding_box_y1,out_bounding_box_x2,out_bounding_box_y2,out_bounding_box_x3,out_bounding_box_y3,out_bounding_box_x4,out_bounding_box_y4
ROOM,-52.56949,-1130.73608,562.43051,-1130.73608,562.43051,-404.23857,-52.56949,-404.23857,-52.56949,-1130.73608,562.43051,-1130.73608,562.43051,-404.23857,-52.56949,-404.23857
LIGHTING,-6,-6,6,-6,6,6,-6,6,372.1640319824219,-977.8579711914062,384.1640319824219,-977.8579711914062,384.1640319824219,-965.8579711914062,372.1640319824219,-965.8579711914062
LIGHTING,-6,-6,6,-6,6,6,-6,6,108.69279479980469,-650.5507202148438,120.69279479980469,-650.5507202148438,120.69279479980469,-638.5507202148438,108.69279479980469,-638.5507202148438
LIGHTING,-6,-6,6,-6,6,6,-6,6,113.28765869140625,-976.376953125,125.28765869140625,-976.376953125,125.28765869140625,-964.376953125,113.28765869140625,-964.376953125
