in_product_family,in_bounding_box_x1,in_bounding_box_y1,in_bounding_box_x2,in_bounding_box_y2,in_bounding_box_x3,in_bounding_box_y3,in_bounding_box_x4,in_bounding_box_y4,out_bounding_box_x1,out_bounding_box_y1,out_bounding_box_x2,out_bounding_box_y2,out_bounding_box_x3,out_bounding_box_y3,out_bounding_box_x4,out_bounding_box_y4
ROOM,-539.16084,-285.41811,-24.07143,-285.41811,-24.07143,369.68685,-539.16084,369.68685,-539.16084,-285.41811,-24.07143,-285.41811,-24.07143,369.68685,-539.16084,369.68685
STORAGE_FURNITURE,-75,-22.5,75,-22.5,75,22.5,-75,22.5,-78.50181579589847,-252.2801513671875,-78.50181579589841,-102.2801513671875,-123.50181579589841,-102.2801513671875,-123.50181579589847,-252.2801513671875
TABLE,-40,-40,40,-40,40,40,-40,40,-361.2938537597656,-192.83206176757812,-281.2938537597656,-192.83206176757812,-281.2938537597656,-112.83206176757812,-361.2938537597656,-112.83206176757812
TABLE,-37,-37,37,-37,37,37,-37,37,-240.36349487304688,30.746246337890625,-166.36349487304688,30.746246337890625,-166.36349487304688,104.74624633789062,-240.36349487304688,104.74624633789062
SEATING,-30.2,-28.85,30.2,-28.85,30.2,28.85,-30.2,28.85,-290.49955115787617,-272.3548490370842,-240.60916753298605,-238.30915001707152,-273.1329561663426,-190.64896566018143,-323.02333979123273,-224.6946646801941
SOFA,-130.3,-83.7,130.3,-83.7,130.3,83.7,-130.3,83.7,-510.12288208007817,13.90721588134764,-510.12288208007806,-246.69278411865238,-342.7228820800781,-246.69278411865233,-342.7228820800782,13.907215881347696
