in_product_family,in_bounding_box_x1,in_bounding_box_y1,in_bounding_box_x2,in_bounding_box_y2,in_bounding_box_x3,in_bounding_box_y3,in_bounding_box_x4,in_bounding_box_y4,out_bounding_box_x1,out_bounding_box_y1,out_bounding_box_x2,out_bounding_box_y2,out_bounding_box_x3,out_bounding_box_y3,out_bounding_box_x4,out_bounding_box_y4
ROOM,-411.86842,-448.02191,317.18669,-448.02191,317.18669,275.21112,-411.86842,275.21112,-411.86842,-448.02191,317.18669,-448.02191,317.18669,275.21112,-411.86842,275.21112
TABLE,-87,-49,87,-49,87,49,-87,49,-180.2498779296875,-43.810161113739014,-6.2498779296875,-43.810161113739014,-6.2498779296875,54.189838886260986,-180.2498779296875,54.189838886260986
SEATING,-22.3,-24.4,22.3,-24.4,22.3,24.4,-22.3,24.4,-117.22409362792968,112.48987426757812,-161.8240936279297,112.48987426757813,-161.8240936279297,63.68987426757813,-117.22409362792969,63.68987426757812
SEATING,-22.3,-24.4,22.3,-24.4,22.3,24.4,-22.3,24.4,-16.714636911233807,113.91644127011284,-61.314636911233805,113.91644142031686,-61.314637075582596,65.11644142031685,-16.714637075582598,65.11644127011283
SEATING,-22.3,-24.4,22.3,-24.4,22.3,24.4,-22.3,24.4,-73.1777313232422,-107.10974731445312,-28.577731323242194,-107.10974731445313,-28.57773132324218,-58.30974731445313,-73.17773132324218,-58.30974731445312
SEATING,-22.3,-24.4,22.3,-24.4,22.3,24.4,-22.3,24.4,-167.4084442138672,-108.85028686523438,-122.80844421386719,-108.85028686523438,-122.80844421386719,-60.050286865234376,-167.4084442138672,-60.050286865234376
SOFA,-91,-45,91,-45,91,45,-91,45,-75.85067939758304,-181.42364501953125,-75.85067939758298,-363.42364501953125,14.14932060241702,-363.42364501953125,14.149320602416964,-181.42364501953125
STORAGE_FURNITURE,-80,-25,80,-25,80,25,-80,25,206.93836975097653,-350.8945007324219,206.9383697509766,-190.89450073242188,156.9383697509766,-190.89450073242188,156.93836975097653,-350.8945007324219
