in_product_family,in_bounding_box_x1,in_bounding_box_y1,in_bounding_box_x2,in_bounding_box_y2,in_bounding_box_x3,in_bounding_box_y3,in_bounding_box_x4,in_bounding_box_y4,out_bounding_box_x1,out_bounding_box_y1,out_bounding_box_x2,out_bounding_box_y2,out_bounding_box_x3,out_bounding_box_y3,out_bounding_box_x4,out_bounding_box_y4
ROOM,4166.31961,3829.68689,4966.38297,3829.68689,4966.38297,4629.68765,4166.31961,4629.68765,4166.31961,3829.68689,4966.38297,3829.68689,4966.38297,4629.68765,4166.31961,4629.68765
SOFA,-121.65,-78.15,121.65,-78.15,121.65,78.15,-121.65,78.15,4435.39267578125,3879.286767578125,4435.39267578125,4122.586767578125,4279.09267578125,4122.586767578125,4279.09267578125,3879.286767578125
TABLE,-100,-50,100,-50,100,50,-100,50,4682.23583984375,3908.1142578125,4882.23583984375,3908.1142578125,4882.23583984375,4008.1142578125,4682.23583984375,4008.1142578125
