in_product_family,in_bounding_box_x1,in_bounding_box_y1,in_bounding_box_x2,in_bounding_box_y2,in_bounding_box_x3,in_bounding_box_y3,in_bounding_box_x4,in_bounding_box_y4,out_bounding_box_x1,out_bounding_box_y1,out_bounding_box_x2,out_bounding_box_y2,out_bounding_box_x3,out_bounding_box_y3,out_bounding_box_x4,out_bounding_box_y4
ROOM,20.75,-336.25,385.75,-336.25,385.75,49.25,20.75,49.25,20.75,-336.25,385.75,-336.25,385.75,49.25,20.75,49.25
STORAGE_FURNITURE,-60,-23.75,60,-23.75,60,23.75,-60,23.75,17.323967178308067,-330.89968922174126,137.32396717830807,-330.899688219665,137.32396678165287,-283.399688219665,17.32396678165287,-283.39968922174126
SOFA,-77,-45,77,-45,77,45,-77,45,393.7400207519531,-222.1105499267578,393.7400207519531,-68.11054992675783,303.7400207519531,-68.1105499267578,303.7400207519531,-222.1105499267578
STORAGE_FURNITURE,-23.5,-24.15,23.5,-24.15,23.5,24.15,-23.5,24.15,67.41168060302735,-252.49330139160156,67.41168060302732,-205.49330139160156,19.11168060302733,-205.49330139160156,19.11168060302736,-252.49330139160156
TABLE,-55,-30,55,-30,55,30,-55,30,174.74139374912596,-100.50558485231818,199.58743041304376,-207.6628266145773,258.03683501063966,-194.11044297971307,233.19079834672186,-86.95320121745394
SEATING,-30.5,-35,30.5,-35,30.5,35,-30.5,35,252.15530073921485,-333.19410219307633,306.2132402692208,-304.9321282038056,273.78146683891015,-242.8984271037987,219.72352730890415,-271.1604010930694
SEATING,-39.35,-37.85,39.35,-37.85,39.35,37.85,-39.35,37.85,282.2333853991692,9.870835021537097,210.2119857272212,41.59792107263119,179.69431845825267,-27.678063109916003,251.71571813020068,-59.405149161010094
STORAGE_FURNITURE,-90,-25,90,-25,90,25,-90,25,21.714931488037085,79.23999500274658,21.714931488037134,-100.76000499725342,71.71493148803714,-100.76000499725342,71.71493148803708,79.23999500274658
DECORATION,-46.5,-2,46.5,-2,46.5,2,-46.5,2,385.7400207519531,-191.85235595703125,385.7400207519531,-98.85235595703125,381.7400207519531,-98.85235595703125,381.7400207519531,-191.85235595703125
