in_product_family,in_bounding_box_x1,in_bounding_box_y1,in_bounding_box_x2,in_bounding_box_y2,in_bounding_box_x3,in_bounding_box_y3,in_bounding_box_x4,in_bounding_box_y4,out_bounding_box_x1,out_bounding_box_y1,out_bounding_box_x2,out_bounding_box_y2,out_bounding_box_x3,out_bounding_box_y3,out_bounding_box_x4,out_bounding_box_y4
ROOM,81.93823,-1926.46439,605.36514,-1926.46439,605.36514,-1330.05682,81.93823,-1330.05682,81.93823,-1926.46439,605.36514,-1926.46439,605.36514,-1330.05682,81.93823,-1330.05682
SOFA,-95,-49.5,95,-49.5,95,49.5,-95,49.5,81.94822692871097,-1499.6763916015625,81.94822692871091,-1689.6763916015625,180.9482269287109,-1689.6763916015625,180.94822692871097,-1499.6763916015625
TABLE,-100,-50,100,-50,100,50,-100,50,246.3813781738281,-1500.8209228515625,246.38137817382815,-1700.8209228515625,346.3813781738281,-1700.8209228515625,346.3813781738281,-1500.8209228515625
STORAGE_FURNITURE,-86,-22.35,86,-22.35,86,22.35,-86,22.35,81.95635986328125,-1925.0976806640624,253.95635986328125,-1925.0976806640624,253.95635986328125,-1880.3976806640626,81.95635986328125,-1880.3976806640626
STORAGE_FURNITURE,-58,-21.5,58,-21.5,58,21.5,-58,21.5,253.96636962890625,-1925.09765625,369.96636962890625,-1925.09765625,369.96636962890625,-1882.09765625,253.96636962890625,-1882.09765625
STORAGE_FURNITURE,-86,-22.35,86,-22.35,86,22.35,-86,22.35,369.97637939453125,-1925.0976806640624,541.9763793945312,-1925.0976806640624,541.9763793945312,-1880.3976806640626,369.97637939453125,-1880.3976806640626
