in_product_family,in_bounding_box_x1,in_bounding_box_y1,in_bounding_box_x2,in_bounding_box_y2,in_bounding_box_x3,in_bounding_box_y3,in_bounding_box_x4,in_bounding_box_y4,out_bounding_box_x1,out_bounding_box_y1,out_bounding_box_x2,out_bounding_box_y2,out_bounding_box_x3,out_bounding_box_y3,out_bounding_box_x4,out_bounding_box_y4
ROOM,-1328.43629,-857.58501,-342.44629,-857.58501,-342.44629,-13.58501,-1328.43629,-13.58501,-1328.43629,-857.58501,-342.44629,-857.58501,-342.44629,-13.58501,-1328.43629,-13.58501
SOFA,-146,-76.8,146,-76.8,146,76.8,-146,76.8,-580.5170288085938,-479.45592041015624,-872.5170288085938,-479.4559204101563,-872.5170288085938,-633.0559204101562,-580.5170288085938,-633.0559204101562
STORAGE_FURNITURE,-100,-22.5,100,-22.5,100,22.5,-100,22.5,-829.7801513671875,-857.5750122070312,-629.7801513671875,-857.5750122070312,-629.7801513671875,-812.5750122070312,-829.7801513671875,-812.5750122070312
TABLE,-100,-47.65,100,-47.65,100,47.65,-100,47.65,-1219.3626708984375,-674.5815185546875,-1019.3626708984375,-674.5815185546875,-1019.3626708984375,-579.2815185546875,-1219.3626708984375,-579.2815185546875
VEGETATION,-42.45,-43,42.45,-43,42.45,43,-42.45,43,-1113.56328125,-463.5950012207031,-1028.66328125,-463.5950012207031,-1028.66328125,-377.5950012207031,-1113.56328125,-377.5950012207031
