in_product_family,in_bounding_box_x1,in_bounding_box_y1,in_bounding_box_x2,in_bounding_box_y2,in_bounding_box_x3,in_bounding_box_y3,in_bounding_box_x4,in_bounding_box_y4,out_bounding_box_x1,out_bounding_box_y1,out_bounding_box_x2,out_bounding_box_y2,out_bounding_box_x3,out_bounding_box_y3,out_bounding_box_x4,out_bounding_box_y4
ROOM,390.24576,-755.01006,913.91834,-755.01006,913.91834,-65.01093,390.24576,-65.01093,390.24576,-755.01006,913.91834,-755.01006,913.91834,-65.01093,390.24576,-65.01093
SOFA,-125.5,-81.75,125.5,-81.75,125.5,81.75,-125.5,81.75,390.4761916043179,-65.02094787751793,390.3929580102254,-316.020934077057,553.8929490206822,-316.0751519759977,553.9761826147746,-65.07516577645862
STORAGE_FURNITURE,-90,-22.5,90,-22.5,90,22.5,-90,22.5,906.5856323242188,-247.03359985351562,906.5856323242188,-67.03359985351561,861.5856323242188,-67.03359985351564,861.5856323242188,-247.03359985351562
TABLE,-90,-45,90,-45,90,45,-90,45,475.46374511718756,-404.14184570312494,475.46374511718744,-584.141845703125,565.4637451171874,-584.141845703125,565.4637451171876,-404.14184570312506
SEATING,-23.9,-25.95,23.9,-25.95,23.9,25.95,-23.9,25.95,620.4024536132813,-543.393896484375,620.4024536132813,-495.593896484375,568.5024536132812,-495.593896484375,568.5024536132812,-543.393896484375
SEATING,-23.9,-25.95,23.9,-25.95,23.9,25.95,-23.9,25.95,620.4024536132813,-475.7072509765625,620.4024536132813,-427.9072509765625,568.5024536132812,-427.9072509765625,568.5024536132812,-475.7072509765625
SEATING,-23.9,-25.95,23.9,-25.95,23.9,25.95,-23.9,25.95,414.50635986328126,-434.4496704101563,414.50635986328126,-482.2496704101562,466.40635986328124,-482.2496704101562,466.40635986328124,-434.4496704101563
SEATING,-23.9,-25.95,23.9,-25.95,23.9,25.95,-23.9,25.95,414.50635986328126,-496.3384033203125,414.50635986328126,-544.1384033203125,466.40635986328124,-544.1384033203125,466.40635986328124,-496.3384033203125
TABLE,-40,-40,40,-40,40,40,-40,40,553.9414672851562,-280.04505920410156,633.9414672851562,-280.04505920410156,633.9414672851562,-200.04505920410156,553.9414672851562,-200.04505920410156
