in_product_family,in_bounding_box_x1,in_bounding_box_y1,in_bounding_box_x2,in_bounding_box_y2,in_bounding_box_x3,in_bounding_box_y3,in_bounding_box_x4,in_bounding_box_y4,out_bounding_box_x1,out_bounding_box_y1,out_bounding_box_x2,out_bounding_box_y2,out_bounding_box_x3,out_bounding_box_y3,out_bounding_box_x4,out_bounding_box_y4
ROOM,1125.87727,-803.86453,1803.64611,-803.86453,1803.64611,-420.20452,1125.87727,-420.20452,1125.87727,-803.86453,1803.64611,-803.86453,1803.64611,-420.20452,1125.87727,-420.20452
SOFA,-109.85,-92.25,109.85,-92.25,109.85,92.25,-109.85,92.25,1583.9391845703126,-803.8572387695312,1803.6391845703124,-803.8572387695312,1803.6391845703124,-619.3572387695312,1583.9391845703126,-619.3572387695312
STORAGE_FURNITURE,-31.75,-9,31.75,-9,31.75,9,-31.75,9,1550.065673828125,-514.1616821289062,1550.065673828125,-577.6616821289062,1568.065673828125,-577.6616821289062,1568.065673828125,-514.1616821289062
STORAGE_FURNITURE,-37.5,-3,37.5,-3,37.5,3,-37.5,3,1544.1602783203125,-430.21453857421875,1469.1602783203125,-430.21453857421875,1469.1602783203125,-436.21453857421875,1544.1602783203125,-436.21453857421875
STORAGE_FURNITURE,-70,-22.5,70,-22.5,70,22.5,-70,22.5,1790.449951171875,-430.2145080566406,1650.449951171875,-430.2145080566406,1650.449951171875,-475.2145080566406,1790.449951171875,-475.2145080566406
TABLE,-50,-50,50,-50,50,50,-50,50,1408.7935791015625,-626.2230834960938,1508.7935791015625,-626.2230834960938,1508.7935791015625,-526.2230834960938,1408.7935791015625,-526.2230834960938
