in_product_family,in_bounding_box_x1,in_bounding_box_y1,in_bounding_box_x2,in_bounding_box_y2,in_bounding_box_x3,in_bounding_box_y3,in_bounding_box_x4,in_bounding_box_y4,out_bounding_box_x1,out_bounding_box_y1,out_bounding_box_x2,out_bounding_box_y2,out_bounding_box_x3,out_bounding_box_y3,out_bounding_box_x4,out_bounding_box_y4
ROOM,-509.60037,-52.03668,191.5799,-52.03668,191.5799,803.02754,-509.60037,803.02754,-509.60037,-52.03668,191.5799,-52.03668,191.5799,803.02754,-509.60037,803.02754
STORAGE_FURNITURE,-87.5,-20,87.5,-20,87.5,20,-87.5,20,191.56967163085935,510.5343017578125,191.5696716308594,685.5343017578125,151.5696716308594,685.5343017578125,151.56967163085935,510.5343017578125
SOFA,-130.3,-83.7,130.3,-83.7,130.3,83.7,-130.3,83.7,-98.13613433837885,703.2555053710938,-98.13613433837897,442.6555053710938,69.26386566162104,442.6555053710937,69.26386566162115,703.2555053710937
TABLE,-100,-50,100,-50,100,50,-100,50,73.61719795156988,134.13448951686166,73.61720375131094,334.13448951686155,-26.38279624868902,334.1344924167321,-26.38280204843008,134.1344924167322
SEATING,-64.6,-20.3,64.6,-20.3,64.6,20.3,-64.6,20.3,-66.99349551472612,344.6570951662137,-66.99347500529291,215.4570951662153,-26.393475005293414,215.45710161113007,-26.393495514726627,344.65710161112844
SEATING,-64.6,-20.3,64.6,-20.3,64.6,20.3,-64.6,20.3,-66.99214511189409,267.1076261720731,-66.99212460246088,137.90762617207469,-26.392124602461383,137.90763261698945,-26.392145111894596,267.1076326169878
SEATING,-64.6,-20.3,64.6,-20.3,64.6,20.3,-64.6,20.3,114.22610744064848,135.88882997773257,114.22611118728119,265.08882997773253,73.62611118728121,265.0888311550799,73.6261074406485,135.88883115508
SEATING,-64.6,-20.3,64.6,-20.3,64.6,20.3,-64.6,20.3,114.2280910832266,213.43845155976382,114.22809482985932,342.6384515597638,73.62809482985934,342.63845273711115,73.62809108322662,213.43845273711125
